<?xml version="1.0" standalone="yes"?>
<SourceTree>
	<Source>
		<Author>
			<List>Alifanov, V. R.</List>
			<List>Averianov, A. O.</List>
		</Author>
		<Year>2003</Year>
		<Title><em>Ferganasaurus verzilini</em>, gen. et sp. nov., a new neosauropod (Dinosauria, Saurischia, Sauropoda) from the Middle Jurassic of Fergana Valley, Kirghizia</Title>
		<Journal>Journal of Vertebrate Paleontology</Journal>
		<Volume>23</Volume>
		<Pages>358-372</Pages>
		<Booktitle/>
		<Publisher/>
		<City/>
		<Editor/>
	</Source>
	<Taxa number="23">
		<List recon_name="DELETE" recon_no="0">Ancestor</List>
		<List recon_name="Vulcanodon_karibaensis" recon_no="54979">Vulcanodon</List>
		<List recon_name="Barapasaurus_tagorei" recon_no="55547">Barapasaurus</List>
		<List recon_name="Datousaurus_bashanensis" recon_no="52771">Datousaurus</List>
		<List recon_name="Shunosaurus_lii" recon_no="56457">Shunosaurus</List>
		<List recon_name="Omeisaurus_tianfuensis" recon_no="56462">Omeisaurus</List>
		<List recon_name="Tehuelchesaurus_benitezii" recon_no="66569">Tehuelchesaurus</List>
		<List recon_name="Mamenchisaurus_hochuanensis,Mamenchisaurus_sinocanadorum" recon_no="56463;56541">Mamenchisaurus</List>
		<List recon_name="Euhelopus_zdanskyi" recon_no="54868">Euhelopus</List>
		<List recon_name="Patagosaurus_fariasi" recon_no="66448">Patagosaurus</List>
		<List recon_name="Cetiosaurus_oxoniensis" recon_no="66688">Cetiosaurus</List>
		<List recon_name="Jobaria_tiguidensis" recon_no="57436">Jobaria</List>
		<List recon_name="Ferganasaurus_verzilini" recon_no="67550">Ferganasaurus</List>
		<List recon_name="Nemegtosaurus_mongoliensis,Quaesitosaurus_orientalis" recon_no="54841;66618">Nemegtosauridae</List>
		<List recon_name="Rebbachisaurus_tessonei" recon_no="63873">Rebbachisaurus</List>
		<List recon_name="Apatosaurus_ajax,Apatosaurus_louisae,Barosaurus_lentus,Diplodocus_longus,Seismosaurus_halli" recon_no="52958;57752;54166;52920;66615">Diplodocidae</List>
		<List recon_name="Amargasaurus_cazaui,Dicraeosaurus_hansemanni,Dicraeosaurus_sattleri" recon_no="53962;65941;65942">Dicreasauridae</List>
		<List recon_name="Camarasaurus_grandis" recon_no="67181">Camarasaurus</List>
		<List recon_name="Haplocanthosaurus_delfsi,Haplocanthosaurus_priscus" recon_no="66582;64504">Haplocanthosaurus</List>
		<List recon_name="Brachiosaurus_altithorax" recon_no="54864">Brachiosaurus</List>
		<List recon_name="Andesaurus_delgadoi,Malawisaurus_dixeyi,Alamosaurus_sanjuanensis,Opisthocoelicaudia_skarzynskii,Saltasaurus_loricatus" recon_no="58918;57458;63399;57335;58838">Titanosauria</List>
		<List recon_name="Lapparentosaurus_madagascariensis" recon_no="66496">Lapparentosaurus</List>
		<List recon_name="Phuwiangosaurus_sirindhornae" recon_no="56410">Phuwiangosaurus</List>
	</Taxa>
	<Characters>
		<Molecular/>
		<Morphological number="205">
			<Type>Osteology</Type>
		</Morphological>
		<Behavioural/>
		<Other/>
	</Characters>
	<Analysis>
		<Type>Maximum Parsimony</Type>
	</Analysis>
	<Notes>Based on reanalysis of the original matrix.</Notes>
	<Filename>Alifanov_et_Averianov_2003a</Filename>
	<Parent>Upchurch_1998a</Parent>
	<Sibling/>
</SourceTree>
