<?xml version="1.0" standalone="yes"?>
<SourceTree>
	<Source>
		<Author>
			<List>Allain, R.</List>
			<List>Tykoski, R.</List>
			<List>Aquesbi, N.</List>
			<List>Jalil, N.-E.</List>
			<List>Monbaron, M.</List>
			<List>Russell, D.</List>
			<List>Taquet, P.</List>
		</Author>
		<Year>2007</Year>
		<Title>An abelisauroid (Dinosauria: Theropoda) from the Early Jurassic of the High Atlas Mountains, Morocco, and the radiation of ceratosaurs</Title>
		<Journal>Journal of Vertebrate Paleontology</Journal>
		<Volume>27</Volume>
		<Pages>610-624</Pages>
		<Booktitle/>
		<Publisher/>
		<City/>
		<Editor/>
	</Source>
	<Taxa number="34">
		<List recon_name="Marasuchus_lilloensis" recon_no="66342">Marasuchus</List>
		<List recon_name="Lesothosaurus_diagnosticus" recon_no="57574">Lesothosaurus</List>
		<List recon_name="Scutellosaurus_lawleri" recon_no="67088">Scutellosaurus</List>
		<List recon_name="Plateosaurus_engelhardti" recon_no="56683">Plateosaurus</List>
		<List recon_name="Herrerasaurus_ischigualastensis" recon_no="55000">Herrerasaurus</List>
		<List recon_name="Eoraptor_lunensis" recon_no="57454">Eoraptor</List>
		<List recon_name="Dilophosaurus_wetherilli" recon_no="57251">Dilophosaurus</List>
		<List recon_name="Zupaysaurus_rougieri" recon_no="54097">Zupaysaurus</List>
		<List recon_name="Liliensternus_liliensterni" recon_no="56379">Liliensternus</List>
		<List recon_name="Coelophysis_bauri" recon_no="55477">C_dot_bauri</List>
		<List recon_name="Coelophysis_rhodesiensis" recon_no="67921">C_dot_rhodesiensis</List>
		<List recon_name="Coelophysis_kayentakatae" recon_no="105154">C_dot_kayentakatae</List>
		<List recon_name="Segisaurus_halli" recon_no="55543">Segisaurus</List>
		<List recon_name="Coelophysidae_indet_MCZ_8817and9442to9469andTMM_43689" recon_no="55478">Shake_dash_N_dash_Bake</List>
		<List recon_name="Elaphrosaurus_bambergi" recon_no="55481">Elaphrosaurus</List>
		<List recon_name="Ceratosaurus_nasicornis" recon_no="54165">Ceratosaurus</List>
		<List recon_name="Spinostropheus_gautieri" recon_no="71393">Spinostropheus</List>
		<List recon_name="Berberosaurus_liassicus" recon_no="109009">Berberosaurus</List>
		<List recon_name="Xenotarsosaurus_bonapartei" recon_no="56394">Xenotarsosaurus</List>
		<List recon_name="Ilokelesia_aguadagrandensis" recon_no="54532">Ilokelesia</List>
		<List recon_name="Abelisaurus_comahuensis" recon_no="53945">Abelisaurus</List>
		<List recon_name="Majungatholus_athopus" recon_no="190519">Majungatholus</List>
		<List recon_name="Aucasaurus_garridoi" recon_no="54524">Aucasaurus</List>
		<List recon_name="Carnotaurus_sastrei" recon_no="54526">Carnotaurus</List>
		<List recon_name="Masiakasaurus_knopfleri" recon_no="56389">Masiakasaurus</List>
		<List recon_name="Noasaurus_leali" recon_no="54534">Noasaurus</List>
		<List recon_name="Torvosaurus_tanneri" recon_no="53375">Torvosaurus</List>
		<List recon_name="Dubreuillosaurus_valesdunensis" recon_no="71333">Dubreuillosaurus</List>
		<List recon_name="Eustreptospondylus_oxoniensis" recon_no="53377">Eustreptospondylus</List>
		<List recon_name="Irritator_challengeri" recon_no="64273">Irritator</List>
		<List recon_name="Baryonyx_walkeri" recon_no="53370">Baryonyx</List>
		<List recon_name="Cristatusaurus_lapparenti" recon_no="65150">Cristatusaurus</List>
		<List recon_name="Allosaurus_fragilis" recon_no="52962">Allosaurus</List>
		<List recon_name="Ornitholestes_hermanni" recon_no="55484">Ornitholestes</List>
	</Taxa>
	<Characters>
		<Molecular/>
		<Morphological number="264">
			<Type>Osteology</Type>
		</Morphological>
		<Behavioural/>
		<Other/>
	</Characters>
	<Analysis>
		<Type>Maximum Parsimony</Type>
	</Analysis>
	<Notes>Based on reanalysis of the original matrix.</Notes>
	<Filename>Allain_etal_2007a</Filename>
	<Parent/>
	<Sibling/>
</SourceTree>
