<?xml version="1.0" standalone="yes"?>
<SourceTree>
	<Source>
		<Author>
			<List>Allain, R.</List>
			<List>Aquesbi, N.</List>
		</Author>
		<Year>2008</Year>
		<Title>Anatomy and phylogenetic relationships of <em>Tazoudasaurus naimi</em> (Dinosauria, Sauropoda) from the late Early Jurassic of Morocco</Title>
		<Journal>Geodiversitas</Journal>
		<Volume>30</Volume>
		<Pages>345-424</Pages>
		<Booktitle/>
		<Publisher/>
		<City/>
		<Editor/>
	</Source>
	<Taxa number="23">
		<List recon_name="Lufengosaurus_magnus,Massospondylus_carinatus,Plateosaurus_engelhardti,Riojasaurus_incertus" recon_no="64306;56595;56683;56585">Prosauropoda</List>
		<List recon_name="Herrerasaurus_ischigualastensis" recon_no="55000">Herrerasaurus</List>
		<List recon_name="Antetonitrus_ingenipes" recon_no="57754">Antetonitrus</List>
		<List recon_name="Gongxianosaurus_shibeiensis" recon_no="66644">Gongxianosaurus</List>
		<List recon_name="Isanosaurus_attavipachi" recon_no="65148">Isanosaurus</List>
		<List recon_name="Vulcanodon_karibaensis" recon_no="54979">Vulcanodon</List>
		<List recon_name="Tazoudasaurus_naimi" recon_no="68536">Tazoudasaurus</List>
		<List recon_name="Shunosaurus_lii" recon_no="56457">Shunosaurus</List>
		<List recon_name="Barapasaurus_tagorei" recon_no="55547">Barapasaurus</List>
		<List recon_name="Patagosaurus_fariasi" recon_no="66448">Patagosaurus</List>
		<List recon_name="Omeisaurus_junghsiensis,Omeisaurus_tianfuensis" recon_no="56461;56462">Omeisaurus</List>
		<List recon_name="Mamenchisaurus_constructus,Mamenchisaurus_hochuanensis,Mamenchisaurus_sinocanadorum" recon_no="56460;56463;56541">Mamenchisaurus</List>
		<List recon_name="Jobaria_tiguidensis" recon_no="57436">Jobaria</List>
		<List recon_name="Camarasaurus_grandis" recon_no="67181">Camarasaurus</List>
		<List recon_name="Brachiosaurus_altithorax" recon_no="54864">Brachiosaurus</List>
		<List recon_name="Euhelopus_zdanskyi" recon_no="54868">Euhelopus</List>
		<List recon_name="Rapetosaurus_krausei" recon_no="57533">Rapetosaurus</List>
		<List recon_name="Opisthocoelicaudia_skarzynskii" recon_no="57335">Opisthocoelicaudia</List>
		<List recon_name="Saltasaurus_loricatus" recon_no="58838">Saltasaurus</List>
		<List recon_name="Nigersaurus_taqueti" recon_no="57367">Nigersaurus</List>
		<List recon_name="Dicraeosaurus_hansemanni" recon_no="65941">Dicraeosaurus</List>
		<List recon_name="Diplodocus_longus" recon_no="52920">Diplodocus</List>
		<List recon_name="Apatosaurus_ajax" recon_no="52958">Apatosaurus</List>
	</Taxa>
	<Characters>
		<Molecular/>
		<Morphological number="212">
			<Type>Osteology</Type>
		</Morphological>
		<Behavioural/>
		<Other/>
	</Characters>
	<Analysis>
		<Type>Maximum Parsimony</Type>
	</Analysis>
	<Notes>Based on reanalysis of the original matrix.</Notes>
	<Filename>Allain_et_Aquesbi_2008a</Filename>
	<Parent>Wilson_2002a</Parent>
	<Sibling/>
</SourceTree>
