<?xml version="1.0" standalone="yes"?>
<SourceTree>
	<Source>
		<Author>
			<List>Apaldetti, C.</List>
			<List>Martinez, R. N.</List>
			<List>Pol, D.</List>
			<List>Souter, T.</List>
		</Author>
		<Year>2014</Year>
		<Title>Redescription of the skull of <em>Coloradisaurus brevis</em> (Dinosauria, Sauropodomorpha) from the Late Triassic Los Colorados Formation of the Ischigualasto-Villa Union Basin, northwestern Argentina</Title>
		<Journal>Journal of Vertebrate Paleontology</Journal>
		<Volume>34</Volume>
		<Pages>1113-1132</Pages>
		<Booktitle/>
		<Publisher/>
		<City/>
		<Editor/>
	</Source>
	<Taxa number="39">
		<List recon_name="Euparkeria_capensis" recon_no="99170">Euparkeria</List>
		<List recon_name="Erpetosuchus_granti,Parasuchus_hislopi,Stagonolepis_robertsoni" recon_no="55572;159217;119075">Crurotarsi</List>
		<List recon_name="Marasuchus_lilloensis" recon_no="66342">Marasuchus</List>
		<List recon_name="Agnosphitys_cromhallensis" recon_no="53365">Agnosphitys</List>
		<List recon_name="Anchisaurus_polyzelus" recon_no="64382">Anchisaurus</List>
		<List recon_name="Antetonitrus_ingenipes" recon_no="57754">Antetonitrus</List>
		<List recon_name="Cetiosaurus_oxoniensis" recon_no="66688">Cetiosaurus</List>
		<List recon_name="Efraasia_minor" recon_no="91403">Efraasia</List>
		<List recon_name="Eoraptor_lunensis" recon_no="57454">Eoraptor</List>
		<List recon_name="Gongxianosaurus_shibeiensis" recon_no="66644">Gongxianosaurus</List>
		<List recon_name="Herrerasaurus_ischigualastensis" recon_no="55000">Herrerasaurus</List>
		<List recon_name="Jingshanosaurus_xinwaensis" recon_no="64138">Jingshanosaurus</List>
		<List recon_name="Lufengosaurus_huenei" recon_no="56597">Lufengosaurus</List>
		<List recon_name="Mamenchisaurus_anyuensis,Mamenchisaurus_constructus,Mamenchisaurus_hochuanensis,Mamenchisaurus_jingyanensis,Mamenchisaurus_sinocanadorum,Mamenchisaurus_youngi" recon_no="71839;56460;56463;56464;56541;71838">Mamenchisaurus</List>
		<List recon_name="Melanorosaurus_readi" recon_no="54980">Melanorosaurus</List>
		<List recon_name="Amphicoelias_altus,Apatosaurus_louisae,Barosaurus_lentus,Brontosaurus_excelsus,Camarasaurus_supremus,Dicraeosaurus_hansemanni,Dicraeosaurus_sattleri,Giraffatitan_brancai,Haplocanthosaurus_priscus,Limaysaurus_tessonei" recon_no="53181;57752;54166;52982;54168;65941;65942;92308;64504;63874">Neosauropoda</List>
		<List recon_name="Allosaurus_fragilis,Ceratosaurus_nasicornis,Coelophysis_bauri,Coelophysis_kayentakatae,Coelophysis_rhodesiensis,Dilophosaurus_wetherilli,Dracovenator_regenti,Elaphrosaurus_bambergi,Gojirasaurus_quayi,Liliensternus_liliensterni,Sinraptor_dongi" recon_no="52962;54165;55477;105154;67921;57251;108769;55481;65490;56379;54821">Neotheropoda</List>
		<List recon_name="Omeisaurus_changshouensis,Omeisaurus_fuxiensis,Omeisaurus_junghsiensis,Omeisaurus_maoianus,Omeisaurus_tianfuensis" recon_no="56467;65668;56461;91402;56462">Omeisaurus</List>
		<List recon_name="Heterodontosaurus_tucki,Hypsilophodon_foxii,Lesothosaurus_diagnosticus,Scelidosaurus_harrisonii,Scutellosaurus_lawleri" recon_no="52902;54190;57574;53042;67088">Ornithischia</List>
		<List recon_name="Patagosaurus_fariasi" recon_no="66448">Patagosaurus</List>
		<List recon_name="Plateosaurus_engelhardti" recon_no="56683">Plateosaurus_engelhardti</List>
		<List recon_name="Plateosaurus_gracilis" recon_no="56596">Plateosaurus_gracilis</List>
		<List recon_name="Riojasaurus_incertus" recon_no="56585">Riojasaurus</List>
		<List recon_name="Saturnalia_tupiniquim" recon_no="68124">Saturnalia</List>
		<List recon_name="Shunosaurus_lii" recon_no="56457">Shunosaurus</List>
		<List recon_name="Silesaurus_opolensis" recon_no="81776">Silesaurus</List>
		<List recon_name="Staurikosaurus_pricei" recon_no="55001">Staurikosaurus</List>
		<List recon_name="Tazoudasaurus_naimi" recon_no="68536">Tazoudasaurus</List>
		<List recon_name="Thecodontosaurus_antiquus" recon_no="56627">Thecodontosaurus</List>
		<List recon_name="Pantydraco_caducus" recon_no="119230">Pantydraco</List>
		<List recon_name="Unaysaurus_tolentinoi" recon_no="62959">Unaysaurus</List>
		<List recon_name="Yunnanosaurus_huangi" recon_no="56629">Yunnanosaurus</List>
		<List recon_name="Aardonyx_celestae" recon_no="157363">Aardonyx</List>
		<List recon_name="Massospondylus_carinatus" recon_no="56595">Massospondylus</List>
		<List recon_name="Seitaad_ruessi" recon_no="165045">Seitaad</List>
		<List recon_name="Adeopapposaurus_mognai" recon_no="146362">Adeopapposaurus</List>
		<List recon_name="Sarahsaurus_aurifontanalis" recon_no="171911">Sarahsaurus</List>
		<List recon_name="Coloradisaurus_brevis" recon_no="68584">Coloradisaurus</List>
		<List recon_name="Leyesaurus_marayensis" recon_no="242729">Leyesaurus</List>
	</Taxa>
	<Characters>
		<Molecular/>
		<Morphological number="120">
			<Type>Osteology</Type>
		</Morphological>
		<Behavioural/>
		<Other/>
	</Characters>
	<Analysis>
		<Type>Maximum Parsimony</Type>
	</Analysis>
	<Notes>Based on reanalysis of the original matrix.</Notes>
	<Filename>Apaldetti_etal_2014ab</Filename>
	<Parent>Apaldetti_etal_2013aa</Parent>
	<Sibling/>
</SourceTree>
