<?xml version="1.0" standalone="yes"?>
<SourceTree>
	<Source>
		<Author>
			<List>Arbour, V. M.</List>
			<List>Currie, P. J.</List>
		</Author>
		<Year>2013</Year>
		<Title><em>Euoplocephalus tutus</em> and the diversity of ankylosaurid dinosaurs in the Late Cretaceous of Alberta, Canada, and Montana, USA</Title>
		<Journal>PLOS ONE</Journal>
		<Volume>8</Volume>
		<Pages>e62421</Pages>
		<Booktitle/>
		<Publisher/>
		<City/>
		<Editor/>
	</Source>
	<Taxa number="18">
		<List recon_name="Lesothosaurus_diagnosticus" recon_no="57574">Lesothosaurus_diagnotsicus</List>
		<List recon_name="Scelidosaurus_harrisonii" recon_no="53042">Scelidosaurus</List>
		<List recon_name="Stegosaurus_armatus,Stegosaurus_homheni,Stegosaurus_mjosi" recon_no="52941;142523;142522">Stegosaurus</List>
		<List recon_name="Edmontonia_longiceps,Edmontonia_rugosidens" recon_no="63920;66027">Edmontonia</List>
		<List recon_name="Ankylosaurus_magniventris" recon_no="52793">Ankylosaurus_marginoventris</List>
		<List recon_name="Anodontosaurus_lambei" recon_no="63440">Anodontosaurus_lambei</List>
		<List recon_name="Dyoplosaurus_acutosquameus" recon_no="63898">Dyoplosaurus_acutosquameus</List>
		<List recon_name="Euoplocephalus_tutus" recon_no="63917">Euoplocephalus_tutus</List>
		<List recon_name="Minotaurasaurus_ramachandrani" recon_no="148133">Minotaurasaurus_ramachandrani</List>
		<List recon_name="Nodocephalosaurus_kirtlandensis" recon_no="68008">Nodocephalosaurus_kirtlandensis</List>
		<List recon_name="Pinacosaurus_grangeri" recon_no="52911">Pinacosaurus_grangeri</List>
		<List recon_name="Pinacosaurus_mephistocephalus" recon_no="57343">Pinacosaurus_mephistocephalus</List>
		<List recon_name="Saichania_chulsanensis" recon_no="52910">Saichania_chulsanensis</List>
		<List recon_name="Scolosaurus_cutleri" recon_no="66259">Scolosaurus_cutleri</List>
		<List recon_name="Talarurus_plicatospineus" recon_no="52797">Talarurus_plicatospineus</List>
		<List recon_name="Tarchia_gigantea" recon_no="52905">Tarchia_gigantea</List>
		<List recon_name="Tianzhenosaurus_youngi" recon_no="66504">Tianzhenosaurus_youngi</List>
		<List recon_name="Tsagantegia_longicranialis" recon_no="68199">Tsagantegia_longicranialis</List>
	</Taxa>
	<Characters>
		<Molecular/>
		<Morphological number="170">
			<Type>Osteology</Type>
		</Morphological>
		<Behavioural/>
		<Other/>
	</Characters>
	<Analysis>
		<Type>Maximum Parsimony</Type>
	</Analysis>
	<Notes>Based on reanalysis of the original matrix.</Notes>
	<Filename>Arbour_et_Currie_2013aa</Filename>
	<Parent>Thompson_etal_2012a</Parent>
	<Sibling/>
</SourceTree>
