<?xml version="1.0" standalone="yes"?>
<SourceTree>
	<Source>
		<Author>
			<List>Arbour, V. M.</List>
			<List>Burns, M. E.</List>
			<List>Sissons, R. L.</List>
		</Author>
		<Year>2009</Year>
		<Title>A redescription of the ankylosaurid dinosaur <em>Dyoplosaurus acutosquameus</em> Parks, 1924 (Ornithischia: Ankylosauria) and a revision of the genus</Title>
		<Journal>Journal of Vertebrate Paleontology</Journal>
		<Volume>29</Volume>
		<Pages>1117-1135</Pages>
		<Booktitle/>
		<Publisher/>
		<City/>
		<Editor/>
	</Source>
	<Taxa number="12">
		<List recon_name="Gargoyleosaurus_parkpinorum" recon_no="82609">Gargoyleosaurus</List>
		<List recon_name="Sauropelta_edwardsorum" recon_no="81248">Sauropelta</List>
		<List recon_name="Tsagantegia_longicranialis" recon_no="68199">Tsagantegia</List>
		<List recon_name="Ankylosaurus_magniventris" recon_no="52793">Ankylosaurus</List>
		<List recon_name="Euoplocephalus_tutus" recon_no="63917">Euoplocephalus</List>
		<List recon_name="Saichania_chulsanensis" recon_no="52910">Saichania</List>
		<List recon_name="Talarurus_plicatospineus" recon_no="52797">Talarurus</List>
		<List recon_name="Tarchia_gigantea" recon_no="52905">Tarchia</List>
		<List recon_name="Dyoplosaurus_acutosquameus" recon_no="63898">Dyoplosaurus</List>
		<List recon_name="Pinacosaurus_grangeri" recon_no="52911">P_dot_grangeri</List>
		<List recon_name="Pinacosaurus_mephistocephalus" recon_no="57343">P_dot_mesphistocephalus</List>
		<List recon_name="Tianzhenosaurus_youngi" recon_no="66504">Tianzhenosaurus</List>
	</Taxa>
	<Characters>
		<Molecular/>
		<Morphological number="70">
			<Type>Osteology</Type>
		</Morphological>
		<Behavioural/>
		<Other/>
	</Characters>
	<Analysis>
		<Type>Maximum Parsimony</Type>
	</Analysis>
	<Notes>Based on reanalysis of the original matrix.</Notes>
	<Filename>Arbour_etal_2009a</Filename>
	<Parent>Vickaryous_etal_2004a</Parent>
	<Sibling/>
</SourceTree>
