<?xml version="1.0" standalone="yes"?>
<SourceTree>
	<Source>
		<Author>
			<List>Arbour, V. M.</List>
			<List>Burns, M. E.</List>
			<List>Sullivan, R. M.</List>
			<List>Lucas, S. G.</List>
			<List>Cantrell, A. K.</List>
			<List>Fry, J.</List>
			<List>Suzao, T. L.</List>
		</Author>
		<Year>2014</Year>
		<Title>A new ankylosaurid dinosaur from the Upper Cretaceous (Kirtlandian) of New Mexico with implications for ankylosaurid diversity in the Upper Cretaceous of western North America</Title>
		<Journal>PLOS ONE</Journal>
		<Volume>9</Volume>
		<Pages>e108804</Pages>
		<Booktitle/>
		<Publisher/>
		<City/>
		<Editor/>
	</Source>
	<Taxa number="19">
		<List recon_name="Lesothosaurus_diagnosticus" recon_no="57574">Lesothosaurus_diagnosticus</List>
		<List recon_name="Scelidosaurus_harrisonii" recon_no="53042">Scelidosaurus_harrisonii</List>
		<List recon_name="Stegosaurus_armatus,Stegosaurus_homheni,Stegosaurus_mjosi" recon_no="52941;142523;142522">Stegosaurus_spp_dot_</List>
		<List recon_name="Ankylosaurus_magniventris" recon_no="52793">Ankylosaurus_magniventris</List>
		<List recon_name="Anodontosaurus_lambei" recon_no="63440">Anodontosaurus_lambei</List>
		<List recon_name="Euoplocephalus_tutus" recon_no="63917">Euoplocephalus_tutus</List>
		<List recon_name="Gastonia_burgei" recon_no="63701">Gastonia_burgei</List>
		<List recon_name="Ziapelta_sanjuanensis" recon_no="320258">Ziapelta_sanjuanensis</List>
		<List recon_name="Panoplosaurus_mirus" recon_no="52788">Panoplosaurus_mirus</List>
		<List recon_name="Pawpawsaurus_campbelli" recon_no="55999">Pawpawsaurus_campbelli</List>
		<List recon_name="Nodocephalosaurus_kirtlandensis" recon_no="68008">Nodocephalosaurus_kirtlandensis</List>
		<List recon_name="Pinacosaurus_grangeri" recon_no="52911">Pinacosaurus_grangeri</List>
		<List recon_name="Pinacosaurus_mephistocephalus" recon_no="57343">Pinacosaurus_mephistocephalus</List>
		<List recon_name="Saichania_chulsanensis" recon_no="52910">Saichania_chulsanensis</List>
		<List recon_name="Scolosaurus_cutleri" recon_no="66259">Scolosaurus_cutleri</List>
		<List recon_name="Talarurus_plicatospineus" recon_no="52797">Talarurus_plicatospineus</List>
		<List recon_name="Tarchia_gigantea" recon_no="52905">Tarchia_kielanae</List>
		<List recon_name="Tsagantegia_longicranialis" recon_no="68199">Tsagantegia_longicranialis</List>
		<List recon_name="Zaraapelta_nomadis" recon_no="372002">Zaraapelta_nomadis</List>
	</Taxa>
	<Characters>
		<Molecular/>
		<Morphological number="154">
			<Type>Osteology</Type>
		</Morphological>
		<Behavioural/>
		<Other/>
	</Characters>
	<Analysis>
		<Type>Maximum Parsimony</Type>
	</Analysis>
	<Notes>Based on reanalysis of the original matrix.</Notes>
	<Filename>Arbour_etal_2014a</Filename>
	<Parent>Arbour_etal_2014b</Parent>
	<Sibling/>
</SourceTree>
