<?xml version="1.0" standalone="yes"?>
<SourceTree>
	<Source>
		<Author>
			<List>Arcucci, A. B.</List>
			<List>Coria, R. A.</List>
		</Author>
		<Year>2003</Year>
		<Title>A new Triassic carnivorous dinosaur from Argentina</Title>
		<Journal>Ameghiniana</Journal>
		<Volume>40</Volume>
		<Pages>217-228</Pages>
		<Booktitle/>
		<Publisher/>
		<City/>
		<Editor/>
	</Source>
	<Taxa number="10">
		<List recon_name="Mussaurus_patagonicus,Riojasaurus_incertus" recon_no="66682;56585">Sauropodomorpha</List>
		<List recon_name="Herrerasaurus_ischigualastensis" recon_no="55000">Herrerasaurus</List>
		<List recon_name="Carnotaurus_sastrei" recon_no="54526">Carnotaurus</List>
		<List recon_name="Ceratosaurus_nasicornis" recon_no="54165">Ceratosaurus</List>
		<List recon_name="Dilophosaurus_wetherilli" recon_no="57251">Dilophosaurus</List>
		<List recon_name="Coelophysis_bauri" recon_no="55477">Coelophysis</List>
		<List recon_name="Syntarsus_kayentakatae,Syntarsus_rhodesiensis" recon_no="55540;55541">Syntarsus</List>
		<List recon_name="Allosaurus_fragilis,Saurophaganax_maximus" recon_no="52962;65371">Allosauridae</List>
		<List recon_name="Zupaysaurus_rougieri" recon_no="54097">Zupaysaurus</List>
		<List recon_name="Coelurus_fragilis" recon_no="52986">Coelurosauria</List>
	</Taxa>
	<Characters>
		<Molecular/>
		<Morphological number="19">
			<Type>Osteology</Type>
		</Morphological>
		<Behavioural/>
		<Other/>
	</Characters>
	<Analysis>
		<Type>Maximum Parsimony</Type>
	</Analysis>
	<Notes>Based on reanalysis of the original matrix.</Notes>
	<Filename>Arcucci_et_Coria_2003a</Filename>
	<Parent/>
	<Sibling/>
</SourceTree>
