<?xml version="1.0" standalone="yes"?>
<SourceTree>
	<Source>
		<Author>
			<List>Averianov, A. O.</List>
			<List>Voronkevich, A. V.</List>
			<List>Leshchinskiy, S. V.</List>
			<List>Fayngertz, A. V.</List>
		</Author>
		<Year>2006</Year>
		<Title>A ceratopsian dinosaur <em>Psittacosaurus sibiricus</em> from the Early Cretaceous of West Siberia, Russia and its phylogenetic relationships</Title>
		<Journal>Journal of Systematic Palaeontology</Journal>
		<Volume>4</Volume>
		<Pages>359-395</Pages>
		<Booktitle/>
		<Publisher/>
		<City/>
		<Editor/>
	</Source>
	<Taxa number="12">
		<List recon_name="Heterodontosaurus_tucki" recon_no="52902">Heterodontosaurus_tucki</List>
		<List recon_name="Hypsilophodon_foxii" recon_no="54190">Hypsilophodon_foxii</List>
		<List recon_name="Protoceratops_andrewsi" recon_no="52824">Protoceratops_andrewsi</List>
		<List recon_name="Psittacosaurus_neimongoliensis" recon_no="64142">P_neimongoliensis</List>
		<List recon_name="Psittacosaurus_ordosensis" recon_no="64143">P_ordosensis</List>
		<List recon_name="Psittacosaurus_mongoliensis" recon_no="52831">P_mongoliensis</List>
		<List recon_name="Psittacosaurus_meileyingensis" recon_no="65708">P_meileyingensis</List>
		<List recon_name="Psittacosaurus_xinjiangensis" recon_no="65707">P_xinjiangensis</List>
		<List recon_name="Psittacosaurus_mazongshanensis" recon_no="58884">P_mazongshanensis</List>
		<List recon_name="Psittacosaurus_gobiensis" recon_no="176565">Psittacosaurus_sp</List>
		<List recon_name="Psittacosaurus_sinensis" recon_no="65705">P_sinensis</List>
		<List recon_name="Psittacosaurus_sibiricus" recon_no="89029">P_sibiricus</List>
	</Taxa>
	<Characters>
		<Molecular/>
		<Morphological number="31">
			<Type>Osteology</Type>
		</Morphological>
		<Behavioural/>
		<Other/>
	</Characters>
	<Analysis>
		<Type>Maximum Parsimony</Type>
	</Analysis>
	<Notes>Based on reanalysis of the original matrix.</Notes>
	<Filename>Averianov_etal_2006a</Filename>
	<Parent/>
	<Sibling/>
</SourceTree>
