<?xml version="1.0" standalone="yes"?>
<SourceTree>
	<Source>
		<Author>
			<List>Barrett, P. M.</List>
			<List>Upchurch, P.</List>
			<List>Zhou, X.-D.</List>
			<List>Wang, X.-L.</List>
		</Author>
		<Year>2007</Year>
		<Title>The skull of <em>Yunnanosaurus huangi</em> Young, 1942 (Dinosauria: Prosauropoda) from the Lower Lufeng Formation (Lower Jurassic) of Yunnan, China</Title>
		<Journal>Zoological Journal of the Linnean Society</Journal>
		<Volume>150</Volume>
		<Pages>319-341</Pages>
		<Booktitle/>
		<Publisher/>
		<City/>
		<Editor/>
	</Source>
	<Taxa number="11">
		<List recon_name="Herrerasaurus_ischigualastensis,Staurikosaurus_pricei,Elaphrosaurus_bambergi,Ceratosaurus_nasicornis,Abelisaurus_comahuensis,Majungatholus_athopus,Carnotaurus_sastrei,Dilophosaurus_wetherilli,Liliensternus_liliensterni,Procompsognathus_triassicus,Segisaurus_halli,Syntarsus_kayentakatae,Coelophysis_bauri,Eustreptospondylus_oxoniensis,Torvosaurus_tanneri,Baryonyx_walkeri,Spinosaurus_aegyptiacus,Suchomimus_tenerensis,Allosaurus_fragilis,Sinraptor_dongi,Sinraptor_hepingensis,Yangchuanosaurus_magnus,Yangchuanosaurus_shangyouensis,Compsognathus_longipes,Ornitholestes_hermanni,Ornitholestes_hermanni,Deltadromeus_agilis,Enigmosaurus_mongoliensis,Erlikosaurus_andrewsi,Nanshiungosaurus_brevispinus,Segnosaurus_galbinensis,Therizinosaurus_cheloniformis,Alvarezsaurus_calvoi,Mononykus_olecranus,Patagonykus_puertai,Shuvuuia_deserti,Anserimimus_planinychus,Archaeornithomimus_asiaticus,Dromiceiomimus_brevitertius,Dromiceiomimus_samueli,Gallimimus_bullatus,Ornithomimus_edmontonensis,Ornithomimus_velox,Struthiomimus_altus,Albertosaurus_megagracilis,Albertosaurus_sarcophagus,Alectrosaurus_olseni,Alioramus_remotus,Chingkankousaurus_fragilis,Daspletosaurus_torosus,Gorgosaurus_libratus,Maleevosaurus_novojilovi,Nanotyrannus_lancensis,Tarbosaurus_bataar,Tyrannosaurus_luanchuanensis,Tyrannosaurus_rex,Caudipteryx_zoui,Caenagnathus_collinsi,Caenagnathus_sternbergi,Conchoraptor_gracilis,Ingenia_yanshini,Oviraptor_philoceratops,Rinchenia_mongoliensis,Archaeopteryx_lithographica,Confuciusornis_sanctus,Alexornis_antecedens,Avisaurus_archibaldi,Cathayornis_yandica,Concornis_lacustris,Enantiornis_leali,Gettyia_gloriae,Gobipteryx_minuta,Kizylkumavis_cretacea,Lectavis_bretincola,Lenesornis_maltshevskyi,Nanantius_eos,Neuquenornis_volans,Noguerornis_gonzalezi,Sazavis_prisca,Sinornis_santensis,Soroavisaurus_australis,Yungavolucris_brevipedalis,Zhyraornis_kashkarovi,Ambiortus_dementjevi,Hesperornis_regalis,Ichthyornis_dispar,Ichthyornis_victor,Borogovia_gracilicrus,Pectinodon_bakkeri,Saurornithoides_junior,Saurornithoides_mongoliensis,Stenonychosaurus_inequalis,Tochisaurus_nemegtensis,Troodon_formosus,Deinonychus_antirrhopus,Velociraptor_mongoliensis" recon_no="55000;55001;55481;54165;53945;190519;54526;57251;56379;56382;55543;55540;55477;53377;53375;53370;53372;53368;52962;54821;54824;54825;54826;53007;55484;55484;65367;68385;66667;54832;66664;66673;64775;67288;64773;66044;66672;57276;66907;57272;57265;57270;57269;57266;67649;56319;57253;57259;65684;57258;53194;63709;53213;57254;54835;54833;66066;54545;54547;67259;57022;55488;68397;55487;67261;53319;64064;137353;100984;53307;378787;57334;70298;100986;71345;81247;100989;137424;137281;137389;100991;100988;70296;137395;96488;54877;118779;64791;54819;57262;54470;54467;66620;54818;54555;54554">THEROPODA</List>
		<List recon_name="Vulcanodon_karibaensis,Shunosaurus_lii,Barapasaurus_tagorei,Omeisaurus_junghsiensis,Omeisaurus_tianfuensis,Amphicoelias_altus,Amargasaurus_cazaui,Dicraeosaurus_hansemanni,Apatosaurus_ajax,Barosaurus_lentus,Diplodocus_longus,Haplocanthosaurus_delfsi,Haplocanthosaurus_priscus,Camarasaurus_grandis,Brachiosaurus_altithorax,Brachiosaurus_brancai,Eucamerotus_foxi,Pleurocoelus_montanus,Euhelopus_zdanskyi,Aeolosaurus_rionegrinus,Alamosaurus_sanjuanensis,Ampelosaurus_atacis,Andesaurus_delgadoi,Argentinosaurus_huinculensis,Epachthosaurus_sciuttoi,Magyarosaurus_dacus,Malawisaurus_dixeyi,Nemegtosaurus_mongoliensis,Neuquensaurus_australis,Opisthocoelicaudia_skarzynskii,Saltasaurus_loricatus" recon_no="54979;56457;55547;56461;56462;53181;53962;65941;52958;54166;52920;66582;64504;67181;54864;64501;54172;67182;54868;58847;63399;65140;58918;66646;57467;64332;57458;54841;64315;57335;58838">SAUROPODA</List>
		<List recon_name="Riojasaurus_incertus" recon_no="56585">Riojasaurus</List>
		<List recon_name="Gyposaurus_sinensis" recon_no="64288">Griposaurus_sinensis</List>
		<List recon_name="Ammosaurus_major" recon_no="54161">Ammosaurus</List>
		<List recon_name="Yunnanosaurus_huangi" recon_no="56629">Yunnanosaurus</List>
		<List recon_name="Massospondylus_carinatus" recon_no="56595">Massospondylus</List>
		<List recon_name="Lufengosaurus_huenei" recon_no="56597">Lufengosaurus</List>
		<List recon_name="Coloradisaurus_brevis" recon_no="68584">Coloradisaurus</List>
		<List recon_name="Sellosaurus_gracilis" recon_no="54996">Sellosaurus</List>
		<List recon_name="Plateosaurus_engelhardti" recon_no="56683">Plateosaurus</List>
	</Taxa>
	<Characters>
		<Molecular/>
		<Morphological number="32">
			<Type>Osteology</Type>
		</Morphological>
		<Behavioural/>
		<Other/>
	</Characters>
	<Analysis>
		<Type>Maximum Parsimony</Type>
	</Analysis>
	<Notes>Based on reanalysis of the original matrix.</Notes>
	<Filename>Barrett_etal_2007aa</Filename>
	<Parent>Sereno_1999ae</Parent>
	<Sibling/>
</SourceTree>
