<?xml version="1.0" standalone="yes"?>
<SourceTree>
	<Source>
		<Author>
			<List>Barrett, P. M.</List>
			<List>Upchurch, P.</List>
			<List>Zhou, X.-D.</List>
			<List>Wang, X.-L.</List>
		</Author>
		<Year>2007</Year>
		<Title>The skull of <em>Yunnanosaurus huangi</em> Young, 1942 (Dinosauria: Prosauropoda) from the Lower Lufeng Formation (Lower Jurassic) of Yunnan, China</Title>
		<Journal>Zoological Journal of the Linnean Society</Journal>
		<Volume>150</Volume>
		<Pages>319-341</Pages>
		<Booktitle/>
		<Publisher/>
		<City/>
		<Editor/>
	</Source>
	<Taxa number="21">
		<List recon_name="Erpetosuchus_granti,Parasuchus_hislopi,Stagonolepis_robertsoni" recon_no="55572;159217;119075">Crurotarsi</List>
		<List recon_name="Marasuchus_lilloensis" recon_no="66342">Marasuchus</List>
		<List recon_name="Heterodontosaurus_tucki,Hypsilophodon_foxii,Lesothosaurus_diagnosticus,Scelidosaurus_harrisonii,Scutellosaurus_lawleri" recon_no="52902;54190;57574;53042;67088">Ornithischia</List>
		<List recon_name="Herrerasaurus_ischigualastensis" recon_no="55000">Herrerasauridae</List>
		<List recon_name="Allosaurus_fragilis,Ceratosaurus_nasicornis,Coelophysis_bauri,Coelophysis_kayentakatae,Coelophysis_rhodesiensis,Dilophosaurus_wetherilli,Elaphrosaurus_bambergi,Gojirasaurus_quayi,Liliensternus_liliensterni,Sinraptor_dongi" recon_no="52962;54165;55477;105154;67921;57251;55481;65490;56379;54821">Neotheropoda</List>
		<List recon_name="Saturnalia_tupiniquim" recon_no="68124">Saturnalia</List>
		<List recon_name="Thecodontosaurus_antiquus" recon_no="56627">T_antiquus</List>
		<List recon_name="Thecodontosaurus_caducus" recon_no="57689">T_caducus</List>
		<List recon_name="Efraasia_minor" recon_no="91403">Efraasia</List>
		<List recon_name="Plateosaurus_engelhardti" recon_no="56683">Plateosaurus</List>
		<List recon_name="Anchisaurus_polyzelus" recon_no="64382">Anchisaurus</List>
		<List recon_name="Riojasaurus_incertus" recon_no="56585">Riojasaurus</List>
		<List recon_name="Lufengosaurus_huenei" recon_no="56597">Lufengosaurus</List>
		<List recon_name="Coloradisaurus_brevis" recon_no="68584">Coloradisaurus</List>
		<List recon_name="Massospondylus_carinatus" recon_no="56595">Massospondylus</List>
		<List recon_name="Yunnanosaurus_huangi" recon_no="56629">Yunnanosaurus</List>
		<List recon_name="Euskelosaurus_browni" recon_no="85818">Euskelosaurus</List>
		<List recon_name="Melanorosaurus_readi" recon_no="54980">Melanorosaurus</List>
		<List recon_name="Blikanasaurus_cromptoni" recon_no="55644">Blikanosaurus</List>
		<List recon_name="Vulcanodon_karibaensis" recon_no="54979">Vulcanodon</List>
		<List recon_name="Shunosaurus_lii,Barapasaurus_tagorei,Omeisaurus_tianfuensis,Amphicoelias_altus,Apatosaurus_louisae,Barosaurus_lentus,Brontosaurus_excelsus,Camarasaurus_supremus,Dicraeosaurus_hansemanni,Dicraeosaurus_sattleri,Giraffatitan_brancai,Haplocanthosaurus_priscus,Limaysaurus_tessonei" recon_no="56457;55547;56462;53181;57752;54166;52982;54168;65941;65942;92308;64504;63874">Eusauropoda</List>
	</Taxa>
	<Characters>
		<Molecular/>
		<Morphological number="164">
			<Type>Osteology</Type>
		</Morphological>
		<Behavioural/>
		<Other/>
	</Characters>
	<Analysis>
		<Type>Maximum Parsimony</Type>
	</Analysis>
	<Notes>Based on reanalysis of the original matrix.</Notes>
	<Filename>Barrett_etal_2007ab</Filename>
	<Parent>Yates_2003b</Parent>
	<Sibling/>
</SourceTree>
