<?xml version="1.0" standalone="yes"?>
<SourceTree>
	<Source>
		<Author>
			<List>Bell, P. R.</List>
		</Author>
		<Year>2011</Year>
		<Title>Redescription of the skull of <em>Saurolophus osborni</em> Brown 1912 (Ornithischia: Hadrosauridae)</Title>
		<Journal>Cretaceous Research</Journal>
		<Volume>32</Volume>
		<Pages>30-44</Pages>
		<Booktitle/>
		<Publisher/>
		<City/>
		<Editor/>
	</Source>
	<Taxa number="11">
		<List recon_name="Iguanodon_bernissartensis" recon_no="58905">Iguanodon_bernissartensis</List>
		<List recon_name="Bactrosaurus_johnsoni" recon_no="57344">Bactrosaurus_johnsoni</List>
		<List recon_name="Lambeosaurus_lambei" recon_no="56724">Lambeosaurus_lambei</List>
		<List recon_name="Hypacrosaurus_altispinus" recon_no="56406">Hypacrosaurus_altispinus</List>
		<List recon_name="Maiasaura_peeblesorum" recon_no="55574">Maiasaura_peeblesorum</List>
		<List recon_name="Brachylophosaurus_canadensis" recon_no="65213">Brachylophosaurus_canadensis</List>
		<List recon_name="Gryposaurus_notabilis" recon_no="63251">Gryposaurus_notabilis</List>
		<List recon_name="Edmontosaurus_annectens" recon_no="64305">Edmontosaurus_annectens</List>
		<List recon_name="Kerberosaurus_manakini" recon_no="64257">Kerberosaurus_manakini</List>
		<List recon_name="Prosaurolophus_maximus" recon_no="53384">Prosaurolophus_maximus</List>
		<List recon_name="Saurolophus_osborni" recon_no="53386">Saurolophus_osborni</List>
	</Taxa>
	<Characters>
		<Molecular/>
		<Morphological number="44">
			<Type>Osteology</Type>
		</Morphological>
		<Behavioural/>
		<Other/>
	</Characters>
	<Analysis>
		<Type>Maximum Parsimony</Type>
	</Analysis>
	<Notes>Based on reanalysis of the original matrix.</Notes>
	<Filename>Bell_2011a</Filename>
	<Parent/>
	<Sibling/>
</SourceTree>
