<?xml version="1.0" standalone="yes"?>
<SourceTree>
	<Source>
		<Author>
			<List>Bell, A. K.</List>
			<List>Chiappe, L. M.</List>
			<List>Erickson, G. M.</List>
			<List>Suzuki, S.</List>
			<List>Watabe, M.</List>
			<List>Barsbold, R.</List>
			<List>Tsogtbaatar, K.</List>
		</Author>
		<Year>2010</Year>
		<Title>Description and ecologic analysis of <em>Hollanda luceria</em>, a Late Cretaceous bird from the Gobi Desert (Mongolia)</Title>
		<Journal>Cretaceous Research</Journal>
		<Volume>31</Volume>
		<Pages>16-26</Pages>
		<Booktitle/>
		<Publisher/>
		<City/>
		<Editor/>
	</Source>
	<Taxa number="16">
		<List recon_name="Deinonychus_antirrhopus" recon_no="54555">Dromaeosauridae</List>
		<List recon_name="Archaeopteryx_lithographica" recon_no="55487">Archaeopteryx</List>
		<List recon_name="Hollanda_luceria" recon_no="166962">Hollanda_luceria</List>
		<List recon_name="Zhongornis_haoae" recon_no="130180">Zhongornis</List>
		<List recon_name="Jeholornis_prima" recon_no="119247">Jeholornis</List>
		<List recon_name="Sapeornis_chaoyangensis" recon_no="119249">Sapeornis</List>
		<List recon_name="Confuciusornis_sanctus" recon_no="67261">Confuciusornis</List>
		<List recon_name="Changchengornis_hengdaoziensis" recon_no="134755">Changchengornis</List>
		<List recon_name="Longipteryx_chaoyangensis" recon_no="137361">Longipteryx</List>
		<List recon_name="Eoenantiornis_buhleri" recon_no="119311">Eoenantiornis</List>
		<List recon_name="Concornis_lacustris" recon_no="100984">Concornis</List>
		<List recon_name="Patagopteryx_deferrariisi" recon_no="68529">Patagopteryx</List>
		<List recon_name="Yixianornis_grabaui" recon_no="119340">Yixianornis</List>
		<List recon_name="Gansus_yumenensis" recon_no="82617">Gansus</List>
		<List recon_name="Anas_platyrhynchos" recon_no="83434">Anas</List>
		<List recon_name="Gallus_gallus" recon_no="368033">Gallus</List>
	</Taxa>
	<Characters>
		<Molecular/>
		<Morphological number="242">
			<Type>Osteology</Type>
		</Morphological>
		<Behavioural/>
		<Other/>
	</Characters>
	<Analysis>
		<Type>Maximum Parsimony</Type>
	</Analysis>
	<Notes>Based on reanalysis of the original matrix.</Notes>
	<Filename>Bell_etal_2010a</Filename>
	<Parent>Gao_etal_2008a</Parent>
	<Sibling/>
</SourceTree>
