<?xml version="1.0" standalone="yes"?>
<SourceTree>
	<Source>
		<Author>
			<List>Benson, R.</List>
		</Author>
		<Year>2008</Year>
		<Title>New information on <em>Stokesosaurus</em>, a tyrannosauroid (Dinosauria: Theropoda) from North America and the United Kingdom</Title>
		<Journal>Journal of Vertebrate Paleontology</Journal>
		<Volume>28</Volume>
		<Pages>732-750</Pages>
		<Booktitle/>
		<Publisher/>
		<City/>
		<Editor/>
	</Source>
	<Taxa number="63">
		<List recon_name="Euparkeria_capensis" recon_no="99170">Euparkeria</List>
		<List recon_name="Marasuchus_lilloensis" recon_no="66342">Marasuchus</List>
		<List recon_name="Lesothosaurus_diagnosticus,Technosaurus_smalli,Pisanosaurus_mertii,Scutellosaurus_lawleri,Scelidosaurus_harrisonii,Emausaurus_ernsti" recon_no="57574;67090;64409;67088;53042;64406">Ornithischia</List>
		<List recon_name="Saturnalia_tupiniquim,Plateosaurus_engelhardti,Thecodontosaurus_antiquus,Sellosaurus_gracilis,Massospondylus_carinatus" recon_no="68124;56683;56627;54996;56595">Sauropodomorpha</List>
		<List recon_name="Eoraptor_lunensis" recon_no="57454">Eoraptor</List>
		<List recon_name="Herrerasaurus_ischigualastensis" recon_no="55000">Herrerasaurus</List>
		<List recon_name="Staurikosaurus_pricei" recon_no="55001">Staurikosaurus</List>
		<List recon_name="Coelophysis_bauri" recon_no="55477">Coelophysis</List>
		<List recon_name="Gojirasaurus_quayi" recon_no="65490">Gojirasaurus</List>
		<List recon_name="Lophostropheus_airelensis" recon_no="96666">L_airelensis</List>
		<List recon_name="Liliensternus_liliensterni" recon_no="56379">L_liliensterni</List>
		<List recon_name="Procompsognathus_triassicus" recon_no="56382">Procompsognathus</List>
		<List recon_name="Shuvosaurus_inexpectatus" recon_no="90276">Shuvosaurus</List>
		<List recon_name="Dilophosaurus_wetherilli" recon_no="57251">Dilophosaurus</List>
		<List recon_name="Segisaurus_halli" recon_no="55543">Segisaurus</List>
		<List recon_name="Syntarsus_kayentakatae,Syntarsus_rhodesiensis" recon_no="55540;55541">Syntarsus</List>
		<List recon_name="Magnosaurus_nethercombensis" recon_no="68134">Magnosaurus</List>
		<List recon_name="Metriacanthosaurus_parkeri" recon_no="67739">Metriacanthosaurus</List>
		<List recon_name="Monolophosaurus_jiangi" recon_no="64122">Monolophosaurus</List>
		<List recon_name="Piatnitzkysaurus_floresi" recon_no="54827">Piatnitzkysaurus</List>
		<List recon_name="Piveteausaurus_divesensis" recon_no="66394">Piveteausaurus</List>
		<List recon_name="Poekilopleuron_bucklandii" recon_no="65369">Poekilopleuron</List>
		<List recon_name="Proceratosaurus_bradleyi" recon_no="66979">Proceratosaurus</List>
		<List recon_name="Xuanhanosaurus_qilixiaensis" recon_no="52767">Xuanhanosaurus</List>
		<List recon_name="Szechuanosaurus_zigongensis" recon_no="143665">S_zigongensis</List>
		<List recon_name="Allosaurus_fragilis" recon_no="52962">Allosaurus</List>
		<List recon_name="Compsognathus_longipes" recon_no="53007">Compsognathus</List>
		<List recon_name="Sinraptor_dongi,Sinraptor_hepingensis,Yangchuanosaurus_magnus,Yangchuanosaurus_shangyouensis" recon_no="54821;54824;54825;54826">Sinraptoridae</List>
		<List recon_name="Torvosaurus_tanneri" recon_no="53375">Torvosaurus</List>
		<List recon_name="Afrovenator_abakensis" recon_no="56399">Afrovenator</List>
		<List recon_name="Aristosuchus_pusillus" recon_no="67014">Aristosuchus</List>
		<List recon_name="Chilantaisaurus_tashuikouensis" recon_no="54836">Chilantaisaurus</List>
		<List recon_name="Ligabueino_andesi" recon_no="54537">Ligabueino</List>
		<List recon_name="Siamotyrannus_isanensis" recon_no="56421">Siamotyrannus</List>
		<List recon_name="Sinosauropteryx_prima" recon_no="54549">Sinosauropteryx</List>
		<List recon_name="Mirischia_asymmetrica" recon_no="58896">SMNK_2349Pal</List>
		<List recon_name="Angaturama_limai,Baryonyx_walkeri,Irritator_challengeri,Spinosaurus_aegyptiacus,Suchomimus_tenerensis" recon_no="64276;53370;64273;53372;53368">Baryonychidae</List>
		<List recon_name="Ceratosaurus_nasicornis" recon_no="54165">Ceratosaurus</List>
		<List recon_name="Elaphrosaurus_bambergi" recon_no="55481">Elaphrosaurus</List>
		<List recon_name="Velocisaurus_unicus" recon_no="64902">Velocisaurus</List>
		<List recon_name="Abelisaurus_comahuensis,Carnotaurus_sastrei,Genusaurus_sisteronis,Ilokelesia_aguadagrandensis,Indosuchus_raptorius,Majungatholus_atopus,Masiakasaurus_knopfleri,Noasaurus_leali,Xenotarsosaurus_bonapartei" recon_no="53945;54526;56392;54532;53958;56395;56389;54534;56394">Abelisauridae</List>
		<List recon_name="Deltadromeus_agilis" recon_no="65367">Deltadromeus</List>
		<List recon_name="Chilantaisaurus_maortuensis" recon_no="65685">C_maortuensis</List>
		<List recon_name="Coelurus_fragilis" recon_no="52986">Coelurus</List>
		<List recon_name="Albertosaurus_sarcophagus,Alectrosaurus_olseni,Alioramus_remotus,Aublysodon_mirandus,Aublysodon_molnari,Daspletosaurus_torosus,Gorgosaurus_libratus,Maleevosaurus_novojilovi,Shanshanosaurus_huoyanshanensis,Tarbosaurus_bataar,Tyrannosaurus_rex" recon_no="56319;57253;57259;54134;99205;57258;53194;63709;54551;57254;54833">Tyrannosauridae</List>
		<List recon_name="Guanlong_wucaii" recon_no="71191">Guanlong</List>
		<List recon_name="Dilong_paradoxus" recon_no="58836">Dilong</List>
		<List recon_name="Stokesosaurus_clevelandi" recon_no="64493">Stokesosaurus</List>
		<List recon_name="Eotyrannus_lengi" recon_no="68317">Eotyrannus</List>
		<List recon_name="Ornitholestes_hermanni" recon_no="55484">Ornitholestes</List>
		<List recon_name="Deinocheirus_mirificus,Garudimimus_brevipes,Harpymimus_okladnikovi,Pelecanimimus_polyodon,Anserimimus_planinychus,Archaeornithomimus_asiaticus,Dromiceiomimus_brevitertius,Dromiceiomimus_samueli,Gallimimus_bullatus,Ornithomimus_edmontonicus,Ornithomimus_velox,Struthiomimus_altus" recon_no="57246;57267;66670;64118;66672;57276;66907;57272;57265;63438;57269;57266">Ornithomimosauria</List>
		<List recon_name="Bagaraatan_ostromi" recon_no="57249">Bagaraatan</List>
		<List recon_name="Alxasaurus_elesitaiensis,Beipiaosaurus_inexpectus,Enigmosaurus_mongoliensis,Erlikosaurus_andrewsi,Nanshiungosaurus_bohlini,Nanshiungosaurus_brevispinus,Nothronychus_mckinleyi,Segnosaurus_galbinensis,Therizinosaurus_cheloniformis" recon_no="64126;68241;68385;66667;58885;54832;66508;66664;66673">Therizinosauroidea</List>
		<List recon_name="Caudipteryx_zoui" recon_no="66066">Caudipteryx</List>
		<List recon_name="Microvenator_celer" recon_no="65860">Microvenator</List>
		<List recon_name="Avimimus_portentosus" recon_no="55489">Avimimus</List>
		<List recon_name="Caenagnathasia_martinsoni,Chirostenotes_elegans,Chirostenotes_pergracilis,Elmisaurus_rarus,Citipati_osmolskae,Conchoraptor_gracilis,Ingenia_yanshini,Khaan_mckennai,Nomingia_gobiensis,Oviraptor_mongoliensis,Oviraptor_philoceratops" recon_no="54543;68395;54561;54560;57024;67259;57022;57026;67257;57021;55488">Oviraptorosauria</List>
		<List recon_name="Unenlagia_comahuensis" recon_no="65422">Unenlagia</List>
		<List recon_name="Archaeopteryx_lithographica,Confuciusornis_sanctus,Hesperornis_regalis,Ichthyornis_dispar,Rahonavis_ostromi" recon_no="55487;67261;96488;54877;64133">Aves</List>
		<List recon_name="Adasaurus_mongoliensis,Bambiraptor_feinbergi,Deinonychus_antirrhopus,Dromaeosaurus_albertensis,Hulsanpes_perlei,Megaraptor_namunhaiquii,Microraptor_zhaoianus,Saurornitholestes_langstoni,Sinornithosaurus_millenii,Utahraptor_ostrommaysi,Velociraptor_mongoliensis" recon_no="57261;82048;54555;54550;67680;99173;68239;54556;68205;66450;54554">Dromaeosauridae</List>
		<List recon_name="Borogovia_gracilicrus,Byronosaurus_jaffei,Saurornithoides_junior,Saurornithoides_mongoliensis,Sinornithoides_youngi,Tochisaurus_nemegtensis,Troodon_formosus" recon_no="64791;57020;57262;54470;64145;66620;54818">Troodontidae</List>
		<List recon_name="Neovenator_salerii" recon_no="64120">Neovenator</List>
		<List recon_name="Acrocanthosaurus_atokensis,Carcharodontosaurus_saharicus,Giganotosaurus_carolinii" recon_no="55482;65365;54541">Carcharodontosauridae</List>
	</Taxa>
	<Characters>
		<Molecular/>
		<Morphological number="224">
			<Type>Osteology</Type>
		</Morphological>
		<Behavioural/>
		<Other/>
	</Characters>
	<Analysis>
		<Type>Maximum Parsimony</Type>
	</Analysis>
	<Notes>Based on reanalysis of the original matrix (first 100,000 mpts only).</Notes>
	<Filename>Benson_2008a</Filename>
	<Parent>Rauhut_2003a</Parent>
	<Sibling/>
</SourceTree>
