<?xml version="1.0" standalone="yes"?>
<SourceTree>
	<Source>
		<Author>
			<List>Benson, R. B. J.</List>
		</Author>
		<Year>2010</Year>
		<Title>A description of <em>Megalosaurus bucklandii</em> (Dinosauria: Theropoda) from the Bathonian of the UK and the relationships of Middle Jurassic theropods</Title>
		<Journal>Zoological Journal of the Linnean Society</Journal>
		<Volume>158</Volume>
		<Pages>882-935</Pages>
		<Booktitle/>
		<Publisher/>
		<City/>
		<Editor/>
	</Source>
	<Taxa number="41">
		<List recon_name="Syntarsus_kayentakatae" recon_no="55540">Syntarsus_kayentakae_outgroup</List>
		<List recon_name="Dilophosaurus_wetherilli" recon_no="57251">Dilophosaurus</List>
		<List recon_name="Aucasaurus_garridoi,Carnotaurus_sastrei,Majungasaurus_crenatissimus" recon_no="54524;54526;53957">Abelisauridae</List>
		<List recon_name="Ceratosaurus_nasicornis" recon_no="54165">Ceratosaurus</List>
		<List recon_name="Acrocanthosaurus_atokensis" recon_no="55482">Acrocanthosaurus</List>
		<List recon_name="Afrovenator_abakensis" recon_no="56399">Afrovenator</List>
		<List recon_name="Allosaurus_fragilis" recon_no="52962">Allosaurus</List>
		<List recon_name="Dubreuillosaurus_valesdunensis" recon_no="71333">Dubreuillosaurus</List>
		<List recon_name="Eocarcharia_dinops" recon_no="123318">Eocarcharia</List>
		<List recon_name="Eustreptospondylus_oxoniensis" recon_no="53377">Eustreptospondylus</List>
		<List recon_name="Fukuiraptor_kitadaniensis" recon_no="66357">Fukuiraptor</List>
		<List recon_name="Carcharodontosaurus_saharicus" recon_no="65365">Carcharodontosaurus</List>
		<List recon_name="Giganotosaurus_carolinii" recon_no="54541">Giganotosaurus</List>
		<List recon_name="Mapusaurus_roseae" recon_no="77206">Mapusaurus</List>
		<List recon_name="Lourinhanosaurus_antunesi" recon_no="65334">Lourinhanosaurus</List>
		<List recon_name="Magnosaurus_nethercombensis" recon_no="68134">Magnosaurus</List>
		<List recon_name="Marshosaurus_bicentesimus" recon_no="64497">Marshosaurus</List>
		<List recon_name="Megalosaurus_bucklandii" recon_no="53025">Megalosaurus</List>
		<List recon_name="Megalosaurus_hesperis" recon_no="66918">Megalosaurus_hesperis</List>
		<List recon_name="Megaraptor_namunhuaiquii" recon_no="65425">Megaraptor</List>
		<List recon_name="Metriacanthosaurus_parkeri" recon_no="67739">Metriacanthosaurus</List>
		<List recon_name="Neovenator_salerii" recon_no="64120">Neovenator</List>
		<List recon_name="Piveteausaurus_divesensis" recon_no="66394">Piveteausaurus</List>
		<List recon_name="Poekilopleuron_bucklandii" recon_no="65369">Poekilopleuron</List>
		<List recon_name="Sinraptor_dongi" recon_no="54821">Sinraptor</List>
		<List recon_name="Streptospondylus_altdorfensis" recon_no="65373">Streptospondylus</List>
		<List recon_name="Torvosaurus_tanneri" recon_no="53375">Torvosaurus</List>
		<List recon_name="Tyrannotitan_chubutensis" recon_no="77208">Tyrannotitan</List>
		<List recon_name="Xuanhanosaurus_qilixiaensis" recon_no="52767">Xuanhanosaurus</List>
		<List recon_name="Baryonyx_walkeri" recon_no="53370">Baryonyx</List>
		<List recon_name="Suchomimus_tenerensis" recon_no="53368">Suchomimus</List>
		<List recon_name="Irritator_challengeri" recon_no="64273">Irritator</List>
		<List recon_name="Spinosaurus_aegyptiacus" recon_no="53372">Spinosaurus</List>
		<List recon_name="Chuandongocoelurus_primitivus" recon_no="65681">Chuandongocoelurus</List>
		<List recon_name="Monolophosaurus_jiangi" recon_no="64122">Monolophosaurus</List>
		<List recon_name="Condorraptor_currumili" recon_no="64062">Condorraptor</List>
		<List recon_name="Piatnitzkysaurus_floresi" recon_no="54827">Piatnitzkysaurus</List>
		<List recon_name="Chilantaisaurus_tashuikouensis" recon_no="54836">Chilantaisaurus</List>
		<List recon_name="Compsognathus_longipes" recon_no="53007">Compsognathus</List>
		<List recon_name="Guanlong_wucaii" recon_no="71191">Guanlong</List>
		<List recon_name="Tanycolagreus_topwilsoni" recon_no="68260">Tanycolagreus</List>
	</Taxa>
	<Characters>
		<Molecular/>
		<Morphological number="213">
			<Type>Osteology</Type>
		</Morphological>
		<Behavioural/>
		<Other/>
	</Characters>
	<Analysis>
		<Type>Maximum Parsimony</Type>
	</Analysis>
	<Notes>Based on reanalysis of the original matrix.</Notes>
	<Filename>Benson_2010a</Filename>
	<Parent/>
	<Sibling/>
</SourceTree>
