<?xml version="1.0" standalone="yes"?>
<SourceTree>
	<Source>
		<Author>
			<List>Benton, M. J.</List>
			<List>Juul, L.</List>
			<List>Storrs, G. W.</List>
			<List>Galton, P. M.</List>
		</Author>
		<Year>2000</Year>
		<Title>Anatomy and systematics of the prosauropod dinosaur <em>Thecodontosaurus antiquus</em> from the Upper Triassic of southern England</Title>
		<Journal>Journal of Vertebrate Paleontology</Journal>
		<Volume>20</Volume>
		<Pages>77-108</Pages>
		<Booktitle/>
		<Publisher/>
		<City/>
		<Editor/>
	</Source>
	<Taxa number="15">
		<List recon_name="Scleromochlus_taylori" recon_no="63718">Scleromochlus</List>
		<List recon_name="Herrerasaurus_ischigualastensis" recon_no="55000">Herrerasaurus</List>
		<List recon_name="Thecodontosaurus_antiquus" recon_no="56627">Thecodontosaurus</List>
		<List recon_name="Plateosaurus_engelhardti" recon_no="56683">Plateosaurus</List>
		<List recon_name="Massospondylus_carinatus" recon_no="56595">Massospondylus</List>
		<List recon_name="Euskelosaurus_brownii" recon_no="56590">Euskelosaurus</List>
		<List recon_name="Anchisaurus_polyzelus" recon_no="64382">Anchisaurus</List>
		<List recon_name="Sellosaurus_gracilis" recon_no="54996">Sellosaurus</List>
		<List recon_name="Melanorosaurus_readi" recon_no="54980">Melanorosaurus</List>
		<List recon_name="Riojasaurus_incertus" recon_no="56585">Riojasaurus</List>
		<List recon_name="Coloradisaurus_brevis" recon_no="68584">Coloradisaurus</List>
		<List recon_name="Vulcanodon_karibaensis" recon_no="54979">Vulcanodon</List>
		<List recon_name="Barapasaurus_tagorei" recon_no="55547">Barapasaurus</List>
		<List recon_name="Shunosaurus_lii" recon_no="56457">Shunosaurus</List>
		<List recon_name="Brachiosaurus_altithorax" recon_no="54864">Brachiosaurus</List>
	</Taxa>
	<Characters>
		<Molecular/>
		<Morphological number="49">
			<Type>Osteology</Type>
		</Morphological>
		<Behavioural/>
		<Other/>
	</Characters>
	<Analysis>
		<Type>Maximum Parsimony</Type>
	</Analysis>
	<Notes>Based on reanalysis of the original matrix.</Notes>
	<Filename>Benton_etal_2000a</Filename>
	<Parent/>
	<Sibling/>
</SourceTree>
