<?xml version="1.0" standalone="yes"?>
<SourceTree>
	<Source>
		<Author>
			<List>Bolotsky, Y. L.</List>
			<List>Godefroit, P.</List>
		</Author>
		<Year>2004</Year>
		<Title>A new hadrosaurine dinosaur from the Late Cretaceous of Far Eastern Russia</Title>
		<Journal>Journal of Vertebrate Paleontology</Journal>
		<Volume>24</Volume>
		<Pages>351-365</Pages>
		<Booktitle/>
		<Publisher/>
		<City/>
		<Editor/>
	</Source>
	<Taxa number="10">
		<List recon_name="Bactrosaurus_johnsoni" recon_no="57344">Bactrosaurus</List>
		<List recon_name="Barsboldia_sicinskii,Corythosaurus_casuarius,Hypacrosaurus_altispinus,Jaxartosaurus_aralensis,Lambeosaurus_lambei,Lambeosaurus_magnicristatus,Lambeosaurus_laticaudus,Nipponosaurus_sachalinensis,Parasaurolophus_cyrtocristatus,Parasaurolophus_tubicen,Parasaurolophus_walkeri" recon_no="67253;56403;56406;65693;56724;65429;68200;56972;66260;64355;63256">Lambeosaurinae</List>
		<List recon_name="Gryposaurus_incurvimanus,Gryposaurus_notabilis" recon_no="64298;63251">Gryposaurus</List>
		<List recon_name="Kerberosaurus_manakini" recon_no="64257">Kerberosaurus</List>
		<List recon_name="Saurolophus_angustirostris,Saurolophus_osborni" recon_no="64295;53386">Saurolophus</List>
		<List recon_name="Prosaurolophus_blackfeetensis,Prosaurolophus_maximus" recon_no="57631;53384">Prosaurolophus</List>
		<List recon_name="Edmontosaurus_annectens,Edmontosaurus_regalis,Edmontosaurus_saskatchewanensis" recon_no="64305;63254;64304">Edmontosaurus</List>
		<List recon_name="Anatotitan_copei" recon_no="64302">Anatotitan</List>
		<List recon_name="Maiasaura_peeblesorum" recon_no="55574">Maiasaura</List>
		<List recon_name="Brachylophosaurus_canadensis" recon_no="65213">Brachylophosaurus</List>
	</Taxa>
	<Characters>
		<Molecular/>
		<Morphological number="21">
			<Type>Osteology</Type>
		</Morphological>
		<Behavioural/>
		<Other/>
	</Characters>
	<Analysis>
		<Type>Maximum Parsimony</Type>
	</Analysis>
	<Notes>Based on reanalysis of the original matrix.</Notes>
	<Filename>Bolotsky_et_Godefroit_2004a</Filename>
	<Parent/>
	<Sibling/>
</SourceTree>
