<?xml version="1.0" standalone="yes"?>
<SourceTree>
	<Source>
		<Author>
			<List>Bonaparte, J. F.</List>
			<List>Gonzalez Riga, B. J.</List>
			<List>Apesteguia, S.</List>
		</Author>
		<Year>2006</Year>
		<Title><em>Ligabuesaurus leanzai</em> gen. et sp. nov. (Dinosauria, Sauropoda), a new titanosaur from the Lohan Cura Formation (Aptian, Lower Cretaceous) of Neuquen, Patagonia, Argentina</Title>
		<Journal>Cretaceous Research</Journal>
		<Volume>27</Volume>
		<Pages>364-376</Pages>
		<Booktitle/>
		<Publisher/>
		<City/>
		<Editor/>
	</Source>
	<Taxa number="20">
		<List recon_name="Patagosaurus_fariasi" recon_no="66448">Patagosaurus_fariasi</List>
		<List recon_name="Jobaria_tiguidensis" recon_no="57436">Jobaria_tiguidensis</List>
		<List recon_name="Diplodocus_longus" recon_no="52920">Diplodus_longus</List>
		<List recon_name="Camarasaurus_grandis" recon_no="67181">Camarasaurus_grandis</List>
		<List recon_name="Brachiosaurus_brancai" recon_no="64501">Brachiosaurus_brancai</List>
		<List recon_name="Chubutisaurus_insignis" recon_no="53963">Chubutisaurus_insignis</List>
		<List recon_name="Phuwiangosaurus_sirindhornae" recon_no="56410">Phuwiangosaurus_sirindhornae</List>
		<List recon_name="Ligabuesaurus_leanzai" recon_no="81715">Ligabuesaurus_leanzai</List>
		<List recon_name="Andesaurus_delgadoi" recon_no="58918">Andesaurus_delgadoi</List>
		<List recon_name="Malawisaurus_dixeyi" recon_no="57458">Malawisaurus_dixeyi</List>
		<List recon_name="Lirainosaurus_astibiae" recon_no="65827">Lirainosaurus_astibiae</List>
		<List recon_name="Isisaurus_colberti" recon_no="64312">Isisaurus_colberti</List>
		<List recon_name="Mendozasaurus_neguyelap" recon_no="55584">Mendozasaurus_neguyelap</List>
		<List recon_name="Aeolosaurus_rionegrinus" recon_no="58847">Aeolosaurus_rionegrinus</List>
		<List recon_name="Rapetosaurus_krausei" recon_no="57533">Rapetosaurus_krausei</List>
		<List recon_name="Opisthocoelicaudia_skarzynskii" recon_no="57335">Opisthocoelicaudia_skarzynski</List>
		<List recon_name="Alamosaurus_sanjuanensis" recon_no="63399">Alamosaurus_sanjuanensis</List>
		<List recon_name="Neuquensaurus_australis" recon_no="64315">Neuquensaurus_australis</List>
		<List recon_name="Saltasaurus_loricatus" recon_no="58838">Saltasaurus_loricatus</List>
		<List recon_name="Rocasaurus_muniozi" recon_no="66613">Rocasaurus_muniozi</List>
	</Taxa>
	<Characters>
		<Molecular/>
		<Morphological number="80">
			<Type>Osteology</Type>
		</Morphological>
		<Behavioural/>
		<Other/>
	</Characters>
	<Analysis>
		<Type>Maximum Parsimony</Type>
	</Analysis>
	<Notes>Based on reanalysis of the original matrix.</Notes>
	<Filename>Bonaparte_etal_2006a</Filename>
	<Parent/>
	<Sibling/>
</SourceTree>
