<?xml version="1.0" standalone="yes"?>
<SourceTree>
	<Source>
		<Author>
			<List>Bourdon, E.</List>
		</Author>
		<Year>2005</Year>
		<Title>Osteological evidence for sister group relationship between pseudo-toothed birds (Aves: Odontopterygiformes) and waterfowls (Anseriformes)</Title>
		<Journal>Naturwissenschaften</Journal>
		<Volume>92</Volume>
		<Pages>586-591</Pages>
		<Booktitle/>
		<Publisher/>
		<City/>
		<Editor/>
	</Source>
	<Taxa number="28">
		<List recon_name="Rhea_americana" recon_no="368318">Rheidae</List>
		<List recon_name="Crypturellus_cinnamomeus,Nothura_maculosa,Rhynchotus_rufescens,Tinamus_solitarius" recon_no="399849;399862;399870;399834">Tinamidae</List>
		<List recon_name="Acryllium_vulturinum,Chrysolophus_pictus,Crax_pauxi,Gallus_gallus,Lagopus_lagopus,Lyrurus_tetrix,Megapodius_freycinet,Meleagris_gallopavo,Numida_meleagris,Pavo_cristatus,Penelope_superciliaris,Phasianus_colchicus,Pipile_pipile,Tetrao_urogallus,Tetrastes_bonasia" recon_no="401597;415629;367994;368033;368615;365981;401156;110952;372652;415633;401163;372509;415632;369189;369322">Galliformes</List>
		<List recon_name="Anhima_cornuta,Chauna_torquata" recon_no="401249;321676">Anhimidae</List>
		<List recon_name="Anseranas_semipalmata" recon_no="369452">Anseranatidae</List>
		<List recon_name="Aix_galericulata,Anas_crecca,Anser_rossii,Aythya_marila,Cygnus_atratus,Cygnus_buccinator,Dendrocygna_eytoni,Melanitta_fusca,Oxyura_jamaicensis,Somateria_mollissima,Tadorna_tadornoides" recon_no="370646;133772;368040;321729;368042;161114;401326;368045;129153;83445;368044">Anatidae</List>
		<List recon_name="Odontopteryx_toliapica" recon_no="134765">Odontopteryx_toliapica</List>
		<List recon_name="Dasornis_abdoun" recon_no="220184">Odontopteryx_n_sp_1</List>
		<List recon_name="Dasornis_sp_SC_dash_316" recon_no="39661">Odontopteryx_n_sp_2</List>
		<List recon_name="Argillornis_emuinus" recon_no="134758">Argillornis_emuinus</List>
		<List recon_name="Pelagornis_miocaenus" recon_no="171624">Pelagornis</List>
		<List recon_name="Diomedea_exulans" recon_no="372447">Diomedeidae</List>
		<List recon_name="Hydrobates_furcatus" recon_no="368548">Hydrobatidae</List>
		<List recon_name="Pelecanoides_urinatrix" recon_no="143744">Pelecanoididae</List>
		<List recon_name="Bulweria_bulwerii,Calonectris_diomedea,Daption_capense,Fulmarus_glacialis,Procellaria_aequinoctialis,Pterodroma_incerta,Puffinus_puffinus" recon_no="368277;83366;374026;368276;83357;400023;83374">Procellariidae</List>
		<List recon_name="Phaethon_rubricauda" recon_no="371104">Phaethontidae</List>
		<List recon_name="Pygoscelis_antarctica,Spheniscus_magellanicus" recon_no="372789;399816">Spheniscidae</List>
		<List recon_name="Gavia_stellata" recon_no="368750">Gaviidae</List>
		<List recon_name="Aechmophorus_occidentalis,Aechmophorus_clarkii,Podiceps_cristatus,Tachybaptus_ruficollis" recon_no="161510;368270;372487;369016">Podicipedidae</List>
		<List recon_name="Scopus_umbretta" recon_no="373471">Scopidae</List>
		<List recon_name="Fregata_ariel,Fregata_magnificens,Fregata_minor" recon_no="368289;379254;335260">Fregatidae</List>
		<List recon_name="Pelecanus_occidentalis" recon_no="335294">Pelecanidae</List>
		<List recon_name="Sula_sula" recon_no="368307">Sulidae</List>
		<List recon_name="Phalacrocorax_carbo" recon_no="336370">Phalacrocoracidae</List>
		<List recon_name="Anhinga_anhinga" recon_no="321725">Anhingidae</List>
		<List recon_name="Anastomus_oscitans,Ciconia_ciconia,Leptoptilos_dubius,Mycteria_americana" recon_no="399928;369264;368311;368949">Ciconiidae</List>
		<List recon_name="Phoenicopterus_ruber,Phoeniconaias_minor" recon_no="368490;380411">Phoenicopteridae</List>
		<List recon_name="Opisthocomus_hoazin" recon_no="399880">Opisthocomidae</List>
	</Taxa>
	<Characters>
		<Molecular/>
		<Morphological number="123">
			<Type>Osteology</Type>
		</Morphological>
		<Behavioural/>
		<Other/>
	</Characters>
	<Analysis>
		<Type>Maximum Parsimony</Type>
	</Analysis>
	<Notes>Based on reanalysis of the original matrix.</Notes>
	<Filename>Bourdon_2005a</Filename>
	<Parent/>
	<Sibling/>
</SourceTree>
