<?xml version="1.0" standalone="yes"?>
<SourceTree>
	<Source>
		<Author>
			<List>Bourdon, E.</List>
			<List>Bouya, B.</List>
			<List>Iarochene, M.</List>
		</Author>
		<Year>2005</Year>
		<Title>Earliest African neornithine bird: a new species of Prophaethontidae (Aves) from the Paleocene of Morocco</Title>
		<Journal>Journal of Vertebrate Paleontology</Journal>
		<Volume>25</Volume>
		<Pages>157-170</Pages>
		<Booktitle/>
		<Publisher/>
		<City/>
		<Editor/>
	</Source>
	<Taxa number="17">
		<List recon_name="Crypturellus_cinnamomeus,Nothura_maculosa,Rhynchotus_rufescens,Tinamus_solitarius" recon_no="399849;399862;399870;399834">Tinamidae</List>
		<List recon_name="Diomedea_exulans" recon_no="372447">Diomedeidae</List>
		<List recon_name="Hydrobates_furcatus" recon_no="368548">Hydrobatidae</List>
		<List recon_name="Bulweria_bulwerii,Calonectris_diomedea,Daption_capense,Fulmarus_glacialis,Procellaria_aequinoctialis,Pterodroma_incerta,Puffinus_puffinus" recon_no="368277;83366;374026;368276;83357;400023;83374">Procellariidae</List>
		<List recon_name="Prophaethon_shrubsolei" recon_no="140428">Prophaethon</List>
		<List recon_name="Lithoptila_abdounensis" recon_no="140424">Lithoptila</List>
		<List recon_name="Phaethon_rubricauda" recon_no="371104">Phaethontidae</List>
		<List recon_name="Fregata_ariel,Fregata_magnificens,Fregata_minor" recon_no="368289;379254;335260">Fregatidae</List>
		<List recon_name="Pelecanus_occidentalis" recon_no="335294">Pelecanidae</List>
		<List recon_name="Sula_sula" recon_no="368307">Sulidae</List>
		<List recon_name="Phalacrocorax_carbo" recon_no="336370">Phalacrocoracidae</List>
		<List recon_name="Anhinga_anhinga" recon_no="321725">Anhingidae</List>
		<List recon_name="Balaeniceps_rex" recon_no="399812">Balaenicipitidae</List>
		<List recon_name="Scopus_umbretta" recon_no="373471">Scopidae</List>
		<List recon_name="Pygoscelis_antarctica,Spheniscus_magellanicus" recon_no="372789;399816">Spheniscidae</List>
		<List recon_name="Gavia_stellata" recon_no="368750">Gaviidae</List>
		<List recon_name="Aechmophorus_occidentalis,Aechmophorus_clarkii,Podiceps_cristatus,Tachybaptus_ruficollis" recon_no="161510;368270;372487;369016">Podicipedidae</List>
	</Taxa>
	<Characters>
		<Molecular/>
		<Morphological number="47">
			<Type>Osteology</Type>
		</Morphological>
		<Behavioural/>
		<Other/>
	</Characters>
	<Analysis>
		<Type>Maximum Parsimony</Type>
	</Analysis>
	<Notes>Based on reanalysis of the original matrix.</Notes>
	<Filename>Bourdon_etal_2005a</Filename>
	<Parent/>
	<Sibling/>
</SourceTree>
