<?xml version="1.0" standalone="yes"?>
<SourceTree>
	<Source>
		<Author>
			<List>Boyd, C. A.</List>
			<List>Brown, C. M.</List>
			<List>Scheetz, R. D.</List>
			<List>Clarke, J. A.</List>
		</Author>
		<Year>2009</Year>
		<Title>Taxonomic revision of the basal neornithischian taxa <em>Thesecelosaurus</em> and <em>Bugenasaura</em></Title>
		<Journal>Journal of Vertebrate Paleontology</Journal>
		<Volume>29</Volume>
		<Pages>758-770</Pages>
		<Booktitle/>
		<Publisher/>
		<City/>
		<Editor/>
	</Source>
	<Taxa number="27">
		<List recon_name="Scutellosaurus_lawleri" recon_no="67088">Scutellosaurus</List>
		<List recon_name="Lesothosaurus_diagnosticus" recon_no="57574">Lesothosaurus</List>
		<List recon_name="Heterodontosaurus_tucki" recon_no="52902">Heterodontosaurus</List>
		<List recon_name="Agilisaurus_louderbacki" recon_no="57223">Agilisaurus</List>
		<List recon_name="Hexinlusaurus_multidens" recon_no="71337">Hexinlusaurus</List>
		<List recon_name="Othnielosaurus_consors" recon_no="104626">Othnielosaurus</List>
		<List recon_name="Oryctodromeus_cubicularis" recon_no="103710">Oryctodromeus</List>
		<List recon_name="Zephyrosaurus_schaffi" recon_no="52889">Zephyrosaurus</List>
		<List recon_name="Orodromeus_makelai" recon_no="64338">Orodromeus</List>
		<List recon_name="Parksosaurus_warreni" recon_no="52894">Parksosaurus</List>
		<List recon_name="Thescelosaurus_neglectus" recon_no="52897">USNM_7757_slash_7758</List>
		<List recon_name="Thescelosaurus_assiniboiensis" recon_no="267489">RSM_P_dot_1225_dot_1</List>
		<List recon_name="Thescelosaurus_garbanii" recon_no="65022">LACM_33542</List>
		<List recon_name="Thescelosaurus_sp_SDSM_7210" recon_no="38742">SDSM_7210</List>
		<List recon_name="Thescelosaurus_sp_NCSM_15728" recon_no="38742">NCSM_15728</List>
		<List recon_name="Thescelosaurus_sp_MOR_979" recon_no="38742">MOR_979</List>
		<List recon_name="Thescelosaurus_sp_CMN_8537" recon_no="38742">CMN_8537</List>
		<List recon_name="Thescelosaurus_sp_LACM_33543" recon_no="38742">LACM_33543</List>
		<List recon_name="Hypsilophodon_foxii" recon_no="54190">Hypsilophodon</List>
		<List recon_name="Gasparinisaura_cincosaltensis" recon_no="65254">Gasparinisaura</List>
		<List recon_name="Tenontosaurus_dossi,Tenontosaurus_tilletti" recon_no="67272;52887">Tenontosaurus</List>
		<List recon_name="Rhabdodon_priscus" recon_no="66745">Rhabdodon</List>
		<List recon_name="Dryosaurus_altus" recon_no="54253">Dryosaurus_altus</List>
		<List recon_name="Dryosaurus_lettowvorbecki" recon_no="56515">Dryosaurus_lettowvorbecki</List>
		<List recon_name="Camptosaurus_dispar" recon_no="52880">Camptosaurus</List>
		<List recon_name="Iguanodon_bernissartensis" recon_no="58905">Iguanodon</List>
		<List recon_name="Ouranosaurus_nigeriensis" recon_no="52877">Ouranosaurus</List>
	</Taxa>
	<Characters>
		<Molecular/>
		<Morphological number="133">
			<Type>Osteology</Type>
		</Morphological>
		<Behavioural/>
		<Other/>
	</Characters>
	<Analysis>
		<Type>Maximum Parsimony</Type>
	</Analysis>
	<Notes>Based on reanalysis of the original matrix.</Notes>
	<Filename>Boyd_etal_2009a</Filename>
	<Parent>Varricchio_etal_2007a</Parent>
	<Sibling/>
</SourceTree>
