<?xml version="1.0" standalone="yes"?>
<SourceTree>
	<Source>
		<Author>
			<List>Brochu, C. A.</List>
		</Author>
		<Year>1997</Year>
		<Title>A review of &quot;<em>Leidyosuchus</em>&quot; (Crocodyliformes, Eusuchia) from the Cretaceous through Eocene of North America</Title>
		<Journal>Journal of Vertebrate Paleontology</Journal>
		<Volume>17</Volume>
		<Pages>679-697</Pages>
		<Booktitle/>
		<Publisher/>
		<City/>
		<Editor/>
	</Source>
	<Taxa number="63">
		<List recon_name="Dromaius_novaehollandiae" recon_no="53353">Dromaeus_novaehollandiae</List>
		<List recon_name="Alligator_mcgrewi" recon_no="172980">Alligator_mcgrewi</List>
		<List recon_name="Alligator_mefferdi" recon_no="96549">Alligator_mefferdi</List>
		<List recon_name="Alligator_mississippiensis" recon_no="110824">Alligator_mississippiensis</List>
		<List recon_name="Alligator_olseni" recon_no="110673">Alligator_olseni</List>
		<List recon_name="Alligator_prenasalis" recon_no="172984">Alligator_prenasalis</List>
		<List recon_name="Alligator_sinensis" recon_no="173237">Alligator_sinensis</List>
		<List recon_name="Allognathosuchus_mooki" recon_no="110953">Allognathosuchus_mooki</List>
		<List recon_name="Allognathosuchus_wartheni" recon_no="110971">Allognathosuchus_wartheni</List>
		<List recon_name="Arambourgia_gaudryi" recon_no="288336">Arambourgia_gaudryi</List>
		<List recon_name="Asiatosuchus_germanicus" recon_no="194881">Asiatosuchus_germanicus</List>
		<List recon_name="Australosuchus_clarkae" recon_no="190760">Australosuchus_clarkae</List>
		<List recon_name="Bernissartia_fagesii" recon_no="190792">Bernissartia_fagesii</List>
		<List recon_name="Brachychampsa_montana" recon_no="53186">Brachychampsa_montana</List>
		<List recon_name="Brachyuranochampsa_eversolei" recon_no="190755">Brachyuranochampsa_eversolei</List>
		<List recon_name="Caiman_crocodilus" recon_no="321259">Caiman_crocodilus</List>
		<List recon_name="Caiman_latirostris" recon_no="190757">Caiman_latirostris</List>
		<List recon_name="Caiman_yacare" recon_no="190758">Caiman_yacare</List>
		<List recon_name="Crocodylus_acer" recon_no="96559">Crocodylus_acer</List>
		<List recon_name="Crocodylus_affinis" recon_no="96550">Crocodylus_affinis</List>
		<List recon_name="Crocodylus_cataphractus" recon_no="190803">Crocodylus_cataphractus</List>
		<List recon_name="Crocodylus_lloidi" recon_no="158093">Crocodylus_lloidi</List>
		<List recon_name="Crocodylus_megarhinus" recon_no="158092">Crocodylus_megarhinus</List>
		<List recon_name="Crocodylus_niloticus" recon_no="158096">Crocodylus_niloticus</List>
		<List recon_name="Crocodylus_palaeindicus" recon_no="266673">Crocodylus_palaeindicus</List>
		<List recon_name="Crocodylus_porosus" recon_no="190802">Crocodylus_porosus</List>
		<List recon_name="Crocodylus_rhombifer" recon_no="266712">Crocodylus_rhombifer</List>
		<List recon_name="Crocodylus_robustus" recon_no="190801">Crocodylus_robustus</List>
		<List recon_name="Crocodilus_spenceri" recon_no="155295">Crocodylus_spenceri</List>
		<List recon_name="Diplocynodon_darwini" recon_no="266209">Diplocynodon_darwini</List>
		<List recon_name="Diplocynodon_hantoniensis" recon_no="265988">Diplocynodon_hantoniensis</List>
		<List recon_name="Diplocynodon_ratelii" recon_no="265987">Diplocynodon_ratelii</List>
		<List recon_name="Crocodylus_depressifrons" recon_no="266686">Dormaal_crocodyloid</List>
		<List recon_name="Eocaiman_cavernensis" recon_no="57017">Eocaiman_cavernensis</List>
		<List recon_name="Eogavialis_africanum" recon_no="190775">Eogavialis_africanus</List>
		<List recon_name="Euthecodon_arambourgi" recon_no="266017">Euthecodon_arambourgii</List>
		<List recon_name="Gavialis_gangeticus" recon_no="190776">Gavialis_gangeticus</List>
		<List recon_name="Gavialis_lewisi" recon_no="131835">Gavialis_lewisi</List>
		<List recon_name="Gavialosuchus_americana" recon_no="69924">Gavialosuchus_americanus</List>
		<List recon_name="Pachycheilosuchus_trinquei" recon_no="53398">Glen_Rose_Form</List>
		<List recon_name="Gryposuchus_colombianus" recon_no="190779">Gryposuchus_colombianus</List>
		<List recon_name="Hylaeochampsa_vectiana" recon_no="190781">Hylaeochampsa_vectiana</List>
		<List recon_name="Leidyosuchus_acutidentatus" recon_no="110902">Leidyosuchus_acutidentatus</List>
		<List recon_name="Leidyosuchus_canadensis" recon_no="65784">Leidyosuchus_canadensis</List>
		<List recon_name="Leidyosuchus_formidabilis" recon_no="110905">Leidyosuchus_formidabilis</List>
		<List recon_name="Leidyosuchus_sternbergii" recon_no="134839">Leidyosuchus_sternbergii</List>
		<List recon_name="Leidyosuchus_wilsoni" recon_no="97255">Leidyosuchus_wilsoni</List>
		<List recon_name="Melanosuchus_niger" recon_no="190756">Melanosuchus_niger</List>
		<List recon_name="Mourasuchus_atopus,Orthogenysuchus_olseni" recon_no="267869;97257">Nettosuchidae</List>
		<List recon_name="Osteolaemus_tetraspes" recon_no="190805">Osteolaemus_tetraspis</List>
		<List recon_name="Paleosuchus_palpebrosus" recon_no="317103">Paleosuchus_palpebrosus</List>
		<List recon_name="Paleosuchus_trigonatus" recon_no="190759">Paleosuchus_trigonatus</List>
		<List recon_name="Pristichampsus_vorax" recon_no="96558">Pristichampsus_vorax</List>
		<List recon_name="Procaimanoidea_kayi" recon_no="110956">Procaimanoidea_kayi</List>
		<List recon_name="Prodiplocynodon_langi" recon_no="54257">Prodiplocynodon_langi</List>
		<List recon_name="Purussaurus_neivensis" recon_no="265907">Purussaurus_neivensis</List>
		<List recon_name="Stangerochampsa_mccabei" recon_no="190763">Stangerochampsa_mccabei</List>
		<List recon_name="Thoracosaurus_scanicus" recon_no="184633">Thoracosaurus_scanicus</List>
		<List recon_name="Tomistoma_cairense" recon_no="194882">Tomistoma_cairense</List>
		<List recon_name="Tomistoma_lusitanica" recon_no="83335">Tomistoma_lusitanica</List>
		<List recon_name="Tomistoma_schlegelii" recon_no="190748">Tomistoma_schlegelii</List>
		<List recon_name="Wannaganosuchus_brachymanus" recon_no="110907">Wannaganosuchus_brachymanus</List>
		<List recon_name="Leidyosuchus_multidentatus" recon_no="97258">Leidyosuchus_multidentatus</List>
	</Taxa>
	<Characters>
		<Molecular/>
		<Morphological number="164">
			<Type>Osteology</Type>
		</Morphological>
		<Behavioural/>
		<Other/>
	</Characters>
	<Analysis>
		<Type>Maximum Parsimony</Type>
	</Analysis>
	<Notes>Based on reanalysis of the original matrix.</Notes>
	<Filename>Brochu_1997b</Filename>
	<Parent>Brochu_1997ab</Parent>
	<Sibling/>
</SourceTree>
