<?xml version="1.0" standalone="yes"?>
<SourceTree>
	<Source>
		<Author>
			<List>Brusatte, S. L.</List>
			<List>Benson, R. B. J.</List>
			<List>Chure, D. J.</List>
			<List>Xu, X.</List>
			<List>Sullivan, C.</List>
			<List>Hone, D. W. E.</List>
		</Author>
		<Year>2009</Year>
		<Title>The first definitive carcharodontosaurid (Dinosauria: Theropoda) from Asia and the delayed ascent of tyrannosaurids</Title>
		<Journal>Naturwissenschaften</Journal>
		<Volume>96</Volume>
		<Pages>1051-1058</Pages>
		<Booktitle/>
		<Publisher/>
		<City/>
		<Editor/>
	</Source>
	<Taxa number="14">
		<List recon_name="Herrerasaurus_ischigualastensis" recon_no="55000">Herrerasaurus</List>
		<List recon_name="Torvosaurus_tanneri" recon_no="53375">Torvosaurus</List>
		<List recon_name="Coelophysis_bauri" recon_no="55477">Coelophysis</List>
		<List recon_name="Compsognathus_longipes,Huaxiagnathus_orientalis,Mirischia_asymmetrica,Sinosauropteryx_prima" recon_no="53007;68221;58896;54549">Compsognathidae</List>
		<List recon_name="Sinraptor_dongi" recon_no="54821">Sinraptor</List>
		<List recon_name="Allosaurus_fragilis" recon_no="52962">Allosaurus</List>
		<List recon_name="Neovenator_salerii" recon_no="64120">Neovenator</List>
		<List recon_name="Shaochilong_maortuensis" recon_no="161117">Shaochilong</List>
		<List recon_name="Tyrannotitan_chubutensis" recon_no="77208">Tyrannotitan</List>
		<List recon_name="Carcharodontosaurus_iguidensis,Carcharodontosaurus_saharicus" recon_no="113860;65365">Carcharodontosaurus</List>
		<List recon_name="Giganotosaurus_carolinii" recon_no="54541">Giganotosaurus</List>
		<List recon_name="Mapusaurus_roseae" recon_no="77206">Mapusaurus</List>
		<List recon_name="Acrocanthosaurus_atokensis" recon_no="55482">Acrocanthosaurus</List>
		<List recon_name="Eocarcharia_dinops" recon_no="123318">Eocarcharia</List>
	</Taxa>
	<Characters>
		<Molecular/>
		<Morphological number="106">
			<Type>Osteology</Type>
		</Morphological>
		<Behavioural/>
		<Other/>
	</Characters>
	<Analysis>
		<Type>Maximum Parsimony</Type>
	</Analysis>
	<Notes>Based on reanalysis of the original matrix.</Notes>
	<Filename>Brusatte_etal_2009ab</Filename>
	<Parent>Brusatte_et_Sereno_2008a</Parent>
	<Sibling/>
</SourceTree>
