<?xml version="1.0" standalone="yes"?>
<SourceTree>
	<Source>
		<Author>
			<List>Brusatte, S. L.</List>
			<List>Carr, T. D.</List>
			<List>Erickson, G. M.</List>
			<List>Bever, G. S.</List>
			<List>Norell, M. A.</List>
		</Author>
		<Year>2009</Year>
		<Title>A long-snouted, multihorned tyrannosaurid from the Late Cretaceous of Mongolia</Title>
		<Journal>Proceedings of the National Academy of Sciences, USA</Journal>
		<Volume>106</Volume>
		<Pages>17261-17266</Pages>
		<Booktitle/>
		<Publisher/>
		<City/>
		<Editor/>
	</Source>
	<Taxa number="20">
		<List recon_name="Coelophysis_bauri" recon_no="55477">Coelophysis</List>
		<List recon_name="Allosaurus_fragilis" recon_no="52962">Allosaurus</List>
		<List recon_name="Velociraptor_mongoliensis" recon_no="54554">Velociraptor</List>
		<List recon_name="Sinosauropteryx_prima" recon_no="54549">Sinosauropteryx</List>
		<List recon_name="Dilong_paradoxus" recon_no="58836">Dilong</List>
		<List recon_name="Guanlong_wucaii" recon_no="71191">Guanlong</List>
		<List recon_name="Dryptosaurus_aquilunguis" recon_no="53030">Dryptosaurus</List>
		<List recon_name="Appalachiosaurus_montgomeriensis" recon_no="65080">Appalachiosaurus</List>
		<List recon_name="Eotyrannus_lengi" recon_no="68317">Eotyrannus</List>
		<List recon_name="Xiongguanlong_baimoensis" recon_no="146100">Xiongguanlong</List>
		<List recon_name="Bistahieversor_sealeyi" recon_no="163808">New_taxon_from_New_Mexico</List>
		<List recon_name="Gorgosaurus_libratus" recon_no="53194">Gorgosaurus_libratus</List>
		<List recon_name="Albertosaurus_sarcophagus" recon_no="56319">Albertosaurus_sarcophagus</List>
		<List recon_name="Teratophoneus_curriei" recon_no="176781">New_taxon_from_Utah</List>
		<List recon_name="Daspletosaurus_horneri,Daspletosaurus_torosus" recon_no="351539;57258">Daspletosaurus_spp</List>
		<List recon_name="Daspletosaurus_horneri" recon_no="351539">Daspletosaurus_sp_MOR590</List>
		<List recon_name="Tyrannosaurus_rex" recon_no="54833">Tyrannosaurus_rex</List>
		<List recon_name="Tyrannosaurus_bataar" recon_no="63705">Tyrannosaurus_bataar</List>
		<List recon_name="Alioramus_altai" recon_no="176782">Alioramus_altai</List>
		<List recon_name="Alioramus_remotus" recon_no="57259">Alioramus_remotus</List>
	</Taxa>
	<Characters>
		<Molecular/>
		<Morphological number="279">
			<Type>Osteology</Type>
		</Morphological>
		<Behavioural/>
		<Other/>
	</Characters>
	<Analysis>
		<Type>Maximum Parsimony</Type>
	</Analysis>
	<Notes>Based on reanalysis of the original matrix.</Notes>
	<Filename>Brusatte_etal_2009bb</Filename>
	<Parent>Carr_et_Williamson_2010a</Parent>
	<Sibling/>
</SourceTree>
