<?xml version="1.0" standalone="yes"?>
<SourceTree>
	<Source>
		<Author>
			<List>Buscalioni, A. D.</List>
			<List>Sanz, J. L.</List>
		</Author>
		<Year>1988</Year>
		<Title>Phylogenetic relationships of the Atoposauridae (Archosauria, Crocodylomorpha)</Title>
		<Journal>Historical Biology</Journal>
		<Volume>1</Volume>
		<Pages>233-250</Pages>
		<Booktitle/>
		<Publisher/>
		<City/>
		<Editor/>
	</Source>
	<Taxa number="6">
		<List recon_name="Orthosuchus_stormbergi" recon_no="133366">Orthosuchus</List>
		<List recon_name="Atoposaurus_jourdani,Atoposaurus_oberndorferi" recon_no="210841;210842">Atoposaurus</List>
		<List recon_name="Alligatorellus_beaumonti" recon_no="243452">Alligatorellus</List>
		<List recon_name="Alligatorium_meyeri" recon_no="276865">Alligatorium</List>
		<List recon_name="Montsecosuchus_depereti" recon_no="198782">Montsecosuchus</List>
		<List recon_name="Theriosuchus_pusillus" recon_no="69512">Theriosuchus</List>
	</Taxa>
	<Characters>
		<Molecular/>
		<Morphological number="9">
			<Type>Osteology</Type>
		</Morphological>
		<Behavioural/>
		<Other/>
	</Characters>
	<Analysis>
		<Type>Maximum Parsimony</Type>
	</Analysis>
	<Notes>Based on reanalysis of the original matrix.</Notes>
	<Filename>Buscalioni_et_Sanz_1988ac</Filename>
	<Parent/>
	<Sibling/>
</SourceTree>
