<?xml version="1.0" standalone="yes"?>
<SourceTree>
	<Source>
		<Author>
			<List>Buscalioni, A. D.</List>
			<List>Ortega, F.</List>
			<List>Perez-Moreno, B. P.</List>
			<List>Evans, S. E.</List>
		</Author>
		<Year>1996</Year>
		<Title>The Upper Jurasssic maniraptoran theropod <em>Lisboasaurus estesi</em> (Guimarota, Portugal) reinterpreted as a crocodylomorph</Title>
		<Journal>Journal of Vertebrate Paleontology</Journal>
		<Volume>16</Volume>
		<Pages>358-362</Pages>
		<Booktitle/>
		<Publisher/>
		<City/>
		<Editor/>
	</Source>
	<Taxa number="12">
		<List recon_name="Proterochampsa_barrionuevoi" recon_no="333703">Proterochampsa</List>
		<List recon_name="Erythrosuchus_africanus,Fugusuchus_hejiapanensis,Garjainia_prima,Shansisuchus_shansisuchus,Vjushkovia_sinensis,Vjushkovia_triplocostata" recon_no="163009;174042;200145;174032;100517;119074">Erythrosuchidae</List>
		<List recon_name="Adasaurus_mongoliensis,Deinonychus_antirrhopus,Dromaeosaurus_albertensis,Hulsanpes_perlei,Saurornitholestes_langstoni,Velociraptor_mongoliensis" recon_no="57261;54555;54550;67680;54556;54554">Dromaeosauridae</List>
		<List recon_name="Borogovia_gracilicrus,Saurornithoides_junior,Saurornithoides_mongoliensis,Sinornithoides_youngi,Tochisaurus_nemegtensis,Troodon_formosus" recon_no="64791;57262;54470;64145;66620;54818">Troodontidae</List>
		<List recon_name="Archaeopteryx_lithographica" recon_no="55487">Archaeopteryx</List>
		<List recon_name="Hesperornis_regalis" recon_no="96488">Hesperornis</List>
		<List recon_name="Anserimimus_planinychus,Archaeornithomimus_asiaticus,Dromiceiomimus_brevitertius,Dromiceiomimus_samueli,Gallimimus_bullatus,Ornithomimus_edmontonensis,Ornithomimus_velox,Struthiomimus_altus" recon_no="66672;57276;66907;57272;57265;57270;57269;57266">Ornithomimosauria</List>
		<List recon_name="Sphenosuchus_acutus" recon_no="56653">Sphenosuchus</List>
		<List recon_name="Protosuchus_richardsoni" recon_no="180582">Protosuchus</List>
		<List recon_name="Notosuchus_terrestris" recon_no="192075">Notosuchus</List>
		<List recon_name="Lisboasaurus_estesi" recon_no="77041">Lisboasaurus_estesi</List>
		<List recon_name="Neosuchia_indet_LH_dash_7991" recon_no="93883">Las_Hoyas_crocodylomorph</List>
	</Taxa>
	<Characters>
		<Molecular/>
		<Morphological number="20">
			<Type>Osteology</Type>
		</Morphological>
		<Behavioural/>
		<Other/>
	</Characters>
	<Analysis>
		<Type>Maximum Parsimony</Type>
	</Analysis>
	<Notes>Based on reanalysis of the original matrix.</Notes>
	<Filename>Buscalioni_etal_1996a</Filename>
	<Parent/>
	<Sibling/>
</SourceTree>
