<?xml version="1.0" standalone="yes"?>
<SourceTree>
	<Source>
		<Author>
			<List>Butler, R. J.</List>
			<List>Brusatte, S. L.</List>
			<List>Reich, M.</List>
			<List>Nesbitt, S. J.</List>
			<List>Schoch, R. R.</List>
			<List>Hornung, J. J.</List>
		</Author>
		<Year>2011</Year>
		<Title>The sail-backed reptile <em>Ctenosauriscus</em> from the latest Early Triassic of Germany and the timing and biogeography of the early archosaur radiation</Title>
		<Journal>PLoS One</Journal>
		<Volume>6</Volume>
		<Pages>1-28</Pages>
		<Booktitle/>
		<Publisher/>
		<City/>
		<Editor/>
	</Source>
	<Taxa number="58">
		<List recon_name="Erythrosuchus_africanus" recon_no="163009">Erythrosuchus</List>
		<List recon_name="Euparkeria_capensis" recon_no="99170">Euparkeria</List>
		<List recon_name="Chanaresuchus_bonapartei,Gualosuchus_reigi,Proterochampsa_barrionuevoi,Tropidosuchus_romeri" recon_no="80890;80891;333703;178346">PROTEROCHAMPSIDAE</List>
		<List recon_name="Scleromochlus_taylori" recon_no="63718">Scleromochlus</List>
		<List recon_name="Dimorphodon_macronyx" recon_no="95810">Dimorphodon</List>
		<List recon_name="Eudimorphodon_ranzii" recon_no="131614">Eudimorphodon</List>
		<List recon_name="Pteranodon_longiceps" recon_no="52932">Pteranodon</List>
		<List recon_name="Lagerpeton_chanarensis" recon_no="66341">Lagerpeton</List>
		<List recon_name="Dromomeron_romeri" recon_no="104966">Dromomeron</List>
		<List recon_name="Marasuchus_lilloensis" recon_no="66342">Marasuchus</List>
		<List recon_name="Pseudolagosuchus_major" recon_no="65486">Pseudolagosuchus</List>
		<List recon_name="Lewisuchus_admixtus" recon_no="67917">Lewisuchus</List>
		<List recon_name="Silesaurus_opolensis" recon_no="81776">Silesaurus</List>
		<List recon_name="Sacisaurus_agudoensis" recon_no="119885">Sacisaurus</List>
		<List recon_name="Eucoelophysis_baldwini" recon_no="68126">Eucoelophysis</List>
		<List recon_name="Herrerasaurus_ischigualastensis" recon_no="55000">Herrerasaurus</List>
		<List recon_name="Coelophysis_bauri" recon_no="55477">Coelophysis</List>
		<List recon_name="Plateosaurus_longiceps" recon_no="64684">Plateosaurus</List>
		<List recon_name="Lesothosaurus_diagnosticus" recon_no="57574">Lesothosaurus</List>
		<List recon_name="Psittacosaurus_major" recon_no="103803">Psittacosaurus</List>
		<List recon_name="Heterodontosaurus_tucki" recon_no="52902">Heterodontosaurus</List>
		<List recon_name="Revueltosaurus_callenderi" recon_no="64950">Revuletosaurus</List>
		<List recon_name="Parasuchus_hislopi" recon_no="159217">Paleorhinus</List>
		<List recon_name="Rutiodon_carolinensis" recon_no="64947">Rutiodon</List>
		<List recon_name="Mystriosuchus_planirostris" recon_no="64945">Mystriosuchus</List>
		<List recon_name="Aetosaurus_ferratus" recon_no="156403">Aetosaurus</List>
		<List recon_name="Stagonolepis_robertsoni" recon_no="119075">Stagonolepis</List>
		<List recon_name="Desmatosuchus_smalli,Desmatosuchus_spurensis" recon_no="71646;100584">Desmatosuchus</List>
		<List recon_name="Qianosuchus_mixtus" recon_no="144375">Qianosuchus</List>
		<List recon_name="Fasolasuchus_tenax" recon_no="119073">Fasolasuchus</List>
		<List recon_name="Stagonosuchus_nyassicus" recon_no="178332">Stagonosuchus</List>
		<List recon_name="Ticinosuchus_ferox" recon_no="119065">Ticinosuchus</List>
		<List recon_name="Yarasuchus_deccanensis" recon_no="148343">Yarasuchus</List>
		<List recon_name="Arganasuchus_dutuiti" recon_no="164793">Arganasuchus</List>
		<List recon_name="Ornithosuchus_woodwardi" recon_no="55573">Ornithosuchus</List>
		<List recon_name="Riojasuchus_tenuisceps" recon_no="66677">Riojasuchus</List>
		<List recon_name="Lotosaurus_adentus" recon_no="119072">Lotosaurus</List>
		<List recon_name="Arizonasaurus_babbitti" recon_no="55052">Arizonasaurus</List>
		<List recon_name="Bromsgroveia_walkeri" recon_no="54994">Bromsgroveia</List>
		<List recon_name="Ctenosauriscus_koeneni" recon_no="185653">Ctenosauriscus</List>
		<List recon_name="Ctenosauriscidae_indet_SMNS_91402_to_91405_and_91041" recon_no="199118">WaldhausTaxon</List>
		<List recon_name="Hypselorhachis_mirabilis" recon_no="160314">Hypselorhachis</List>
		<List recon_name="Poposaurus_langstoni" recon_no="178205">Poposaurus</List>
		<List recon_name="Sillosuchus_longicervix" recon_no="149850">Sillosuchus</List>
		<List recon_name="Effigia_okeeffeae" recon_no="70615">Effigia</List>
		<List recon_name="Shuvosaurus_inexpectatus" recon_no="90276">Shuvosaurus</List>
		<List recon_name="Saurosuchus_galilei" recon_no="119066">Saurosuchus</List>
		<List recon_name="Batrachotomus_kupferzellensis" recon_no="174468">Batrachotomus</List>
		<List recon_name="Prestosuchus_chiniquensis,Prestosuchus_loricatus" recon_no="100831;100833">Prestosuchus</List>
		<List recon_name="Rauisuchus_tiradentes" recon_no="100838">Rauisuchus</List>
		<List recon_name="Tikisuchus_romeri" recon_no="119071">Tikisuchus</List>
		<List recon_name="Postosuchus_kirkpatricki" recon_no="69074">Postosuchus</List>
		<List recon_name="Polonosuchus_silesiacus" recon_no="149290">Polonosuchus</List>
		<List recon_name="Gracilisuchus_stipanicicorum" recon_no="80900">Gracilisuchus</List>
		<List recon_name="Erpetosuchus_granti" recon_no="55572">Erpetosuchus</List>
		<List recon_name="Terrestrisuchus_gracilis" recon_no="184613">Terrestrisuchus</List>
		<List recon_name="Sphenosuchus_acutus" recon_no="56653">Sphenosuchus</List>
		<List recon_name="Protosuchus_richardsoni" recon_no="180582">Protosuchus</List>
	</Taxa>
	<Characters>
		<Molecular/>
		<Morphological number="193">
			<Type>Osteology</Type>
		</Morphological>
		<Behavioural/>
		<Other/>
	</Characters>
	<Analysis>
		<Type>Maximum Parsimony</Type>
	</Analysis>
	<Notes>Based on reanalysis of the original matrix.</Notes>
	<Filename>Butler_etal_2011aa</Filename>
	<Parent>Brusatte_etal_2010b</Parent>
	<Sibling/>
</SourceTree>
