<?xml version="1.0" standalone="yes"?>
<SourceTree>
	<Source>
		<Author>
			<List>Butler, R. J.</List>
		</Author>
		<Year>2005</Year>
		<Title>The 'fabrosaurid' ornithischian dinosaurs of the Upper Elliot Formation (Lower Jurassic) of South Africa and Lesotho</Title>
		<Journal>Zoological Journal of the Linnean Society</Journal>
		<Volume>145</Volume>
		<Pages>175-218</Pages>
		<Booktitle/>
		<Publisher/>
		<City/>
		<Editor/>
	</Source>
	<Taxa number="23">
		<List recon_name="Marasuchus_lilloensis" recon_no="66342">Marasuchus</List>
		<List recon_name="Aliwalia_rex,Alwalkeria_maleriensis,Ammosaurus_major,Anchisaurus_polyzelus,Azendohsaurus_laaroussi,Camelotia_borealis,Chindesaurus_bryansmalli,Coelophysis_bauri,Coloradisaurus_brevis,Dilophosaurus_wetherilli,Eoraptor_lunensis,Euskelosaurus_browni,Guaibasaurus_candelariensis,Gyposaurus_sinensis,Herrerasaurus_ischigualastensis,Jingshanosaurus_xinwaensis,Lessemsaurus_sauropoides,Lufengosaurus_huenei,Melanorosaurus_readi,Melanorosaurus_thabanensis,Mussaurus_patagonicus,Plateosaurus_engelhardti,Plateosaurus_longiceps,Riojasaurus_incertus,Ruehleia_bedheimensis,Saturnalia_tupiniquim,Sellosaurus_gracilis,Staurikosaurus_pricei,Thecodontosaurus_antiquus,Yunnanosaurus_huangi,Yunnanosaurus_youngi" recon_no="55003;66344;54161;64382;90678;56586;66909;55477;68584;57251;57454;85818;66571;64288;55000;64138;68588;56597;54980;56589;66682;56683;64684;56585;65100;68124;54996;55001;56627;56629;106244">Saurischia</List>
		<List recon_name="Pisanosaurus_mertii" recon_no="64409">Pisanosaurus</List>
		<List recon_name="Lesothosaurus_diagnosticus" recon_no="57574">Lesothosaurus</List>
		<List recon_name="Eocursor_parvus" recon_no="104624">SAM_dash_PK_dash_K8025</List>
		<List recon_name="Stormbergia_dangershoeki" recon_no="68157">Stormbergia</List>
		<List recon_name="Agilisaurus_louderbacki" recon_no="57223">Agilisaurus</List>
		<List recon_name="Yandusaurus_hongheensis" recon_no="52892">Yandsaurus</List>
		<List recon_name="Heterodontosaurus_tucki" recon_no="52902">Heterodontosaurus</List>
		<List recon_name="Abrictosaurus_consors" recon_no="52903">Abrictosaurus</List>
		<List recon_name="Jeholosaurus_shangyuanensis" recon_no="68237">Jeholosaurus</List>
		<List recon_name="Hypsilophodon_foxii" recon_no="54190">Hypsilophodon</List>
		<List recon_name="Gasparinisaura_cincosaltensis" recon_no="65254">Gasparinisaura</List>
		<List recon_name="Thescelosaurus_neglectus" recon_no="52897">Thescelosaurus</List>
		<List recon_name="Parksosaurus_warreni" recon_no="52894">Parksosaurus</List>
		<List recon_name="Altirhinus_kurzanovi,Camptosaurus_amplus,Camptosaurus_dispar,Camptosaurus_hoggi,Camptosaurus_prestwichii,Craspedodon_lonzeensis,Draconyx_loureiroi,Dryosaurus_altus,Dryosaurus_lettowvorbecki,Eolambia_caroljonesa,Equijubus_normani,Fukuisaurus_tetoriensis,Iguanodon_anglicus,Iguanodon_atherfieldensis,Iguanodon_bernissartensis,Iguanodon_dawsoni,Iguanodon_fittoni,Iguanodon_lakotaensis,Jinzhousaurus_yangi,Lurdusaurus_arenatus,Muttaburrasaurus_langdoni,Nanyangosaurus_zhugeii,Ouranosaurus_nigeriensis,Planicoxa_venenica,Probactrosaurus_alashanicus,Probactrosaurus_gobiensis,Protohadros_byrdi,Rhabdodon_priscus,Rhabdodon_septimanicus,Shuangmiaosaurus_gilmorei,Tenontosaurus_dossi,Tenontosaurus_tilletti,Valdosaurus_canaliculatus,Valdosaurus_nigeriensis,Zalmoxes_robustus,Zalmoxes_shqiperorum" recon_no="58903;65781;52880;92686;64519;66257;65336;54253;56515;66500;58927;68189;66729;64255;58905;66721;64508;65389;90097;64411;64271;68243;52877;66518;58906;52878;64527;66745;67672;84662;67272;52887;52886;64647;66743;66744">Iguanodontia</List>
		<List recon_name="Goyocephale_lattimorei,Gravitholus_albertae,Homalocephale_calathocercos,Micropachycephalosaurus_hongtuyanensis,Ornatotholus_browni,Pachycephalosaurus_wyomingensis,Prenocephale_prenes,Sphaerotholus_buchholtzae,Sphaerotholus_goodwini,Stegoceras_edmontonense,Stegoceras_validum,Stenopelix_valdensis,Stygimoloch_spinifer,Tylocephale_gilmorei,Wannanosaurus_yansiensis,Yaverlandia_bitholus" recon_no="52838;56566;52836;54840;56568;52835;52833;67683;67682;56571;56570;65431;56577;66451;52840;56581">Pachycephalosauria</List>
		<List recon_name="Achelousaurus_horneri,Anchiceratops_ornatus,Archaeoceratops_oshimai,Arrhinoceratops_brachyops,Avaceratops_lammersi,Bagaceratops_rozhdestvenskyi,Brachyceratops_montanensis,Centrosaurus_apertus,Chaoyangsaurus_youngi,Chasmosaurus_belli,Chasmosaurus_irvinensis,Chasmosaurus_mariscalensis,Chasmosaurus_russelli,Diceratops_hatcheri,Einiosaurus_procurvicornis,Graciliceratops_mongoliensis,Leptoceratops_gracilis,Liaoceratops_yanzigouensis,Monoclonius_crassus,Montanoceratops_cerorhynchus,Pachyrhinosaurus_canadensis,Pentaceratops_sternbergii,Protoceratops_andrewsi,Protoceratops_hellenikorhinus,Psittacosaurus_guyangensis,Psittacosaurus_mazongshanensis,Psittacosaurus_meileyingensis,Psittacosaurus_mongoliensis,Psittacosaurus_neimongoliensis,Psittacosaurus_ordosensis,Psittacosaurus_osborni,Psittacosaurus_sinensis,Psittacosaurus_xinjiangensis,Psittacosaurus_youngi,Styracosaurus_albertensis,Torosaurus_latus,Triceratops_horridus,Udanoceratops_tschizhovi,Zuniceratops_christopheri" recon_no="53955;63447;55576;63401;55539;52826;63895;63911;55580;66019;64731;52772;66020;63890;53954;67674;52827;55582;54486;52830;66023;55033;52824;57342;65683;58884;65708;52831;64142;64143;65706;65705;65707;65946;56144;63773;63759;66585;66591">Ceratopsia</List>
		<List recon_name="Scutellosaurus_lawleri" recon_no="67088">Scutellosaurus</List>
		<List recon_name="Emausaurus_ernsti" recon_no="64406">Emausaurus</List>
		<List recon_name="Scelidosaurus_harrisonii" recon_no="53042">Scelidosaurus</List>
		<List recon_name="Huayangosaurus_taibaii,Chialingosaurus_kuani,Chungkingosaurus_jiangbeiensis,Craterosaurus_pottonensis,Dacentrurus_armatus,Dravidosaurus_blanfordi,Hesperosaurus_mjosi,Kentrosaurus_aethiopicus,Lexovisaurus_durobrivensis,Monkonosaurus_lawulacus,Paranthodon_africanus,Stegosaurus_armatus,Stegosaurus_stenops,Stegosaurus_longispinus,Tuojiangosaurus_multispinus,Wuerhosaurus_homheni,Wuerhosaurus_ordosensis" recon_no="54858;56486;56487;56488;56505;56489;68159;56490;56501;65696;56497;52941;56491;56492;54854;56493;64144">Stegosauria</List>
		<List recon_name="Gargoyleosaurus_parkpinorum,Minmi_paravertebrata,Gastonia_burgei,Gobisaurus_domoculus,Shamosaurus_scutatus,Tsagantegia_longicranialis,Tarchia_gigantea,Saichania_chulsanensis,Talarurus_plicatospineus,Pinacosaurus_grangeri,Pinacosaurus_mephistocephalus,Tianzhenosaurus_youngi,Ankylosaurus_magniventris,Euoplocephalus_tutus,Nodocephalosaurus_kirtlandensis,Cedarpelta_bilbeyhallorum,Pawpawsaurus_campbelli,Sauropelta_edwardsorum,Silvisaurus_condrayi,Panoplosaurus_mirus,Edmontonia_longiceps,Edmontonia_rugosidens,Animantarx_ramaljonesi,Struthiosaurus_austriacus,Struthiosaurus_languedocensis,Struthiosaurus_transylvanicus,Crichtonsaurus_bohlini,Dracopelta_zbyszewskii,Hoplitosaurus_marshi,Hylaeosaurus_armatus,Mymoorapelta_maysi,Niobrarasaurus_coleii,Nodosaurus_textilis,Polacanthus_foxii,Polacanthus_rudgwickensis,Sarcolestes_leedsi,Stegopelta_landerensis,Texasetes_pleurohalio,Amtosaurus_magnus,Amtosaurus_archibaldi,Anoplosaurus_curtonotus,Liaoningosaurus_paradoxus" recon_no="82609;64270;63701;84235;52795;68199;52905;52910;52797;52911;57343;66504;52793;63917;68008;81294;55999;81248;52791;52788;63920;66027;63699;52792;64793;64748;84233;64525;57577;52782;57683;65208;52780;52785;66726;64524;63886;66852;57226;57227;56558;68245">Ankylosauria</List>
	</Taxa>
	<Characters>
		<Molecular/>
		<Morphological number="73">
			<Type>Osteology</Type>
		</Morphological>
		<Behavioural/>
		<Other/>
	</Characters>
	<Analysis>
		<Type>Maximum Parsimony</Type>
	</Analysis>
	<Notes>Based on reanalysis of the original matrix.</Notes>
	<Filename>Butler_2005a</Filename>
	<Parent/>
	<Sibling/>
</SourceTree>
