<?xml version="1.0" standalone="yes"?>
<SourceTree>
	<Source>
		<Author>
			<List>Butler, R. J.</List>
			<List>Upchurch, P.</List>
			<List>Norman, D. B.</List>
		</Author>
		<Year>2008</Year>
		<Title>The phylogeny of the ornithischian dinosaurs</Title>
		<Journal>Journal of Systematic Palaeontology</Journal>
		<Volume>6</Volume>
		<Pages>1-40</Pages>
		<Booktitle/>
		<Publisher/>
		<City/>
		<Editor/>
	</Source>
	<Taxa number="46">
		<List recon_name="Euparkeria_capensis" recon_no="99170">Euparkeria</List>
		<List recon_name="Marasuchus_lilloensis" recon_no="66342">Marasuchus</List>
		<List recon_name="Herrerasaurus_ischigualastensis" recon_no="55000">Herrerasaurus</List>
		<List recon_name="Abrictosaurus_consors" recon_no="52903">Abrictosaurus</List>
		<List recon_name="Heterodontosauridae_indet_NHMUK_RU_A100" recon_no="38722">BMNH_A100</List>
		<List recon_name="Echinodon_becklesii" recon_no="58901">Echinodon</List>
		<List recon_name="Heterodontosaurus_tucki" recon_no="52902">Heterodontosaurus</List>
		<List recon_name="Lycorhinus_angustidens" recon_no="52899">Lycorhinus</List>
		<List recon_name="Pisanosaurus_mertii" recon_no="64409">Pisanosaurus</List>
		<List recon_name="Stormbergia_dangershoeki" recon_no="68157">Stormbergia</List>
		<List recon_name="Agilisaurus_louderbacki" recon_no="57223">Agilisaurus</List>
		<List recon_name="Hexinlusaurus_multidens" recon_no="71337">Hexinlusaurus</List>
		<List recon_name="Anabisetia_saldiviai" recon_no="67279">Anabisetia</List>
		<List recon_name="Bugenasaura_infernalis" recon_no="65024">Bugenasaura</List>
		<List recon_name="Hypsilophodon_foxii" recon_no="54190">Hypsilophodon</List>
		<List recon_name="Jeholosaurus_shangyuanensis" recon_no="68237">Jeholosaurus</List>
		<List recon_name="Orodromeus_makelai" recon_no="64338">Orodromeus</List>
		<List recon_name="Othnielia_rex" recon_no="64495">Othnielia</List>
		<List recon_name="Talenkauen_santacrucensis" recon_no="67277">Talenkauen</List>
		<List recon_name="Thescelosaurus_neglectus" recon_no="52897">Thescelosaurus</List>
		<List recon_name="Yandusaurus_hongheensis" recon_no="52892">Yandusaurus</List>
		<List recon_name="Zephyrosaurus_schaffi" recon_no="52889">Zephyrosaurus</List>
		<List recon_name="Rhabdodon_priscus,Zalmoxes_robustus,Zalmoxes_shqiperorum" recon_no="66745;66743;66744">Rhabdodontidae</List>
		<List recon_name="Altirhinus_kurzanovi,Bactrosaurus_johnsoni,Camptosaurus_dispar,Cumnoria_prestwichii,Edmontosaurus_regalis,Eolambia_caroljonesa,Iguanodon_atherfieldensis,Iguanodon_bernissartensis,Ouranosaurus_nigeriensis,Probactrosaurus_gobiensis,Protohadros_byrdi" recon_no="58903;57344;52880;64518;63254;66500;64255;58905;52877;52878;64527">Ankylopollexia</List>
		<List recon_name="Dryosaurus_altus,Dysalotosaurus_lettowvorbecki,Valdosaurus_canaliculatus,Valdosaurus_nigeriensis" recon_no="54253;56514;52886;64647">Dryosauridae</List>
		<List recon_name="Tenontosaurus_dossi" recon_no="67272">Tenontosaurus_dossi</List>
		<List recon_name="Tenontosaurus_tilletti" recon_no="52887">Tenontosaurus_tilletti</List>
		<List recon_name="Chaoyangsaurus_youngi" recon_no="55580">Chaoyangsaurus</List>
		<List recon_name="Micropachycephalosaurus_hongtuyanensis" recon_no="54840">Micropachycephalosaurus</List>
		<List recon_name="Hongshanosaurus_houi,Psittacosaurus_meileyingensis,Psittacosaurus_mongoliensis,Psittacosaurus_sinensis" recon_no="68370;65708;52831;65705">Psittacosauridae</List>
		<List recon_name="Liaoceratops_yanzigouensis" recon_no="55582">Liaoceratops</List>
		<List recon_name="Archaeoceratops_oshimai" recon_no="55576">Archaeoceratops</List>
		<List recon_name="Bagaceratops_rozhdestvenskyi,Centrosaurus_apertus,Leptoceratops_gracilis,Montanoceratops_cerorhynchus,Prenoceratops_pieganensis,Protoceratops_andrewsi,Triceratops_horridus,Turanoceratops_tardabilis,Udanoceratops_tschizhovi,Zuniceratops_christopheri" recon_no="52826;63911;52827;52830;96089;52824;63759;67678;66585;66591">Coronosauria_plus_Leptoceratopsidae</List>
		<List recon_name="Stenopelix_valdensis" recon_no="65431">Stenopelix</List>
		<List recon_name="Wannanosaurus_yansiensis" recon_no="52840">Wannanosaurus</List>
		<List recon_name="Goyocephale_lattimorei" recon_no="52838">Goyocephale</List>
		<List recon_name="Homalocephale_calathocercos" recon_no="52836">Homalocephale</List>
		<List recon_name="Colepiocephale_lambei,Goyocephale_lattimorei,Gravitholus_albertae,Hanssuesia_sternbergi,Homalocephale_calathocercos,Ornatotholus_browni,Pachycephalosaurus_wyomingensis,Pachycephalosauridae_indet_SMP_VP_1084,Pachycephalosauridae_indet_UCMP_130051,Prenocephale_prenes,Sphaerotholus_buchholtzae,Sphaerotholus_goodwini,Stegoceras_breve,Stegoceras_edmontonense,Stegoceras_validum,Stygimoloch_spinifer,Tylocephale_gilmorei,Wannanosaurus_yansiensis,Yaverlandia_bitholus" recon_no="67691;52838;56566;67705;52836;56568;52835;38783;38783;52833;67683;67682;86801;56571;56570;56577;66451;52840;56581">Pachycephalosauridae</List>
		<List recon_name="Gasparinisaura_cincosaltensis" recon_no="65254">Gasparinisaura</List>
		<List recon_name="Parksosaurus_warreni" recon_no="52894">Parksosaurus</List>
		<List recon_name="Lesothosaurus_diagnosticus" recon_no="57574">Lesothosaurus</List>
		<List recon_name="Scutellosaurus_lawleri" recon_no="67088">Scutellosaurus</List>
		<List recon_name="Emausaurus_ernsti" recon_no="64406">Emausaurus</List>
		<List recon_name="Scelidosaurus_harrisonii" recon_no="53042">Scelidosaurus</List>
		<List recon_name="Animantarx_ramaljonesi,Cedarpelta_bilbeyhallorum,Gastonia_burgei,Liaoningosaurus_paradoxus,Mymoorapelta_maysi,Polacanthus_foxii" recon_no="63699;81294;63701;68245;57683;52785">Ankylosauria</List>
		<List recon_name="Chialingosaurus_kauni,Chungkingosaurus_jiangbeiensis,Dacentrurus_armatus,Huayangosaurus_taibaii,Kentrosaurus_aethiopicus,Lexovisaurus_durobrivensis,Tuojiangosaurus_multispinus" recon_no="369587;56487;56505;54858;56490;56501;54854">Stegosauria</List>
	</Taxa>
	<Characters>
		<Molecular/>
		<Morphological number="221">
			<Type>Osteology</Type>
		</Morphological>
		<Behavioural/>
		<Other/>
	</Characters>
	<Analysis>
		<Type>Maximum Parsimony</Type>
	</Analysis>
	<Notes>Based on reanalysis of the original matrix.</Notes>
	<Filename>Butler_etal_2008a</Filename>
	<Parent/>
	<Sibling/>
</SourceTree>
