<?xml version="1.0" standalone="yes"?>
<SourceTree>
	<Source>
		<Author>
			<List>Cabreira, S. F.</List>
			<List>Schultz, C. L.</List>
			<List>Bittencourt, J. S.</List>
			<List>Soares, M. B.</List>
			<List>Fortier, D. C.</List>
			<List>Silva, L. R.</List>
			<List>Langer, M. C.</List>
		</Author>
		<Year>2011</Year>
		<Title>New stem-sauropodomorph (Dinosauria, Saurischia) from the Triassic of Brazil</Title>
		<Journal>Naturwissenschaften</Journal>
		<Volume>98</Volume>
		<Pages>1035-1040</Pages>
		<Booktitle/>
		<Publisher/>
		<City/>
		<Editor/>
	</Source>
	<Taxa number="13">
		<List recon_name="DELETE" recon_no="0">Outgroup</List>
		<List recon_name="Silesaurus_opolensis" recon_no="81776">Silesaurus</List>
		<List recon_name="Pisanosaurus_mertii" recon_no="64409">Pisanosaurus</List>
		<List recon_name="Heterodontosaurus_tucki,Hypsilophodon_foxii,Huayangosaurus_taibaii,Lesothosaurus_diagnosticus,Scelidosaurus_harrisonii" recon_no="52902;54190;54858;57574;53042">Ornithischians</List>
		<List recon_name="Herrerasaurus_ischigualastensis" recon_no="55000">Herrerasaurus</List>
		<List recon_name="Staurikosaurus_pricei" recon_no="55001">Staurikosaurus</List>
		<List recon_name="Eoraptor_lunensis" recon_no="57454">Eoraptor</List>
		<List recon_name="Guaibasaurus_candelariensis" recon_no="66571">Guaibasaurus</List>
		<List recon_name="Abelisaurus_comahuensis,Afrovenator_abakensis,Allosaurus_fragilis,Carnotaurus_sastrei,Ceratosaurus_nasicornis,Coelophysis_bauri,Eustreptospondylus_oxoniensis,Liliensternus_liliensterni,Dilophosaurus_wetherilli,Elaphrosaurus_bambergi,Genusaurus_sisteronis,Ilokelesia_aguadagrandensis,Laevisuchus_indicus,Majungatholus_athopus,Masiakasaurus_knopfleri,Noasaurus_leali,Ornitholestes_hermanni,Sinraptor_dongi,Syntarsus_kayentakatae,Syntarsus_rhodesiensis,Torvosaurus_tanneri,Xenotarsosaurus_bonapartei" recon_no="53945;56399;52962;54526;54165;55477;53377;56379;57251;55481;56392;54532;56390;190519;56389;54534;55484;54821;55540;55541;53375;56394">Theropods</List>
		<List recon_name="Saturnalia_tupiniquim" recon_no="68124">Saturnalia</List>
		<List recon_name="Amphicoelias_altus,Anchisaurus_polyzelus,Antetonitrus_ingenipes,Apatosaurus_louisae,Barapasaurus_tagorei,Barosaurus_lentus,Blikanasaurus_cromptoni,Brontosaurus_excelsus,Camarasaurus_supremus,Coloradisaurus_brevis,Dicraeosaurus_hansemanni,Dicraeosaurus_sattleri,Efraasia_diagnostica,Giraffatitan_brancai,Haplocanthosaurus_priscus,Isanosaurus_attavipachi,Kotasaurus_yamanpalliensis,Limaysaurus_tessonei,Lufengosaurus_huenei,Massospondylus_carinatus,Melanorosaurus_readi,Omeisaurus_changshouensis,Omeisaurus_fuxiensis,Omeisaurus_junghsiensis,Omeisaurus_maoianus,Omeisaurus_tianfuensis,Plateosaurus_engelhardti,Riojasaurus_incertus,Shunosaurus_lii,Thecodontosaurus_antiquus,Vulcanodon_karibaensis" recon_no="53181;64382;57754;57752;55547;54166;55644;52982;54168;68584;65941;65942;64390;92308;64504;65148;66498;63874;56597;56595;54980;56467;65668;56461;91402;56462;56683;56585;56457;56627;54979">Sauropodomorpha</List>
		<List recon_name="Panphagia_protos" recon_no="142534">Panphagia</List>
		<List recon_name="Pampadromaeus_barberenai" recon_no="243373">Pampadromaeus_barberenai</List>
	</Taxa>
	<Characters>
		<Molecular/>
		<Morphological number="98">
			<Type>Osteology</Type>
		</Morphological>
		<Behavioural/>
		<Other/>
	</Characters>
	<Analysis>
		<Type>Maximum Parsimony</Type>
	</Analysis>
	<Notes>Based on reanalysis of the original matrix.</Notes>
	<Filename>Cabreira_etal_2011aa</Filename>
	<Parent>Martinez_et_Alcober_2009a</Parent>
	<Sibling/>
</SourceTree>
