<?xml version="1.0" standalone="yes"?>
<SourceTree>
	<Source>
		<Author>
			<List>Calvo, J. O.</List>
			<List>Salgado, L.</List>
		</Author>
		<Year>1995</Year>
		<Title><em>Rebbachisaurus tesonei</em> sp. nov. a new Sauropoda from the Albian-Cenomanian of Argentina; new evidence on the origin of the Diplodocidae</Title>
		<Journal>Gaia</Journal>
		<Volume>11</Volume>
		<Pages>13-33</Pages>
		<Booktitle/>
		<Publisher/>
		<City/>
		<Editor/>
	</Source>
	<Taxa number="15">
		<List recon_name="Lufengosaurus_magnus,Massospondylus_carinatus,Plateosaurus_engelhardti,Riojasaurus_incertus" recon_no="64306;56595;56683;56585">PROSAUROPODA</List>
		<List recon_name="Barapasaurus_tagorei" recon_no="55547">Barapasaurus_tagorei</List>
		<List recon_name="Omeisaurus_junghsiensis" recon_no="56461">Omeisaurus</List>
		<List recon_name="Camarasaurus_grandis" recon_no="67181">Camarasaurus</List>
		<List recon_name="Brachiosaurus_altithorax" recon_no="54864">Brachiosaurus</List>
		<List recon_name="Andesaurus_delgadoi" recon_no="58918">Andesaurus_delgadoi</List>
		<List recon_name="Aeolosaurus_rionegrinus,Alamosaurus_sanjuanensis,Argentinosaurus_huinculensis,Epachthosaurus_sciuttoi,Malawisaurus_dixeyi,Neuquensaurus_australis,Opisthocoelicaudia_skarzynskii,Saltasaurus_loricatus,Trigonosaurus_pricei" recon_no="58847;63399;66646;57467;57458;64315;57335;58838;85461">TITANOSAURIDAE</List>
		<List recon_name="Haplocanthosaurus_delfsi" recon_no="66582">Haplocanthosaurus_delfsi</List>
		<List recon_name="Haplocanthosaurus_priscus" recon_no="64504">Haplocanthosaurus_priscus</List>
		<List recon_name="Rebbachisaurus_tessonei" recon_no="63873">Rebbachisaurus_tessonei</List>
		<List recon_name="Apatosaurus_louisae" recon_no="57752">Apatosaurus_lousiae</List>
		<List recon_name="Diplodocus_longus" recon_no="52920">Diplodocus</List>
		<List recon_name="Barosaurus_lentus" recon_no="54166">Barosaurus_lentus</List>
		<List recon_name="Dicraeosaurus_hansemanni" recon_no="65941">Dicraeosaurus</List>
		<List recon_name="Amargasaurus_cazaui" recon_no="53962">Amargasaurus_cazaui</List>
	</Taxa>
	<Characters>
		<Molecular/>
		<Morphological number="49">
			<Type>Osteology</Type>
		</Morphological>
		<Behavioural/>
		<Other/>
	</Characters>
	<Analysis>
		<Type>Maximum Parsimony</Type>
	</Analysis>
	<Notes>Based on reanalysis of the original matrix.</Notes>
	<Filename>Calvo_et_Salgado_1995a</Filename>
	<Parent/>
	<Sibling/>
</SourceTree>
