<?xml version="1.0" standalone="yes"?>
<SourceTree>
	<Source>
		<Author>
			<List>Calvo, J. O.</List>
			<List>Rubilar-Rogers, D.</List>
			<List>Moreno, K.</List>
		</Author>
		<Year>2004</Year>
		<Title>A new Abelisauridae (Dinosauria: Theropoda) from northwest Patagonia</Title>
		<Journal>Ameghiniana</Journal>
		<Volume>41</Volume>
		<Pages>555-563</Pages>
		<Booktitle/>
		<Publisher/>
		<City/>
		<Editor/>
	</Source>
	<Taxa number="8">
		<List recon_name="Allosaurus_fragilis" recon_no="52962">TETANURAE</List>
		<List recon_name="Ceratosaurus_nasicornis" recon_no="54165">Ceratosaurus</List>
		<List recon_name="Masiakasaurus_knopfleri" recon_no="56389">Masiakasaurus</List>
		<List recon_name="Ilokelesia_aguadagrandensis" recon_no="54532">Ilokelesia</List>
		<List recon_name="Ekrixinatosaurus_novasi" recon_no="65416">Ekrixnatosaurus</List>
		<List recon_name="Majungatholus_athopus" recon_no="190519">Majungatholus</List>
		<List recon_name="Carnotaurus_sastrei" recon_no="54526">Carnotaurus</List>
		<List recon_name="Aucasaurus_garridoi" recon_no="54524">Aucasaurus</List>
	</Taxa>
	<Characters>
		<Molecular/>
		<Morphological number="13">
			<Type>Osteology</Type>
		</Morphological>
		<Behavioural/>
		<Other/>
	</Characters>
	<Analysis>
		<Type>Maximum Parsimony</Type>
	</Analysis>
	<Notes>Based on reanalysis of the original matrix.</Notes>
	<Filename>Calvo_etal_2004a</Filename>
	<Parent/>
	<Sibling/>
</SourceTree>
