<?xml version="1.0" standalone="yes"?>
<SourceTree>
	<Source>
		<Author>
			<List>Calvo, J. O.</List>
			<List>Gonzalez-Riga, B. J.</List>
			<List>Porfiri, J. D.</List>
		</Author>
		<Year>2007</Year>
		<Title>A new titanosaur sauropod from the Late Cretaceous of Neuquen, Patagonia, Argentina</Title>
		<Journal>Arquivos do Museu Nacional, Rio de Janiero</Journal>
		<Volume>65</Volume>
		<Pages>485-504</Pages>
		<Booktitle/>
		<Publisher/>
		<City/>
		<Editor/>
	</Source>
	<Taxa number="18">
		<List recon_name="Camarasaurus_grandis" recon_no="67181">Camarasaurus_grandis</List>
		<List recon_name="Brachiosaurus_brancai" recon_no="64501">Brachiosaurus_brancai</List>
		<List recon_name="Chubutisaurus_insignis" recon_no="53963">Chubutisaurus_insignis</List>
		<List recon_name="Andesaurus_delgadoi" recon_no="58918">Andesaurus_delgadoi</List>
		<List recon_name="Malawisaurus_dixeyi" recon_no="57458">Malawisaurus_dixeyi</List>
		<List recon_name="Mendozasaurus_neguyelap" recon_no="55584">Mendozasaurus_neguyelap</List>
		<List recon_name="Epachthosaurus_sciuttoi" recon_no="57467">Epachthosaurus_sciuttoi</List>
		<List recon_name="Rapetosaurus_krausei" recon_no="57533">Rapetosaurus_krausei</List>
		<List recon_name="Rinconsaurus_caudamirus" recon_no="68592">Rinconsaurus_caudamirus</List>
		<List recon_name="Muyelensaurus_pecheni" recon_no="122472">Muyelensaurus_pecheni</List>
		<List recon_name="Gondwanatitan_faustoi" recon_no="66574">Gondwanatitan_faustoi</List>
		<List recon_name="Aeolosaurus_rionegrinus" recon_no="58847">Aeolosaurus_rionegrinus</List>
		<List recon_name="Lirainosaurus_astibiae" recon_no="65827">Lirainosaurus_astibiae</List>
		<List recon_name="Opisthocoelicaudia_skarzynskii" recon_no="57335">Opisthocoelicaudia_skarzynskii</List>
		<List recon_name="Alamosaurus_sanjuanensis" recon_no="63399">Alamosaurus_sanjuanensis</List>
		<List recon_name="Neuquensaurus_australis" recon_no="64315">Neuquensaurus_australis</List>
		<List recon_name="Saltasaurus_loricatus" recon_no="58838">Saltasaurus_loricatus</List>
		<List recon_name="Rocasaurus_muniozi" recon_no="66613">Rocasaurus_muniozi</List>
	</Taxa>
	<Characters>
		<Molecular/>
		<Morphological number="65">
			<Type>Osteology</Type>
		</Morphological>
		<Behavioural/>
		<Other/>
	</Characters>
	<Analysis>
		<Type>Maximum Parsimony</Type>
	</Analysis>
	<Notes>Based on reanalysis of the original matrix.</Notes>
	<Filename>Calvo_etal_2007c</Filename>
	<Parent/>
	<Sibling/>
</SourceTree>
