<?xml version="1.0" standalone="yes"?>
<SourceTree>
	<Source>
		<Author>
			<List>Calvo, J. O.</List>
			<List>Gonzalez Riga, B. J.</List>
		</Author>
		<Year>2003</Year>
		<Title><em>Rinconsaurus caudamirus</em> gen. et sp. nov., a new titanosaurid (Dinosauria, Sauropoda) from the Late Cretaceous of Patagonia, Argentina</Title>
		<Journal>Revista Geologica de Chile</Journal>
		<Volume>30</Volume>
		<Pages>333-353</Pages>
		<Booktitle/>
		<Publisher/>
		<City/>
		<Editor/>
	</Source>
	<Taxa number="11">
		<List recon_name="Camarasaurus_grandis" recon_no="67181">Camarasaurus_grandis</List>
		<List recon_name="Brachiosaurus_brancai" recon_no="64501">Brachiosaurus_brancai</List>
		<List recon_name="Andesaurus_delgadoi" recon_no="58918">Andesaurus_delgadoi</List>
		<List recon_name="Malawisaurus_dixeyi" recon_no="57458">Malawisaurus_dixeyi</List>
		<List recon_name="Titanosaurus_colberti" recon_no="64311">Titanosaurus_colberti</List>
		<List recon_name="Lirainosaurus_astibiae" recon_no="65827">Lirainosaurus_aristbiae</List>
		<List recon_name="Opisthocoelicaudia_skarzynskii" recon_no="57335">Opisthocoelicaudia_skarzynskii</List>
		<List recon_name="Aeolosaurus_rionegrinus" recon_no="58847">Aeolosaurus_rionegrinus</List>
		<List recon_name="Rinconsaurus_caudamirus" recon_no="68592">Rinconsaurus_caudamirus</List>
		<List recon_name="Alamosaurus_sanjuanensis" recon_no="63399">Alamosaurus_sanjuanensis</List>
		<List recon_name="Neuquensaurus_australis" recon_no="64315">Neuquensaurus_australis</List>
	</Taxa>
	<Characters>
		<Molecular/>
		<Morphological number="46">
			<Type>Osteology</Type>
		</Morphological>
		<Behavioural/>
		<Other/>
	</Characters>
	<Analysis>
		<Type>Maximum Parsimony</Type>
	</Analysis>
	<Notes>Based on reanalysis of the original matrix.</Notes>
	<Filename>Calvo_et_Gonzalez_Riga_2003a</Filename>
	<Parent/>
	<Sibling/>
</SourceTree>
