<?xml version="1.0" standalone="yes"?>
<SourceTree>
	<Source>
		<Author>
			<List>Canale, J. I.</List>
			<List>Novas, F. E.</List>
			<List>Pol, D.</List>
		</Author>
		<Year>2015</Year>
		<Title>Osteology and phylogenetic relationships of <em>Tyrannotitan chubutensis</em> Novas, de Valais, Vickers-Rich and Rich, 2005 (Theropoda: Carcharodontosauridae) from the Lower Cretaceous of Patagonia, Argentina</Title>
		<Journal>Historical Biology</Journal>
		<Volume>27</Volume>
		<Pages>1-32</Pages>
		<Booktitle/>
		<Publisher/>
		<City/>
		<Editor/>
	</Source>
	<Taxa number="16">
		<List recon_name="Herrerasaurus_ischigualastensis" recon_no="55000">Herrerasaurus</List>
		<List recon_name="Acrocanthosaurus_atokensis" recon_no="55482">Acrocanthosaurus</List>
		<List recon_name="Allosaurus_fragilis" recon_no="52962">Allosaurus</List>
		<List recon_name="Carcharodontosaurus_iguidensis" recon_no="113860">Carcharodontosaurus_iguidensis</List>
		<List recon_name="Carcharodontosaurus_saharicus" recon_no="65365">Carcharodontosaurus_saharicus</List>
		<List recon_name="Coelophysis_bauri" recon_no="55477">Coelophysis</List>
		<List recon_name="Compsognathus_longipes" recon_no="53007">Compsognathus</List>
		<List recon_name="Concavenator_corcovatus" recon_no="170754">Concavenator</List>
		<List recon_name="Eocarcharia_dinops" recon_no="123318">Eocarcharia</List>
		<List recon_name="Giganotosaurus_carolinii" recon_no="54541">Giganotosaurus</List>
		<List recon_name="Mapusaurus_roseae" recon_no="77206">Mapusaurus</List>
		<List recon_name="Monolophosaurus_jiangi" recon_no="64122">Monolophosaurus</List>
		<List recon_name="Neovenator_salerii" recon_no="64120">Neovenator</List>
		<List recon_name="Shaochilong_maortuensis" recon_no="161117">Shaochilong</List>
		<List recon_name="Sinraptor_dongi" recon_no="54821">Sinraptor</List>
		<List recon_name="Tyrannotitan_chubutensis" recon_no="77208">Tyrannotitan</List>
	</Taxa>
	<Characters>
		<Molecular/>
		<Morphological number="169">
			<Type>Osteology</Type>
		</Morphological>
		<Behavioural/>
		<Other/>
	</Characters>
	<Analysis>
		<Type>Maximum Parsimony</Type>
	</Analysis>
	<Notes>Based on reanalysis of the original matrix.</Notes>
	<Filename>Canale_etal_2015a</Filename>
	<Parent>Novas_etal_2013aa</Parent>
	<Sibling/>
</SourceTree>
