<?xml version="1.0" standalone="yes"?>
<SourceTree>
	<Source>
		<Author>
			<List>Canale, J. I.</List>
			<List>Scanferla, C. A.</List>
			<List>Agnolin, F. L.</List>
			<List>Novas, F. E.</List>
		</Author>
		<Year>2009</Year>
		<Title>New carnivorous dinosaur from the Late Cretaceous of NW Patagonia and the evolution of abelisaurid theropods</Title>
		<Journal>Naturwissenschaften</Journal>
		<Volume>96</Volume>
		<Pages>409-414</Pages>
		<Booktitle/>
		<Publisher/>
		<City/>
		<Editor/>
	</Source>
	<Taxa number="17">
		<List recon_name="Coelophysis_bauri,Coelophysis_kayentakatae,Coelophysis_rhodesiensis,Dilophosaurus_wetherilli,Gojirasaurus_quayi,Lophostropheus_airelensis,Procompsognathus_triassicus,Sarcosaurus_woodi,Segisaurus_halli" recon_no="55477;105154;67921;57251;65490;96666;56382;57252;55543">Coelophysoidea</List>
		<List recon_name="Angaturama_limai,Baryonyx_walkeri,Irritator_challengeri,Spinosaurus_aegyptiacus,Suchomimus_tenerensis" recon_no="64276;53370;64273;53372;53368">Spinosauroidea</List>
		<List recon_name="Allosaurus_fragilis" recon_no="52962">Allosaurus</List>
		<List recon_name="Carcharodontosaurus_saharicus,Mapusaurus_roseae,Tyrannotitan_chubutensis" recon_no="65365;77206;77208">Carcharodontosauridae</List>
		<List recon_name="Ceratosaurus_nasicornis" recon_no="54165">Ceratosaurus</List>
		<List recon_name="Ligabueino_andesi" recon_no="54537">Ligabueino</List>
		<List recon_name="Elaphrosaurus_bambergi" recon_no="55481">Elaphrosaurus</List>
		<List recon_name="Noasaurus_leali" recon_no="54534">Noasaurus</List>
		<List recon_name="Masiakasaurus_knopfleri" recon_no="56389">Masiakasaurus</List>
		<List recon_name="Rugops_primus" recon_no="71395">Rugops</List>
		<List recon_name="Abelisaurus_comahuensis" recon_no="53945">Abelisaurus</List>
		<List recon_name="Majungasaurus_crenatissimus" recon_no="53957">Majungasaurus</List>
		<List recon_name="Ilokelesia_aguadagrandensis" recon_no="54532">Ilokelesia</List>
		<List recon_name="Skorpiovenator_bustingorryi" recon_no="138557">Skorpiovenator</List>
		<List recon_name="Ekrixinatosaurus_novasi" recon_no="65416">Ekrixinatosaurus</List>
		<List recon_name="Carnotaurus_sastrei" recon_no="54526">Carnotaurus</List>
		<List recon_name="Aucasaurus_garridoi" recon_no="54524">Aucasaurus</List>
	</Taxa>
	<Characters>
		<Molecular/>
		<Morphological number="113">
			<Type>Osteology</Type>
		</Morphological>
		<Behavioural/>
		<Other/>
	</Characters>
	<Analysis>
		<Type>Maximum Parsimony</Type>
	</Analysis>
	<Notes>Based on reanalysis of the original matrix.</Notes>
	<Filename>Canale_etal_2009a</Filename>
	<Parent/>
	<Sibling/>
</SourceTree>
