<?xml version="1.0" standalone="yes"?>
<SourceTree>
	<Source>
		<Author>
			<List>Carballido, J. L.</List>
			<List>Pol, D.</List>
			<List>Cerda, I.</List>
			<List>Salgado, L.</List>
		</Author>
		<Year>2011</Year>
		<Title>The osteology of <em>Chibutisaurus insignis</em> Del Corro, 1975 (Dinosauria: Neosauropoda) from the 'Middle' Cretaceous of central Patagonia, Argentina</Title>
		<Journal>Journal of Vertebrate Paleontology</Journal>
		<Volume>31</Volume>
		<Pages>93-110</Pages>
		<Booktitle/>
		<Publisher/>
		<City/>
		<Editor/>
	</Source>
	<Taxa number="41">
		<List recon_name="Omeisaurus_junghsiensis,Omeisaurus_tianfuensis" recon_no="56461;56462">Omeisaurus</List>
		<List recon_name="Mamenchisaurus_constructus,Mamenchisaurus_hochuanensis,Mamenchisaurus_sinocanadorum" recon_no="56460;56463;56541">Mamenchisaurus</List>
		<List recon_name="Shunosaurus_lii" recon_no="56457">Shunosaurus</List>
		<List recon_name="Patagosaurus_fariasi" recon_no="66448">Patagosaurus</List>
		<List recon_name="Jobaria_tiguidensis" recon_no="57436">Jobaria</List>
		<List recon_name="Haplocanthosaurus_delfsi,Haplocanthosaurus_priscus" recon_no="66582;64504">Haplocanthosaurus</List>
		<List recon_name="Camarasaurus_grandis" recon_no="67181">Camarasaurus</List>
		<List recon_name="Europasaurus_holgeri" recon_no="81697">Europasaurus</List>
		<List recon_name="Brachiosaurus_altithorax" recon_no="54864">Brachiosaurus</List>
		<List recon_name="Euhelopus_zdanskyi" recon_no="54868">Euhelopus</List>
		<List recon_name="Paluxysaurus_jonesi" recon_no="105990">Paluxysaurus</List>
		<List recon_name="Chubutisaurus_insignis" recon_no="53963">Chubutisaurus</List>
		<List recon_name="Wintonotitan_wattsi" recon_no="148971">Wintonotitan</List>
		<List recon_name="Ligabuesaurus_leanzai" recon_no="81715">Ligabuesaururs</List>
		<List recon_name="Andesaurus_delgadoi" recon_no="58918">Andesaurus</List>
		<List recon_name="Argentinosaurus_huinculensis" recon_no="66646">Argentinosaurus</List>
		<List recon_name="Phuwiangosaurus_sirindhornae" recon_no="56410">Phuwiangosaurus</List>
		<List recon_name="Malarguesaurus_florenciae" recon_no="140854">Malarguesaurus</List>
		<List recon_name="Malawisaurus_dixeyi" recon_no="57458">Malawisaurus</List>
		<List recon_name="Epachthosaurus_sciuttoi" recon_no="57467">Epachthosaurus</List>
		<List recon_name="Alamosaurus_sanjuanensis" recon_no="63399">Alamosaurus</List>
		<List recon_name="Opisthocoelicaudia_skarzynskii" recon_no="57335">Opisthocoelicaudia</List>
		<List recon_name="Isisaurus_colberti" recon_no="64312">Isisaurus</List>
		<List recon_name="Neuquensaurus_australis" recon_no="64315">Neuquensaurus</List>
		<List recon_name="Saltasaurus_loricatus" recon_no="58838">Saltasaurus</List>
		<List recon_name="Nemegtosaurus_mongoliensis" recon_no="54841">Nemegtosaurus</List>
		<List recon_name="Rapetosaurus_krausei" recon_no="57533">Rapetosaurus</List>
		<List recon_name="Mendozasaurus_neguyelap" recon_no="55584">Mendozasaurus</List>
		<List recon_name="Futalognkosaurus_dukei" recon_no="109005">Futalongkosaurus</List>
		<List recon_name="Tastavinsaurus_sanzi" recon_no="138440">Tastavinsaurus</List>
		<List recon_name="Tehuelchesaurus_benitezii" recon_no="66569">Tehuelchesaurus</List>
		<List recon_name="Galveosaurus_herreroi" recon_no="67716">Galvesaurus</List>
		<List recon_name="Venenosaurus_dicrocei" recon_no="66516">Venenosaurus</List>
		<List recon_name="Apatosaurus_ajax" recon_no="52958">Apatosaurus</List>
		<List recon_name="Barosaurus_lentus" recon_no="54166">Barosaurus</List>
		<List recon_name="Diplodocus_longus" recon_no="52920">Diplodocus</List>
		<List recon_name="Dicraeosaurus_hansemanni" recon_no="65941">Dicraeosaurus</List>
		<List recon_name="Amargasaurus_cazaui" recon_no="53962">Amargasaurus</List>
		<List recon_name="Nigersaurus_taqueti" recon_no="57367">Nigersaurus</List>
		<List recon_name="Limaysaurus_tessonei" recon_no="63874">Limaysaurus</List>
		<List recon_name="Rebbachisaurus_garasbae" recon_no="65368">Rebbachisaurus</List>
	</Taxa>
	<Characters>
		<Molecular/>
		<Morphological number="289">
			<Type>Osteology</Type>
		</Morphological>
		<Behavioural/>
		<Other/>
	</Characters>
	<Analysis>
		<Type>Maximum Parsimony</Type>
	</Analysis>
	<Notes>Based on reanalysis of the original matrix.</Notes>
	<Filename>Carballido_etal_2011a</Filename>
	<Parent>Wilson_2002a</Parent>
	<Sibling/>
</SourceTree>
