<?xml version="1.0" standalone="yes"?>
<SourceTree>
	<Source>
		<Author>
			<List>Carpenter, K.</List>
			<List>Miles, C. A.</List>
			<List>Cloward, K.</List>
		</Author>
		<Year>2001</Year>
		<Title>New primitive stegosaur from the Morrison Formation, Wyoming</Title>
		<Journal/>
		<Volume/>
		<Pages>55-75</Pages>
		<Booktitle>The Armored Dinosaurs</Booktitle>
		<Publisher>Indiana University Press</Publisher>
		<City>Bloomington</City>
		<Editor>
			<List>Carpenter, K.</List>
		</Editor>
	</Source>
	<Taxa number="11">
		<List recon_name="Huayangosaurus_taibaii" recon_no="54858">Huay</List>
		<List recon_name="Chungkingosaurus_jiangbeiensis" recon_no="56487">Chun</List>
		<List recon_name="Chialingosaurus_kuani" recon_no="56486">Chia</List>
		<List recon_name="Wuerhosaurus_homheni" recon_no="56493">Wuer</List>
		<List recon_name="Dacentrurus_armatus" recon_no="56505">Dace</List>
		<List recon_name="Hesperosaurus_mjosi" recon_no="68159">Hesp</List>
		<List recon_name="Tuojiangosaurus_multispinus" recon_no="54854">Tuoj</List>
		<List recon_name="Kentrosaurus_aethiopicus" recon_no="56490">Kent</List>
		<List recon_name="Lexovisaurus_durobrivensis" recon_no="56501">Lexo</List>
		<List recon_name="Stegosaurus_stenops" recon_no="56491">Stst</List>
		<List recon_name="Stegosaurus_ungulatus" recon_no="52985">Stun</List>
	</Taxa>
	<Characters>
		<Molecular/>
		<Morphological number="12">
			<Type>Osteology</Type>
		</Morphological>
		<Behavioural/>
		<Other/>
	</Characters>
	<Analysis>
		<Type>Maximum Parsimony</Type>
	</Analysis>
	<Notes>Based on reanalysis of the original matrix.</Notes>
	<Filename>Carpenter_etal_2001a</Filename>
	<Parent/>
	<Sibling/>
</SourceTree>
