<?xml version="1.0" standalone="yes"?>
<SourceTree>
	<Source>
		<Author>
			<List>Carpenter, K.</List>
		</Author>
		<Year>2001 </Year>
		<Title>Phylogenetic analysis of the Ankylosauria</Title>
		<Journal/>
		<Volume/>
		<Pages>455-483</Pages>
		<Booktitle>The Armored Dinosaurs</Booktitle>
		<Publisher>Indiana University Press</Publisher>
		<City>Bloomington</City>
		<Editor>
			<List>Carpenter, K.</List>
		</Editor>
	</Source>
	<Taxa number="9">
		<List recon_name="Lesothosaurus_diagnosticus" recon_no="57574">Lesothosaurus</List>
		<List recon_name="Scutellosaurus_lawleri" recon_no="67088">Scutellosaurus</List>
		<List recon_name="Emausaurus_ernsti" recon_no="64406">Emausaurus</List>
		<List recon_name="Huayangosaurus_taibaii" recon_no="54858">Huayangosaurus</List>
		<List recon_name="Scelidosaurus_harrisonii" recon_no="53042">Scelidosaurus</List>
		<List recon_name="Minmi_paravertebrata" recon_no="64270">Minmi</List>
		<List recon_name="Polacanthus_foxii" recon_no="52785">Polacanthidae</List>
		<List recon_name="Nodosaurus_textilis" recon_no="52780">Nodosauridae</List>
		<List recon_name="Ankylosaurus_magniventris" recon_no="52793">Ankylosauridae</List>
	</Taxa>
	<Characters>
		<Molecular/>
		<Morphological number="39">
			<Type>Osteology</Type>
		</Morphological>
		<Behavioural/>
		<Other/>
	</Characters>
	<Analysis>
		<Type>Maximum Parsimony</Type>
	</Analysis>
	<Notes>Based on reanalysis of the original matrix.</Notes>
	<Filename>Carpenter_2001aa</Filename>
	<Parent/>
	<Sibling/>
</SourceTree>
