<?xml version="1.0" standalone="yes"?>
<SourceTree>
	<Source>
		<Author>
			<List>Carrano, M. T.</List>
			<List>Sampson, S. D.</List>
		</Author>
		<Year>2008</Year>
		<Title>The phylogeny of Ceratosauria (Dinosauria: Theropoda)</Title>
		<Journal>Journal of Systematic Palaeontology</Journal>
		<Volume>6</Volume>
		<Pages>183-236</Pages>
		<Booktitle/>
		<Publisher/>
		<City/>
		<Editor/>
	</Source>
	<Taxa number="21">
		<List recon_name="Herrerasaurus_ischigualastensis" recon_no="55000">Herrerasaurus</List>
		<List recon_name="Syntarsus_rhodesiensis" recon_no="55541">Syntarsus</List>
		<List recon_name="Allosaurus_fragilis" recon_no="52962">Allosaurus</List>
		<List recon_name="Spinostropheus_gautieri" recon_no="71393">Spinostropheus</List>
		<List recon_name="Elaphrosaurus_bambergi" recon_no="55481">Elaphrosaurus</List>
		<List recon_name="Deltadromeus_agilis" recon_no="65367">Deltadromeus</List>
		<List recon_name="Ceratosaurus_nasicornis" recon_no="54165">Ceratosaurus</List>
		<List recon_name="Rugops_primus" recon_no="71395">Rugops</List>
		<List recon_name="Ekrixinatosaurus_novasi" recon_no="65416">Ekrixinatosaurus</List>
		<List recon_name="Ilokelesia_aguadagrandensis" recon_no="54532">Ilokelesia</List>
		<List recon_name="Aucasaurus_garridoi" recon_no="54524">Aucasaurus</List>
		<List recon_name="Carnotaurus_sastrei" recon_no="54526">Carnotaurus</List>
		<List recon_name="Abelisaurus_comahuensis" recon_no="53945">Abelisaurus</List>
		<List recon_name="Rajasaurus_narmadensis" recon_no="54433">Rajasaurus</List>
		<List recon_name="Indosaurus_matleyi" recon_no="54099">Indosaurus</List>
		<List recon_name="Majungatholus_athopus" recon_no="190519">Majungatholus</List>
		<List recon_name="Genusaurus_sisteronis" recon_no="56392">Genusaurus</List>
		<List recon_name="Laevisuchus_indicus" recon_no="56390">Laevisuchus</List>
		<List recon_name="Masiakasaurus_knopfleri" recon_no="56389">Masiakasaurus</List>
		<List recon_name="Noasaurus_leali" recon_no="54534">Noasaurus</List>
		<List recon_name="Velocisaurus_unicus" recon_no="64902">Velocisaurus</List>
	</Taxa>
	<Characters>
		<Molecular/>
		<Morphological number="151">
			<Type>Osteology</Type>
		</Morphological>
		<Behavioural/>
		<Other/>
	</Characters>
	<Analysis>
		<Type>Maximum Parsimony</Type>
	</Analysis>
	<Notes>Based on reanalysis of the original matrix.</Notes>
	<Filename>Carrano_et_Sampson_2008a</Filename>
	<Parent/>
	<Sibling/>
</SourceTree>
