<?xml version="1.0" standalone="yes"?>
<SourceTree>
	<Source>
		<Author>
			<List>Carrano, M. T.</List>
			<List>Hutchinson, J. R.</List>
			<List>Sampson, S. D.</List>
		</Author>
		<Year>2005</Year>
		<Title>New information on <em>Segisaurus halli</em>, a small theropod dinosaur from the Early Jurassic of Arizona</Title>
		<Journal>Journal of Vertebrate Paleontology</Journal>
		<Volume>25</Volume>
		<Pages>835-849</Pages>
		<Booktitle/>
		<Publisher/>
		<City/>
		<Editor/>
	</Source>
	<Taxa number="17">
		<List recon_name="Eoraptor_lunensis" recon_no="57454">Eoraptor</List>
		<List recon_name="Herrerasaurus_ischigualastensis" recon_no="55000">Herrerasaurus</List>
		<List recon_name="Allosaurus_fragilis" recon_no="52962">Allosaurus</List>
		<List recon_name="Ornitholestes_hermanni" recon_no="55484">Ornitholestes</List>
		<List recon_name="Elaphrosaurus_bambergi" recon_no="55481">Elaphrosaurus</List>
		<List recon_name="Ceratosaurus_nasicornis" recon_no="54165">Ceratosaurus</List>
		<List recon_name="Carnotaurus_sastrei" recon_no="54526">Carnotaurus</List>
		<List recon_name="Majungatholus_athopus" recon_no="190519">Majungatholus</List>
		<List recon_name="Coelophysis_bauri" recon_no="55477">Coelophysis</List>
		<List recon_name="Dilophosaurus_wetherilli" recon_no="57251">Dilophosaurus</List>
		<List recon_name="Gojirasaurus_quayi" recon_no="65490">Gojirasaurus</List>
		<List recon_name="Liliensternus_liliensterni" recon_no="56379">Liliensternus</List>
		<List recon_name="Procompsognathus_triassicus" recon_no="56382">Procompsognathus</List>
		<List recon_name="Sarcosaurus_woodi" recon_no="57252">Sarcosaurus</List>
		<List recon_name="Segisaurus_halli" recon_no="55543">Segisaurus</List>
		<List recon_name="Syntarsus_kayentakatae,Syntarsus_rhodesiensis" recon_no="55540;55541">Syntarsus</List>
		<List recon_name="Zupaysaurus_rougieri" recon_no="54097">Zupaysaurus</List>
	</Taxa>
	<Characters>
		<Molecular/>
		<Morphological number="145">
			<Type>Osteology</Type>
		</Morphological>
		<Behavioural/>
		<Other/>
	</Characters>
	<Analysis>
		<Type>Maximum Parsimony</Type>
	</Analysis>
	<Notes>Based on reanalysis of the original matrix.</Notes>
	<Filename>Carrano_etal_2005a</Filename>
	<Parent/>
	<Sibling/>
</SourceTree>
