<?xml version="1.0" standalone="yes"?>
<SourceTree>
	<Source>
		<Author>
			<List>Carr, T. D.</List>
			<List>Williamson, T. E.</List>
			<List>Schwimmer, D. R.</List>
		</Author>
		<Year>2005</Year>
		<Title>A new genus and species of tyrannosauroid from the Late Cretaceous (middle Campanian) Demopolis Formation of Alabama</Title>
		<Journal>Journal of Vertebrate Paleontology</Journal>
		<Volume>25</Volume>
		<Pages>119-143</Pages>
		<Booktitle/>
		<Publisher/>
		<City/>
		<Editor/>
	</Source>
	<Taxa number="20">
		<List recon_name="Eoraptor_lunensis" recon_no="57454">Eoraptor</List>
		<List recon_name="Herrerasaurus_ischigualastensis" recon_no="55000">Herrerasaurus</List>
		<List recon_name="Erlikosaurus_andrewsi" recon_no="66667">Erlikosaurus</List>
		<List recon_name="Coelophysis_bauri" recon_no="55477">Coelophysis</List>
		<List recon_name="Allosaurus_fragilis" recon_no="52962">Allosaurus</List>
		<List recon_name="Sinraptor_dongi" recon_no="54821">Sinraptor</List>
		<List recon_name="Yangchuanosaurus_shangyouensis" recon_no="54826">Yangchuanosaurus</List>
		<List recon_name="Acrocanthosaurus_atokensis" recon_no="55482">Acrocanthosaurus</List>
		<List recon_name="Deinonychus_antirrhopus" recon_no="54555">Deinonychus</List>
		<List recon_name="Velociraptor_mongoliensis" recon_no="54554">Velociraptor</List>
		<List recon_name="Saurornithoides_mongoliensis" recon_no="54470">Saurornithoides</List>
		<List recon_name="Anserimimus_planinychus,Archaeornithomimus_asiaticus,Dromiceiomimus_brevitertius,Dromiceiomimus_samueli,Gallimimus_bullatus,Ornithomimus_edmontonensis,Ornithomimus_velox,Struthiomimus_altus" recon_no="66672;57276;66907;57272;57265;57270;57269;57266">Ornithomimidae</List>
		<List recon_name="Dryptosaurus_aquilunguis" recon_no="53030">Dryptosaurus</List>
		<List recon_name="Appalachiosaurus_montgomeriensis" recon_no="65080">Appalachiosaurus</List>
		<List recon_name="Albertosaurus_libratus" recon_no="57255">A_libratus</List>
		<List recon_name="Albertosaurus_sarcophagus" recon_no="56319">A_sarcophagus</List>
		<List recon_name="Daspletosaurus_torosus" recon_no="57258">Daspletosaurus</List>
		<List recon_name="Tyrannosaurus_rex" recon_no="54833">T_rex</List>
		<List recon_name="Tyrannosaurus_bataar" recon_no="63705">T_bataar</List>
		<List recon_name="Shanshanosaurus_houyanshanensis" recon_no="170243">Shanshanosaurus</List>
	</Taxa>
	<Characters>
		<Molecular/>
		<Morphological number="31">
			<Type>Osteology</Type>
		</Morphological>
		<Behavioural/>
		<Other/>
	</Characters>
	<Analysis>
		<Type>Maximum Parsimony</Type>
	</Analysis>
	<Notes>Based on reanalysis of the original matrix.</Notes>
	<Filename>Carr_etal_2005a</Filename>
	<Parent/>
	<Sibling/>
</SourceTree>
