<?xml version="1.0" standalone="yes"?>
<SourceTree>
	<Source>
		<Author>
			<List>Casanovas, M. L. Pereda Suberbiola, X.</List>
			<List>Satnafe, J. V.</List>
			<List>Weishampel, D. B.</List>
		</Author>
		<Year>1999</Year>
		<Title>First lambeosaurine hadrosaurid from Europe; palaeobiogeographical implications</Title>
		<Journal>Geological Magazine</Journal>
		<Volume>136</Volume>
		<Pages>205-211</Pages>
		<Booktitle/>
		<Publisher/>
		<City/>
		<Editor/>
	</Source>
	<Taxa number="7">
		<List recon_name="DELETE" recon_no="0">Outgroup</List>
		<List recon_name="Ouranosaurus_nigeriensis" recon_no="52877">Ouranosaurus</List>
		<List recon_name="Telmatosaurus_transsylvanicus" recon_no="68154">Telmatosaurus</List>
		<List recon_name="Anatosaurus_copei,Brachylophosaurus_canadensis,Edmontosaurus_regalis,Gryposaurus_notabilis,Maiasaura_peeblesorum,Prosaurolophus_maximus,Saurolophus_angustirostris,Saurolophus_osborni" recon_no="53383;65213;63254;63251;55574;53384;64295;53386">Hadrosaurinae</List>
		<List recon_name="Pararhabdodon_isonensis" recon_no="89226">Pararhabdodon</List>
		<List recon_name="Parasaurolophus_cyrtocristatus,Parasaurolophus_tubicen,Parasaurolophus_walkeri" recon_no="66260;64355;63256">Parasaurolophus</List>
		<List recon_name="Corythosaurus_casuarius,Hypacrosaurus_altispinus,Lambeosaurus_lambei,Lambeosaurus_magnicristatus" recon_no="56403;56406;56724;65429">Corythosaurinii</List>
	</Taxa>
	<Characters>
		<Molecular/>
		<Morphological number="26">
			<Type>Osteology</Type>
		</Morphological>
		<Behavioural/>
		<Other/>
	</Characters>
	<Analysis>
		<Type>Maximum Parsimony</Type>
	</Analysis>
	<Notes>Based on reanalysis of the original matrix.</Notes>
	<Filename>Casanovas_etal_1999b</Filename>
	<Parent>Weishampel_etal_1993a</Parent>
	<Sibling/>
</SourceTree>
