<?xml version="1.0" standalone="yes"?>
<SourceTree>
	<Source>
		<Author>
			<List>Casanovas, M. L. Pereda Suberbiola, X.</List>
			<List>Satnafe, J. V.</List>
			<List>Weishampel, D. B.</List>
		</Author>
		<Year>1999</Year>
		<Title>A primitive euhadrosaurian dinosaur from the uppermost Cretaceous of the Ager syncline (southern Pyrenees, Catalonia)</Title>
		<Journal>Geologie en Mijnbouw</Journal>
		<Volume>78</Volume>
		<Pages>345-356</Pages>
		<Booktitle/>
		<Publisher/>
		<City/>
		<Editor/>
	</Source>
	<Taxa number="9">
		<List recon_name="DELETE" recon_no="0">outgroup</List>
		<List recon_name="Iguanodon_bernissartensis" recon_no="58905">Iguanodon</List>
		<List recon_name="Ouranosaurus_nigeriensis" recon_no="52877">Ouranosaurus</List>
		<List recon_name="Probactrosaurus_gobiensis" recon_no="52878">Probactrosaurus</List>
		<List recon_name="Bactrosaurus_johnsoni" recon_no="57344">Bactrosaurus</List>
		<List recon_name="Telmatosaurus_transsylvanicus" recon_no="68154">Telmatosaurus</List>
		<List recon_name="Hadrosauroidea_indet_IPS_36338" recon_no="184951">Fontllonga</List>
		<List recon_name="Anatosaurus_copei,Brachylophosaurus_canadensis,Edmontosaurus_regalis,Gryposaurus_notabilis,Maiasaura_peeblesorum,Prosaurolophus_maximus,Saurolophus_angustirostris,Saurolophus_osborni" recon_no="53383;65213;63254;63251;55574;53384;64295;53386">Hadrosaurinae</List>
		<List recon_name="Pararhabdodon_isonensis,Parasaurolophus_cyrtocristatus,Parasaurolophus_tubicen,Parasaurolophus_walkeri,Corythosaurus_casuarius,Hypacrosaurus_altispinus,Lambeosaurus_lambei,Lambeosaurus_magnicristatus" recon_no="89226;66260;64355;63256;56403;56406;56724;65429">Lambeosaurinae</List>
	</Taxa>
	<Characters>
		<Molecular/>
		<Morphological number="17">
			<Type>Osteology</Type>
		</Morphological>
		<Behavioural/>
		<Other/>
	</Characters>
	<Analysis>
		<Type>Maximum Parsimony</Type>
	</Analysis>
	<Notes>Based on reanalysis of the original matrix.</Notes>
	<Filename>Casanovas_etal_1999a</Filename>
	<Parent/>
	<Sibling/>
</SourceTree>
