<?xml version="1.0" standalone="yes"?>
<SourceTree>
	<Source>
		<Author>
			<List>Cau, A.</List>
			<List>Arduini, P.</List>
		</Author>
		<Year>2008</Year>
		<Title><em>Enantiophoenix electrophyla</em> gen. et sp. nov. (Aves, Enantiornithes) from the Upper Cretaceous (Cenomanian) of Lebanon and its phylogenetic relationships</Title>
		<Journal>Atti della Societa Italiana di Scienze Naturali e del Museo Civico di Storia Naturale in Milano</Journal>
		<Volume>149</Volume>
		<Pages>293-324</Pages>
		<Booktitle/>
		<Publisher/>
		<City/>
		<Editor/>
	</Source>
	<Taxa number="36">
		<List recon_name="Archaeopteryx_lithographica" recon_no="55487">Archaeopteryx</List>
		<List recon_name="Jeholornis_prima" recon_no="119247">Jeholornis</List>
		<List recon_name="Sapeornis_chaoyangensis" recon_no="119249">Sapeornis</List>
		<List recon_name="Confuciusornis_sanctus" recon_no="67261">Confuciusornis</List>
		<List recon_name="Vorona_berivotrensis" recon_no="64129">Vorona</List>
		<List recon_name="Patagopteryx_deferrariisi" recon_no="68529">Patagopteryx</List>
		<List recon_name="Hongshanornis_longicresta" recon_no="119299">Hongshanornis</List>
		<List recon_name="Archaeorhynchus_spathula" recon_no="137384">Archaeorhynchus</List>
		<List recon_name="Aberratiodontus_wui" recon_no="166964">Aberratiodontus</List>
		<List recon_name="Yanornis_martini" recon_no="119337">Yanornis</List>
		<List recon_name="Yixianornis_grabaui" recon_no="119340">Yixianornis</List>
		<List recon_name="Apsaravis_ukhaana" recon_no="58898">Apsaravis</List>
		<List recon_name="Gansus_yumenensis" recon_no="82617">Gansus</List>
		<List recon_name="Ichthyornis_dispar" recon_no="54877">Ichthyornis</List>
		<List recon_name="Anas_platyrhynchos,Columba_livia,Crypturellus_undulatus,Gallinuloides_wyomingensis,Gallus_gallus,Lithornis_plebius,Lithornis_promiscuus,Vegavis_iaai,Waimanu_manneringi" recon_no="83434;94497;368319;135610;368033;246697;246696;81024;139509">Neornithes</List>
		<List recon_name="Iberomesornis_romerali" recon_no="65831">Iberomesornis</List>
		<List recon_name="Protopteryx_fengningensis" recon_no="91349">Protopteryx</List>
		<List recon_name="Elsornis_keni" recon_no="133734">Elsornis</List>
		<List recon_name="Dalingheornis_liweii" recon_no="133739">Dalingheornis</List>
		<List recon_name="Eoalulavis_hoyasi" recon_no="65829">Eoalulavis</List>
		<List recon_name="Eocathayornis_walkeri" recon_no="137351">Eocathayornis</List>
		<List recon_name="Sinornis_santensis" recon_no="137389">Sinornis</List>
		<List recon_name="Enantiophoenix_electrophyla" recon_no="203287">MSNM_V3882</List>
		<List recon_name="Halimornis_thompsoni" recon_no="122607">Halimornis</List>
		<List recon_name="Concornis_lacustris" recon_no="100984">Concornis</List>
		<List recon_name="Neuquenornis_volans" recon_no="100989">Neuquenornis</List>
		<List recon_name="Avisaurus_archibaldi" recon_no="64064">Avisaurus</List>
		<List recon_name="Soroavisaurus_australis" recon_no="100991">Soroavisaurus</List>
		<List recon_name="Enantiornithes_indet_CAGS_IG_02_0901" recon_no="53286">CAGS_IG_02_0901</List>
		<List recon_name="Enantiornithes_indet_CAGS_IG_04_CM_007" recon_no="53286">CAGS_IG_04_CM_007</List>
		<List recon_name="Eoenantiornis_buhleri" recon_no="119311">Eoenantiornis</List>
		<List recon_name="Longipteryx_chaoyangensis" recon_no="137361">Longipteryx</List>
		<List recon_name="Longirostravis_hani" recon_no="119305">Longirostravis</List>
		<List recon_name="Vescornis_hebeiensis" recon_no="119301">Vescornis</List>
		<List recon_name="Boluochia_zhengi" recon_no="119289">Boluochia</List>
		<List recon_name="Gobipteryx_minuta" recon_no="57334">Gobipteryx</List>
	</Taxa>
	<Characters>
		<Molecular/>
		<Morphological number="192">
			<Type>Osteology</Type>
		</Morphological>
		<Behavioural/>
		<Other/>
	</Characters>
	<Analysis>
		<Type>Maximum Parsimony</Type>
	</Analysis>
	<Notes>Based on reanalysis of the original matrix.</Notes>
	<Filename>Cau_et_Arduini_2008a</Filename>
	<Parent/>
	<Sibling/>
</SourceTree>
