<?xml version="1.0" standalone="yes"?>
<SourceTree>
	<Source>
		<Author>
			<List>Chatterjee, S.</List>
		</Author>
		<Year>1999</Year>
		<Title><em>Protoavis</em> and the early evolution of birds</Title>
		<Journal>Palaeontographica A</Journal>
		<Volume>254</Volume>
		<Pages>1-100</Pages>
		<Booktitle/>
		<Publisher/>
		<City/>
		<Editor/>
	</Source>
	<Taxa number="14">
		<List recon_name="DELETE" recon_no="0">OUTGROUP</List>
		<List recon_name="Archaeopteryx_lithographica" recon_no="55487">ARCHAEOPTERYX</List>
		<List recon_name="Mononykus_olecranus" recon_no="67288">MONONYKUS</List>
		<List recon_name="Avimimus_portentosus" recon_no="55489">AVIMIMUS</List>
		<List recon_name="Sinornis_santensis" recon_no="137389">SINORNIS</List>
		<List recon_name="Iberomesornis_romerali" recon_no="65831">IBEROMESORNIS</List>
		<List recon_name="Protoavis_texensis" recon_no="192929">PROTOAVIS</List>
		<List recon_name="Cathayornis_yandica" recon_no="137353">CATHAYORNIS</List>
		<List recon_name="Alexornis_antecedens,Avisaurus_archibaldi,Cathayornis_yandica,Concornis_lacustris,Enantiornis_leali,Gettyia_gloriae,Gobipteryx_minuta,Kizylkumavis_cretacea,Lectavis_bretincola,Lenesornis_maltshevskyi,Nanantius_eos,Neuquenornis_volans,Noguerornis_gonzalezi,Sazavis_prisca,Sinornis_santensis,Soroavisaurus_australis,Yungavolucris_brevipedalis,Zhyraornis_kashkarovi" recon_no="53319;64064;137353;100984;53307;378787;57334;70298;100986;71345;81247;100989;137424;137281;137389;100991;100988;70296">ENANTIORNITHES</List>
		<List recon_name="Patagopteryx_deferrariisi" recon_no="68529">PATAGOPTERYX</List>
		<List recon_name="Baptornis_advenus,Enaliornis_barretti,Enaliornis_sedgwicki,Hesperornis_altus,Hesperornis_regalis,Neogaeornis_wetzeli,Parahesperornis_alexi" recon_no="52957;67052;137414;137272;96488;53321;137277">HESPERORNITHIFORMES</List>
		<List recon_name="Anas_platyrhynchos" recon_no="83434">NEORNITHES</List>
		<List recon_name="Ichthyornis_dispar" recon_no="54877">ICHTHYORNITHIFORMES</List>
		<List recon_name="Ambiortus_dementjevi" recon_no="137395">AMBIORTUS</List>
	</Taxa>
	<Characters>
		<Molecular/>
		<Morphological number="84">
			<Type>Osteology</Type>
		</Morphological>
		<Behavioural/>
		<Other/>
	</Characters>
	<Analysis>
		<Type>Maximum Parsimony</Type>
	</Analysis>
	<Notes>Based on reanalysis of the original matrix.</Notes>
	<Filename>Chatterjee_1999a</Filename>
	<Parent/>
	<Sibling/>
</SourceTree>
