<?xml version="1.0" standalone="yes"?>
<SourceTree>
	<Source>
		<Author>
			<List>Chatterjee, S.</List>
		</Author>
		<Year>2002</Year>
		<Title>The morphology and systematics of <em>Polarornis</em>, a Cretaceous loon (Aves: Gaviidae) from Antarctica</Title>
		<Journal/>
		<Volume/>
		<Pages>125-155</Pages>
		<Booktitle>Proceedings of the 5th Symposium of the Society of Avian Paleontology and Evolution</Booktitle>
		<Publisher>Science Press</Publisher>
		<City>Beijing</City>
		<Editor>
			<List>Zhou, Z.-H.</List>
			<List>Zhang, F.-C.</List>
		</Editor>
	</Source>
	<Taxa number="10">
		<List recon_name="Velociraptor_mongoliensis" recon_no="54554">Velociraptor</List>
		<List recon_name="Archaeopteryx_lithographica" recon_no="55487">Archaeopteryx</List>
		<List recon_name="Alexornis_antecedens,Avisaurus_archibaldi,Cathayornis_yandica,Concornis_lacustris,Enantiornis_leali,Gettyia_gloriae,Gobipteryx_minuta,Kizylkumavis_cretacea,Lectavis_bretincola,Lenesornis_maltshevskyi,Nanantius_eos,Neuquenornis_volans,Noguerornis_gonzalezi,Sazavis_prisca,Sinornis_santensis,Soroavisaurus_australis,Yungavolucris_brevipedalis,Zhyraornis_kashkarovi" recon_no="53319;64064;137353;100984;53307;378787;57334;70298;100986;71345;81247;100989;137424;137281;137389;100991;100988;70296">Enantiornithes</List>
		<List recon_name="Hesperornis_regalis" recon_no="96488">Hesperornis</List>
		<List recon_name="Lithornis_celetius,Lithornis_hookeri,Lithornis_nasi,Lithornis_plebius,Lithornis_promiscuus,Lithornis_vulturinus" recon_no="246695;246694;246692;246697;246696;246687">Lithornis</List>
		<List recon_name="Gallus_gallus" recon_no="368033">Galliformes</List>
		<List recon_name="Polarornis_gregorii" recon_no="243339">Polarornis</List>
		<List recon_name="Gavia_arctica" recon_no="368268">Gavia</List>
		<List recon_name="Pygoscelis_antarcticus" recon_no="372788">Sphenisciformes</List>
		<List recon_name="Fulmarus_glacialis" recon_no="368276">Procellariformes</List>
	</Taxa>
	<Characters>
		<Molecular/>
		<Morphological number="52">
			<Type>Osteology</Type>
		</Morphological>
		<Behavioural/>
		<Other/>
	</Characters>
	<Analysis>
		<Type>Maximum Parsimony</Type>
	</Analysis>
	<Notes>Based on reanalysis of the original matrix.</Notes>
	<Filename>Chatterjee_2002a</Filename>
	<Parent/>
	<Sibling/>
</SourceTree>
