<?xml version="1.0" standalone="yes"?>
<SourceTree>
	<Source>
		<Author>
			<List>Chatterjee, S.</List>
		</Author>
		<Year>1991</Year>
		<Title>Cranial anatomy and relationships of a new Triassic bird from Texas</Title>
		<Journal>Philosophical Transactions of the Royal Society of London: B</Journal>
		<Volume>332</Volume>
		<Pages>277-342</Pages>
		<Booktitle/>
		<Publisher/>
		<City/>
		<Editor/>
	</Source>
	<Taxa number="8">
		<List recon_name="Dibothrosuchus_elaphros,Sphenosuchus_acutus" recon_no="118240;56653">Spheosuchids</List>
		<List recon_name="Allosaurus_fragilis,Deinonychus_antirrhopus,Dilophosaurus_wetherilli,Dromaeosaurus_albertensis,Saurornitholestes_langstoni,Syntarsus_rhodesiensis,Stenonychosaurus_inequalis,Troodon_formosus,Tyrannosaurus_rex" recon_no="52962;54555;57251;54550;54556;55541;54467;54818;54833">Theropods</List>
		<List recon_name="Archaeopteryx_lithographica" recon_no="55487">Archaeopteryx</List>
		<List recon_name="Avimimus_portentosus" recon_no="55489">Avimimus</List>
		<List recon_name="Protoavis_texensis" recon_no="192929">Protoavis</List>
		<List recon_name="Hesperornis_regalis" recon_no="96488">Hesperornis</List>
		<List recon_name="Ichthyornis_dispar" recon_no="54877">Ichthyornis</List>
		<List recon_name="Gobipteryx_minuta" recon_no="57334">Gobipteryx</List>
	</Taxa>
	<Characters>
		<Molecular/>
		<Morphological number="30">
			<Type>Osteology</Type>
		</Morphological>
		<Behavioural/>
		<Other/>
	</Characters>
	<Analysis>
		<Type>Maximum Parsimony</Type>
	</Analysis>
	<Notes>Based on reanalysis of the original matrix.</Notes>
	<Filename>Chatterjee_1991a</Filename>
	<Parent/>
	<Sibling/>
</SourceTree>
