<?xml version="1.0" standalone="yes"?>
<SourceTree>
	<Source>
		<Author>
			<List>Chen, R.-J.</List>
			<List>Zheng, W.-J.</List>
			<List>Azuma, Y.</List>
			<List>Shibata, M.</List>
			<List>Lou, T.-L.</List>
			<List>Jin, Q.</List>
			<List>Jin, X.-S.</List>
		</Author>
		<Year>2013</Year>
		<Title>A new nodosaurid ankylosaur from the Chaochuan Formation of Dongyang, Zhejiang Province, China</Title>
		<Journal>Acta Geologica Sinica</Journal>
		<Volume>87</Volume>
		<Pages>658-671</Pages>
		<Booktitle/>
		<Publisher/>
		<City/>
		<Editor/>
	</Source>
	<Taxa number="52">
		<List recon_name="Lesothosaurus_diagnosticus" recon_no="57574">Lesothosaurus_diagnotsicus</List>
		<List recon_name="Emausaurus_ernsti" recon_no="64406">Emausaurus</List>
		<List recon_name="Scutellosaurus_lawleri" recon_no="67088">Scutellosaurus</List>
		<List recon_name="Scelidosaurus_harrisonii" recon_no="53042">Scelidosaurus</List>
		<List recon_name="Huayangosaurus_taibaii" recon_no="54858">Huayangosaurus_tabaii</List>
		<List recon_name="Stegosaurus_armatus,Stegosaurus_homheni,Stegosaurus_mjosi" recon_no="52941;142523;142522">Stegosaurus</List>
		<List recon_name="Anoplosaurus_curtonotus" recon_no="56558">Anoplosaurus_curtonotus</List>
		<List recon_name="Animantarx_ramaljonesi" recon_no="63699">Animantarx_ramaljonsei</List>
		<List recon_name="Ankylosaurus_magniventris" recon_no="52793">Ankylosaurus_marginoventris</List>
		<List recon_name="Antarctopelta_oliveroi" recon_no="77203">Antarctopelta_oliveroi</List>
		<List recon_name="Cedarpelta_bilbeyhallorum" recon_no="81294">Cedarpelta_bilbeyhallorum</List>
		<List recon_name="Crichtonsaurus_benxiensis" recon_no="153811">Chrichtonsaurus_benxiensis</List>
		<List recon_name="Edmontonia_longiceps,Edmontonia_rugosidens" recon_no="63920;66027">Edmontonia</List>
		<List recon_name="Euoplocephalus_tutus" recon_no="63917">Euoplocephalus_tutus</List>
		<List recon_name="Gargoyleosaurus_parkpinorum" recon_no="82609">Gargoyleosaurus_parkpinorum</List>
		<List recon_name="Gastonia_burgei" recon_no="63701">Gastonia_burgei</List>
		<List recon_name="Gobisaurus_domoculus" recon_no="84235">Gobisaurus_domoculus</List>
		<List recon_name="Hoplitosaurus_marshi" recon_no="57577">Hoplitosaurus_marshi</List>
		<List recon_name="Hungarosaurus_tormai" recon_no="66856">Hungarosaurus_tormai</List>
		<List recon_name="Hylaeosaurus_armatus" recon_no="52782">Hylaeosaurus_armatus</List>
		<List recon_name="Liaoningosaurus_paradoxus" recon_no="68245">Liaoningosaurus_paradoxus</List>
		<List recon_name="Minmi_paravertebrata" recon_no="64270">Minmi_paravertebra</List>
		<List recon_name="Minotaurasaurus_ramachandrani" recon_no="148133">Minotaurasaurus_ramachandrani</List>
		<List recon_name="Mymoorapelta_maysi" recon_no="57683">Mymoorapelta_maysi</List>
		<List recon_name="Niobrarasaurus_coleii" recon_no="65208">Niobrarasaurus_coleii</List>
		<List recon_name="Nodocephalosaurus_kirtlandensis" recon_no="68008">Nodocephalosaurus_kirtlandensis</List>
		<List recon_name="Nodosaurus_textilis" recon_no="52780">Nodosaurus_textillis</List>
		<List recon_name="Panoplosaurus_mirus" recon_no="52788">Panoplosaurus_mirus</List>
		<List recon_name="Pawpawsaurus_campbelli" recon_no="55999">Pawpawsaurus_cambelli</List>
		<List recon_name="Peloroplites_cedrimontanus" recon_no="147030">Peloroplites_cedrimontanus</List>
		<List recon_name="Pinacosaurus_grangeri" recon_no="52911">Pinacosaurus_grangeri</List>
		<List recon_name="Pinacosaurus_mephistocephalus" recon_no="57343">Pinacosaurus_mephistocephalus</List>
		<List recon_name="Polacanthus_foxii" recon_no="52785">Polacanthus_foxii</List>
		<List recon_name="Polacanthus_rudgwickensis" recon_no="66726">Polacanthus_rudgwickensis</List>
		<List recon_name="Saichania_chulsanensis" recon_no="52910">Saichania_chulsanensis</List>
		<List recon_name="Sauropelta_edwardsorum" recon_no="81248">Sauropelta_edwardsi</List>
		<List recon_name="Shamosaurus_scutatus" recon_no="52795">Shamosaurus_scutatus</List>
		<List recon_name="Shanxia_tianzhenensis" recon_no="66502">Shanxia_tianzhenensis</List>
		<List recon_name="Silvisaurus_condrayi" recon_no="52791">Silvisaurus_condrayi</List>
		<List recon_name="Stegopelta_landerensis" recon_no="63886">Stegopelta_landerensis</List>
		<List recon_name="Struthiosaurus_austriacus" recon_no="52792">Struthiosaurus_austriacus</List>
		<List recon_name="Struthiosaurus_languedocensis" recon_no="64793">Struthiosaurus_languedocensis</List>
		<List recon_name="Talarurus_plicatospineus" recon_no="52797">Talarurus_plicatospineus</List>
		<List recon_name="Tarchia_gigantea" recon_no="52905">Tarchia_gigantea</List>
		<List recon_name="Tatankacephalus_cooneyorum" recon_no="156242">Tatankocephalus_cooneyorum</List>
		<List recon_name="Texasetes_pleurohalio" recon_no="66852">Texasetes_pleurohalio</List>
		<List recon_name="Tianzhenosaurus_youngi" recon_no="66504">Tianzhenosaurus_youngi</List>
		<List recon_name="Tsagantegia_longicranialis" recon_no="68199">Tsagantegia_longicranialis</List>
		<List recon_name="Zhejiangosaurus_lishuiensis" recon_no="154025">Zhejiangosaurus_lishuiensis</List>
		<List recon_name="Zhongyuanosaurus_luoyangensis" recon_no="142709">Zhonguansaurus_lauyangensis</List>
		<List recon_name="Dyoplosaurus_acutosquameus" recon_no="63898">Dyoplosaurus_acutosquameus</List>
		<List recon_name="Dongyangopelta_yangyanensis" recon_no="273055">Dongyangopelta_yangyanensis</List>
	</Taxa>
	<Characters>
		<Molecular/>
		<Morphological number="170">
			<Type>Osteology</Type>
		</Morphological>
		<Behavioural/>
		<Other/>
	</Characters>
	<Analysis>
		<Type>Maximum Parsimony</Type>
	</Analysis>
	<Notes>Based on reanalysis of the original matrix.</Notes>
	<Filename>Chen_etal_2013a</Filename>
	<Parent>Thompson_etal_2012a</Parent>
	<Sibling/>
</SourceTree>
