<?xml version="1.0" standalone="yes"?>
<SourceTree>
	<Source>
		<Author>
			<List>Chiappe, L. M.</List>
			<List>Walker, C. A.</List>
		</Author>
		<Year>2002</Year>
		<Title>Skeletal morphology and systematics of the Cretaceous Euenantiornithes (Ornithothoraces: Enantiornithes)</Title>
		<Journal/>
		<Volume/>
		<Pages>240-267</Pages>
		<Booktitle>Mesozoic Birds: Above the Heads of Dinosaurs</Booktitle>
		<Publisher>University of California Press</Publisher>
		<City>Berkeley</City>
		<Editor>
			<List>Chiappe, L. M.</List>
			<List>Witmer, L. M.</List>
		</Editor>
	</Source>
	<Taxa number="17">
		<List recon_name="Archaeopteryx_lithographica" recon_no="55487">A_lithographica</List>
		<List recon_name="Halimornis_thompsoni" recon_no="122607">H_thompsoni</List>
		<List recon_name="Concornis_lacustris" recon_no="100984">C_lacustris</List>
		<List recon_name="Sinornis_santensis" recon_no="137389">S_santensis</List>
		<List recon_name="Gobipteryx_minuta" recon_no="57334">G_minuta</List>
		<List recon_name="Lectavis_bretincola" recon_no="100986">L_bretincola</List>
		<List recon_name="Soroavisaurus_australis" recon_no="100991">S_australis</List>
		<List recon_name="Yungavolucris_brevipedalis" recon_no="100988">Y_brevipedalis</List>
		<List recon_name="Avisaurus_gloriae" recon_no="66860">A_gloriae</List>
		<List recon_name="Enantiornis_leali" recon_no="53307">E_leali</List>
		<List recon_name="Neuquenornis_volans" recon_no="100989">N_volans</List>
		<List recon_name="Boluochia_zhengi" recon_no="119289">B_zenghi</List>
		<List recon_name="Nanantius_eos" recon_no="81247">N_eos</List>
		<List recon_name="Otogornis_genghisi" recon_no="137493">O_genghisi</List>
		<List recon_name="Alexornis_antecedens" recon_no="53319">A_antecedens</List>
		<List recon_name="Eoalulavis_hoyasi" recon_no="65829">E_hoyasi</List>
		<List recon_name="Eoenantiornis_buhleri" recon_no="119311">E_buhleri</List>
	</Taxa>
	<Characters>
		<Molecular/>
		<Morphological number="36">
			<Type>Osteology</Type>
		</Morphological>
		<Behavioural/>
		<Other/>
	</Characters>
	<Analysis>
		<Type>Maximum Parsimony</Type>
	</Analysis>
	<Notes>Based on reanalysis of the original matrix.</Notes>
	<Filename>Chiappe_et_Walker_2002a</Filename>
	<Parent/>
	<Sibling/>
</SourceTree>
