<?xml version="1.0" standalone="yes"?>
<SourceTree>
	<Source>
		<Author>
			<List>Chiappe, L. M.</List>
		</Author>
		<Year>2001</Year>
		<Title>Phylogenetic relationships among basal birds</Title>
		<Journal/>
		<Volume/>
		<Pages>125-142</Pages>
		<Booktitle>New Perspectives on the Origin and Early Evolution of Birds</Booktitle>
		<Publisher>Peabody Museum Special Publication</Publisher>
		<City>New Haven</City>
		<Editor>
			<List>Gauthier, J.</List>
			<List>Gall, L. F.</List>
		</Editor>
	</Source>
	<Taxa number="24">
		<List recon_name="Allosaurus_fragilis" recon_no="52962">Allosauroidea</List>
		<List recon_name="Deinonychus_antirrhopus,Saurornitholestes_langstoni,Utahraptor_ostrommaysi,Velociraptor_mongoliensis" recon_no="54555;54556;66450;54554">Velociraptorina</List>
		<List recon_name="Troodon_formosus" recon_no="54818">Troodontidae</List>
		<List recon_name="Archaeopteryx_lithographica" recon_no="55487">Archaeopteryx</List>
		<List recon_name="Rahonavis_ostromi" recon_no="64133">Rahonavis</List>
		<List recon_name="Confuciusornis_sanctus" recon_no="67261">Confuciusornis</List>
		<List recon_name="Changchengornis_hengdaoziensis" recon_no="134755">Changchengornis</List>
		<List recon_name="Noguerornis_gonzalezi" recon_no="137424">Noguerornis</List>
		<List recon_name="Iberomesornis_romerali" recon_no="65831">Iberomesornis</List>
		<List recon_name="Eoalulavis_hoyasi" recon_no="65829">Eoalulavis</List>
		<List recon_name="Concornis_lacustris" recon_no="100984">Concornis</List>
		<List recon_name="Sinornis_santensis" recon_no="137389">Sinornis</List>
		<List recon_name="Gobipteryx_minuta" recon_no="57334">Gobipteryx</List>
		<List recon_name="Neuquenornis_volans" recon_no="100989">Neuquenornis</List>
		<List recon_name="Patagopteryx_deferrariisi" recon_no="68529">Patagopteryx</List>
		<List recon_name="Vorona_berivotrensis" recon_no="64129">Vorona</List>
		<List recon_name="Hesperornis_regalis" recon_no="96488">Hesperornis</List>
		<List recon_name="Ambiortus_dementjevi" recon_no="137395">Ambiortus</List>
		<List recon_name="Ichthyornis_dispar" recon_no="54877">Ichthyornis</List>
		<List recon_name="Anas_platyrhynchos" recon_no="83434">Anas</List>
		<List recon_name="Alvarezsaurus_calvoi" recon_no="64775">Alvarezsaurus</List>
		<List recon_name="Patagonykus_puertai" recon_no="64773">Patagonykus</List>
		<List recon_name="Mononykus_olecranus" recon_no="67288">Mononykus</List>
		<List recon_name="Shuvuuia_deserti" recon_no="66044">Shuvuuia</List>
	</Taxa>
	<Characters>
		<Molecular/>
		<Morphological number="169">
			<Type>Osteology</Type>
		</Morphological>
		<Behavioural/>
		<Other/>
	</Characters>
	<Analysis>
		<Type>Maximum Parsimony</Type>
	</Analysis>
	<Notes>Based on reanalysis of the original matrix.</Notes>
	<Filename>Chiappe_2001a</Filename>
	<Parent/>
	<Sibling/>
</SourceTree>
