<?xml version="1.0" standalone="yes"?>
<SourceTree>
	<Source>
		<Author>
			<List>Chiappe, L. M.</List>
		</Author>
		<Year>1993</Year>
		<Title>Enantiornithine (Aves) tarsometatarsi from the Cretaceous Lecho Formation of northwestern Argentina</Title>
		<Journal>American Museum Novitates</Journal>
		<Volume>3083</Volume>
		<Pages>1-27</Pages>
		<Booktitle/>
		<Publisher/>
		<City/>
		<Editor/>
	</Source>
	<Taxa number="8">
		<List recon_name="Mononykus_olecranus" recon_no="67288">Mononykus_olecranus</List>
		<List recon_name="Patagopteryx_deferrariisi" recon_no="68529">Patagopteryx_deferrariisi</List>
		<List recon_name="Yungavolucris_brevipedalis" recon_no="100988">Yungavolucris_brevipedalis</List>
		<List recon_name="Lectavis_bretincola" recon_no="100986">Lectavis_bretincola</List>
		<List recon_name="Neuquenornis_volans" recon_no="100989">Neuquenornis_volans</List>
		<List recon_name="Soroavisaurus_australis" recon_no="100991">Soroavisaurus_australis</List>
		<List recon_name="Avisaurus_archibaldi" recon_no="64064">Avisaurus_archibaldi</List>
		<List recon_name="Avisaurus_gloriae" recon_no="66860">Two_Medicine_form</List>
	</Taxa>
	<Characters>
		<Molecular/>
		<Morphological number="10">
			<Type>Osteology</Type>
		</Morphological>
		<Behavioural/>
		<Other/>
	</Characters>
	<Analysis>
		<Type>Maximum Parsimony</Type>
	</Analysis>
	<Notes>Based on reanalysis of the original matrix.</Notes>
	<Filename>Chiappe_1993a</Filename>
	<Parent/>
	<Sibling/>
</SourceTree>
