<?xml version="1.0" standalone="yes"?>
<SourceTree>
	<Source>
		<Author>
			<List>Chiappe, L. M.</List>
			<List>Suzuki, S.</List>
			<List>Dyke, G. J.</List>
			<List>Watabe, M.</List>
			<List>Tsogtbaatar, K.</List>
			<List>Barsbold, R.</List>
		</Author>
		<Year>2007</Year>
		<Title>A new enantiornithine bird from the Late Cretaceous of the Gobi Desert</Title>
		<Journal>Journal of Systematic Palaeontology</Journal>
		<Volume>5</Volume>
		<Pages>193-208</Pages>
		<Booktitle/>
		<Publisher/>
		<City/>
		<Editor/>
	</Source>
	<Taxa number="16">
		<List recon_name="Archaeopteryx_lithographica" recon_no="55487">Archaopteryx_lithographica</List>
		<List recon_name="Confuciusornis_sanctus" recon_no="67261">Confuciusornis_sanctus</List>
		<List recon_name="Patagopteryx_deferrariisi" recon_no="68529">Patagopteryx_deferrariisi</List>
		<List recon_name="Anas_platyrhynchos" recon_no="83434">Anas_platyrhynchos</List>
		<List recon_name="Protopteryx_fengningensis" recon_no="91349">Protopteryx_fengningensis</List>
		<List recon_name="Elsornis_keni" recon_no="133734">Elsornis_keni</List>
		<List recon_name="Gobipteryx_minuta" recon_no="57334">Gobipteryx_minuta</List>
		<List recon_name="Enantiornis_leali" recon_no="53307">Enantiornis_leali</List>
		<List recon_name="Neuquenornis_volans" recon_no="100989">Neuquenornis_volans</List>
		<List recon_name="Sinornis_santensis" recon_no="137389">Sinornis_santensis</List>
		<List recon_name="Concornis_lacustris" recon_no="100984">Concornis_lacustris</List>
		<List recon_name="Eoalulavis_hoyasi" recon_no="65829">Eoalulavis_hoyasi</List>
		<List recon_name="Vescornis_hebeiensis" recon_no="119301">Vescornis_hebeiensis</List>
		<List recon_name="Eoenantiornis_buhleri" recon_no="119311">Eoenantiornis_buhleri</List>
		<List recon_name="Longipteryx_chaoyangensis" recon_no="137361">Longipteryx_chaoyangensis</List>
		<List recon_name="Longirostravis_hani" recon_no="119305">Longirostravis_hani</List>
	</Taxa>
	<Characters>
		<Molecular/>
		<Morphological number="46">
			<Type>Osteology</Type>
		</Morphological>
		<Behavioural/>
		<Other/>
	</Characters>
	<Analysis>
		<Type>Maximum Parsimony</Type>
	</Analysis>
	<Notes>Based on reanalysis of the original matrix.</Notes>
	<Filename>Chiappe_etal_2007a</Filename>
	<Parent/>
	<Sibling/>
</SourceTree>
