<?xml version="1.0" standalone="yes"?>
<SourceTree>
	<Source>
		<Author>
			<List>Chiappe, L. M.</List>
			<List>Calvo, J. O.</List>
		</Author>
		<Year>1994</Year>
		<Title><em>Neuquenornis volans</em>, a new Late Cretaceous bird (Enantiornithes: Avisauridae) from Patagonia, Argentina</Title>
		<Journal>Journal of Vertebrate Paleontology</Journal>
		<Volume>14</Volume>
		<Pages>230-246</Pages>
		<Booktitle/>
		<Publisher/>
		<City/>
		<Editor/>
	</Source>
	<Taxa number="8">
		<List recon_name="Deinonychus_antirrhopus" recon_no="54555">Dromaeosauridae</List>
		<List recon_name="Archaeopteryx_lithographica" recon_no="55487">A_lithographica</List>
		<List recon_name="Iberomesornis_romerali" recon_no="65831">I_romerali</List>
		<List recon_name="Alexornis_antecedens,Avisaurus_archibaldi,Cathayornis_yandica,Concornis_lacustris,Enantiornis_leali,Gettyia_gloriae,Gobipteryx_minuta,Kizylkumavis_cretacea,Lectavis_bretincola,Lenesornis_maltshevskyi,Nanantius_eos,Neuquenornis_volans,Noguerornis_gonzalezi,Sazavis_prisca,Sinornis_santensis,Soroavisaurus_australis,Yungavolucris_brevipedalis,Zhyraornis_kashkarovi" recon_no="53319;64064;137353;100984;53307;378787;57334;70298;100986;71345;81247;100989;137424;137281;137389;100991;100988;70296">Enantiornithes</List>
		<List recon_name="Patagopteryx_deferrariisi" recon_no="68529">P_deferrariisi</List>
		<List recon_name="Baptornis_advenus,Enaliornis_barretti,Enaliornis_sedgwicki,Hesperornis_altus,Hesperornis_regalis,Neogaeornis_wetzeli,Parahesperornis_alexi" recon_no="52957;67052;137414;137272;96488;53321;137277">Hesperornithiformes</List>
		<List recon_name="Ichthyornis_dispar" recon_no="54877">Ichthyornis</List>
		<List recon_name="Anas_platyrhynchos" recon_no="83434">Neornithes</List>
	</Taxa>
	<Characters>
		<Molecular/>
		<Morphological number="73">
			<Type>Osteology</Type>
		</Morphological>
		<Behavioural/>
		<Other/>
	</Characters>
	<Analysis>
		<Type>Maximum Parsimony</Type>
	</Analysis>
	<Notes>Based on reanalysis of the original matrix.</Notes>
	<Filename>Chiappe_et_Calvo_1994a</Filename>
	<Parent/>
	<Sibling/>
</SourceTree>
