<?xml version="1.0" standalone="yes"?>
<SourceTree>
	<Source>
		<Author>
			<List>Chinnery, B. J.</List>
			<List>Weishampel, D. B.</List>
		</Author>
		<Year>1998</Year>
		<Title><em>Montanoceratops cerorhynchus</em> (Dinosauria, Ceratopsia) and relationships among basal neoceratopsians</Title>
		<Journal>Journal of Vertebrate Paleontology</Journal>
		<Volume>18</Volume>
		<Pages>569-585</Pages>
		<Booktitle/>
		<Publisher/>
		<City/>
		<Editor/>
	</Source>
	<Taxa number="14">
		<List recon_name="Goyocephale_lattimorei,Gravitholus_albertae,Homalocephale_calathocercos,Micropachycephalosaurus_hongtuyanensis,Ornatotholus_browni,Pachycephalosaurus_wyomingensis,Prenocephale_prenes,Sphaerotholus_buchholtzae,Sphaerotholus_goodwini,Stegoceras_edmontonense,Stegoceras_validum,Stenopelix_valdensis,Stygimoloch_spinifer,Tylocephale_gilmorei,Wannanosaurus_yansiensis,Yaverlandia_bitholus" recon_no="52838;56566;52836;54840;56568;52835;52833;67683;67682;56571;56570;65431;56577;66451;52840;56581">Pachycephalosauria</List>
		<List recon_name="Psittacosaurus_guyangensis,Psittacosaurus_mazongshanensis,Psittacosaurus_meileyingensis,Psittacosaurus_mongoliensis,Psittacosaurus_neimongoliensis,Psittacosaurus_ordosensis,Psittacosaurus_osborni,Psittacosaurus_sinensis,Psittacosaurus_xinjiangensis,Psittacosaurus_youngi" recon_no="65683;58884;65708;52831;64142;64143;65706;65705;65707;65946">Psittacosaurus</List>
		<List recon_name="Protoceratops_andrewsi" recon_no="52824">Protoceratops</List>
		<List recon_name="Leptoceratops_gracilis" recon_no="52827">Leptoceratops</List>
		<List recon_name="Montanoceratops_cerorhynchus" recon_no="52830">Montanoceratops</List>
		<List recon_name="Bagaceratops_rozhdestvenskyi" recon_no="52826">Bagaceratops</List>
		<List recon_name="Microceratops_gobiensis" recon_no="52825">Microceratops</List>
		<List recon_name="Breviceratops_kozlowski" recon_no="351633">Breviceratops</List>
		<List recon_name="Udanoceratops_tschizhovi" recon_no="66585">Udanoceratops</List>
		<List recon_name="Asiaceratops_salsopaludalis" recon_no="66589">Asiaceratops</List>
		<List recon_name="Anchiceratops_ornatus" recon_no="63447">Anchiceratops</List>
		<List recon_name="Chasmosaurus_belli,Chasmosaurus_mariscalensis,Chasmosaurus_russelli" recon_no="66019;52772;66020">Chasmosaurus</List>
		<List recon_name="Centrosaurus_apertus" recon_no="63911">Centrosaurus</List>
		<List recon_name="Styracosaurus_albertensis" recon_no="56144">Stryracosaurus</List>
	</Taxa>
	<Characters>
		<Molecular/>
		<Morphological number="68">
			<Type>Osteology</Type>
		</Morphological>
		<Behavioural/>
		<Other/>
	</Characters>
	<Analysis>
		<Type>Maximum Parsimony</Type>
	</Analysis>
	<Notes>Based on reanalysis of the original matrix.</Notes>
	<Filename>Chinnery_et_Weishampel_1998a</Filename>
	<Parent/>
	<Sibling/>
</SourceTree>
