<?xml version="1.0" standalone="yes"?>
<SourceTree>
	<Source>
		<Author>
			<List>Clarke, J. A.</List>
			<List>Chiappe, L. M.</List>
		</Author>
		<Year>2001</Year>
		<Title>A new carinate bird from the Late Cretaceous of Patagonia (Argentina)</Title>
		<Journal>American Museum Novitates</Journal>
		<Volume>3323</Volume>
		<Pages>1-23</Pages>
		<Booktitle/>
		<Publisher/>
		<City/>
		<Editor/>
	</Source>
	<Taxa number="16">
		<List recon_name="Confuciusornis_sanctus" recon_no="67261">Confuciusornis_sanctus</List>
		<List recon_name="Enantiornis_leali,Sinornis_santensis" recon_no="53307;137389">Enantiornithes</List>
		<List recon_name="Ichthyornis_antecessor,Ichthyornis_dispar,Ichthyornis_victor" recon_no="54878;54877;118779">Ichthyornis</List>
		<List recon_name="Limenavis_patagonica" recon_no="134885">Limenavis_patagonica</List>
		<List recon_name="Lithornis_celetius,Lithornis_plebius,Lithornis_promiscuus" recon_no="246695;246697;246696">Lithornis</List>
		<List recon_name="Tinamus_guttatus" recon_no="399837">Tinamus_guttatus</List>
		<List recon_name="Pterocnemia_pennata" recon_no="372681">Pterocnemia_pennata</List>
		<List recon_name="Gallus_gallus" recon_no="368033">Gallus_gallus</List>
		<List recon_name="Crax_globulosa" recon_no="399879">Crax_globulosa</List>
		<List recon_name="Rallus_longirostris" recon_no="336066">Rallus_longirostris</List>
		<List recon_name="Chauna_torquata" recon_no="321676">Chauna_torquata</List>
		<List recon_name="Anas_platyrhynchos" recon_no="83434">Anas_platyrhynchos</List>
		<List recon_name="Columba_livia" recon_no="94497">Columba_livia</List>
		<List recon_name="Grus_grus" recon_no="105610">Grus_grus</List>
		<List recon_name="Numenius_phaeopus" recon_no="368552">Numenius_phaeopus</List>
		<List recon_name="Burhinus_capensis" recon_no="372757">Burhinus_capensis</List>
	</Taxa>
	<Characters>
		<Molecular/>
		<Morphological number="72">
			<Type>Osteology</Type>
		</Morphological>
		<Behavioural/>
		<Other/>
	</Characters>
	<Analysis>
		<Type>Maximum Parsimony</Type>
	</Analysis>
	<Notes>Based on reanalysis of the original matrix.</Notes>
	<Filename>Clarke_et_Chiappe_2001a</Filename>
	<Parent/>
	<Sibling/>
</SourceTree>
