<?xml version="1.0" standalone="yes"?>
<SourceTree>
	<Source>
		<Author>
			<List>Clarke, J. A.</List>
			<List>Norell, M. A.</List>
		</Author>
		<Year>2004</Year>
		<Title>New avialan remains and a review of the known avifauna from the Late Cretaceous Nemegt Formation of Mongolia</Title>
		<Journal>American Museum Novitates</Journal>
		<Volume>3447</Volume>
		<Pages>1-12</Pages>
		<Booktitle/>
		<Publisher/>
		<City/>
		<Editor/>
	</Source>
	<Taxa number="22">
		<List recon_name="Deinonychus_antirrhopus" recon_no="54555">Dromaeosauridae</List>
		<List recon_name="Archaeopteryx_lithographica" recon_no="55487">Archaeopteryx_lithographica</List>
		<List recon_name="Confuciusornis_sanctus" recon_no="67261">Confucisornis_sanctus</List>
		<List recon_name="Vorona_berivotrensis" recon_no="64129">Vorona_berivotrensis</List>
		<List recon_name="Patagopteryx_deferrariisi" recon_no="68529">Patagopteryx_deferrariisi</List>
		<List recon_name="Anas_platyrhynchos" recon_no="83434">Anas_platyrhynchos</List>
		<List recon_name="Chauna_torquata" recon_no="321676">Chauna_torquata</List>
		<List recon_name="Gallus_gallus" recon_no="368033">Gallus_gallus</List>
		<List recon_name="Crax_pauxi" recon_no="367994">Crax_pauxi</List>
		<List recon_name="Crypturellus_undulatus" recon_no="368319">Crypturellus_undulatus</List>
		<List recon_name="Lithornis_celetius,Lithornis_plebius,Lithornis_promiscuus" recon_no="246695;246697;246696">Lithornis</List>
		<List recon_name="Ichthyornis_dispar" recon_no="54877">Ichthyornis_dispar</List>
		<List recon_name="Hesperornis_regalis" recon_no="96488">Hesperornis_regalis</List>
		<List recon_name="Baptornis_advenus" recon_no="52957">Baptornis_advenus</List>
		<List recon_name="Apsaravis_ukhaana" recon_no="58898">Apsaravis_ukhaana</List>
		<List recon_name="Ornithurae_indet_IGM_100_1309" recon_no="137276">IGM_100_slash_1309</List>
		<List recon_name="Ornithurae_indet_IGM_100_1310" recon_no="137276">IGM_100_slash_1310</List>
		<List recon_name="Ornithurae_indet_IGM_100_1311" recon_no="137276">IGM_100_slash_1311</List>
		<List recon_name="Neuquenornis_volans" recon_no="100989">Neuquenornis_volans</List>
		<List recon_name="Cathayornis_yandica" recon_no="137353">Cathayornis_yandica</List>
		<List recon_name="Concornis_lacustris" recon_no="100984">Concornis_lacustris</List>
		<List recon_name="Gobipteryx_minuta" recon_no="57334">Gobipteryx_minuta</List>
	</Taxa>
	<Characters>
		<Molecular/>
		<Morphological number="202">
			<Type>Osteology</Type>
		</Morphological>
		<Behavioural/>
		<Other/>
	</Characters>
	<Analysis>
		<Type>Maximum Parsimony</Type>
	</Analysis>
	<Notes>Based on reanalysis of the original matrix.</Notes>
	<Filename>Clarke_et_Norell_2004a</Filename>
	<Parent>Clarke_et_Norell_2002a</Parent>
	<Sibling/>
</SourceTree>
