<?xml version="1.0" standalone="yes"?>
<SourceTree>
	<Source>
		<Author>
			<List>Clarke, J. A, Tambussi, C. P.</List>
			<List>Noriega, J. I.</List>
			<List>Erickson, G. M.</List>
			<List>Ketcham, R. A.</List>
		</Author>
		<Year>2005</Year>
		<Title>Definitive fossil evidence for the extant avian radiation in the Cretaceous</Title>
		<Journal>Nature</Journal>
		<Volume>433</Volume>
		<Pages>305-308</Pages>
		<Booktitle/>
		<Publisher/>
		<City/>
		<Editor/>
	</Source>
	<Taxa number="20">
		<List recon_name="Deinonychus_antirrhopus" recon_no="54555">Dromaeosauridae</List>
		<List recon_name="Archaeopteryx_lithographica" recon_no="55487">Archaeopteryx_lithographica</List>
		<List recon_name="Confuciusornis_sanctus" recon_no="67261">Confucisornis_sanctus</List>
		<List recon_name="Vorona_berivotrensis" recon_no="64129">Vorona_berivotrensis</List>
		<List recon_name="Patagopteryx_deferrariisi" recon_no="68529">Patagopteryx_deferrariisi</List>
		<List recon_name="Apsaravis_ukhaana" recon_no="58898">Apsaravis_ukhaana</List>
		<List recon_name="Ichthyornis_dispar" recon_no="54877">Ichthyornis_dispar</List>
		<List recon_name="Vegavis_iaai" recon_no="81024">Vegavis</List>
		<List recon_name="Anas_platyrhynchos" recon_no="83434">Anas_platyrhynchos</List>
		<List recon_name="Chauna_torquata" recon_no="321676">Chauna_torquata</List>
		<List recon_name="Gallus_gallus" recon_no="368033">Gallus_gallus</List>
		<List recon_name="Crax_pauxi" recon_no="367994">Crax_pauxi</List>
		<List recon_name="Crypturellus_undulatus" recon_no="368319">Crypturellus_undulatus</List>
		<List recon_name="Lithornis_celetius,Lithornis_plebius,Lithornis_promiscuus" recon_no="246695;246697;246696">Lithornis</List>
		<List recon_name="Hesperornis_regalis" recon_no="96488">Hesperornis_regalis</List>
		<List recon_name="Baptornis_advenus" recon_no="52957">Baptornis_advenus</List>
		<List recon_name="Cathayornis_yandica" recon_no="137353">Cathayornis_yandica</List>
		<List recon_name="Concornis_lacustris" recon_no="100984">Concornis_lacustris</List>
		<List recon_name="Neuquenornis_volans" recon_no="100989">Neuquenornis_volans</List>
		<List recon_name="Gobipteryx_minuta" recon_no="57334">Gobipteryx_minuta</List>
	</Taxa>
	<Characters>
		<Molecular/>
		<Morphological number="202">
			<Type>Osteology</Type>
		</Morphological>
		<Behavioural/>
		<Other/>
	</Characters>
	<Analysis>
		<Type>Maximum Parsimony</Type>
	</Analysis>
	<Notes>Based on reanalysis of the original matrix.</Notes>
	<Filename>Clarke_etal_2005aa</Filename>
	<Parent>Clarke_et_Norell_2002a</Parent>
	<Sibling/>
</SourceTree>
