<?xml version="1.0" standalone="yes"?>
<SourceTree>
	<Source>
		<Author>
			<List>Clarke, J. A.</List>
			<List>Tambussi, C. P.</List>
			<List>Noriega, J. I.</List>
			<List>Erickson, G. M.</List>
			<List>Ketcham, R. A.</List>
		</Author>
		<Year>2005</Year>
		<Title>Definitive fossil evidence for the extant avian radiation in the Cretaceous</Title>
		<Journal>Nature</Journal>
		<Volume>433</Volume>
		<Pages>305-308</Pages>
		<Booktitle/>
		<Publisher/>
		<City/>
		<Editor/>
	</Source>
	<Taxa number="47">
		<List recon_name="Apsaravis_ukhaana" recon_no="58898">Apsaravis</List>
		<List recon_name="Ichthyornis_dispar" recon_no="54877">Ichthyornis</List>
		<List recon_name="Hesperornis_regalis" recon_no="96488">Hesperornis</List>
		<List recon_name="Crypturellus_cinnamomeus,Nothura_maculosa,Rhynchotus_rufescens,Tinamus_solitarius" recon_no="399849;399862;399870;399834">Tinamidae</List>
		<List recon_name="Rhea_americana" recon_no="368318">Rheidae</List>
		<List recon_name="Apteryx_australis" recon_no="369211">Apterygidae</List>
		<List recon_name="Acryllium_vulturinum,Chrysolophus_pictus,Crax_pauxi,Gallus_gallus,Lagopus_lagopus,Lyrurus_tetrix,Megapodius_freycinet,Meleagris_gallopavo,Numida_meleagris,Pavo_cristatus,Penelope_superciliaris,Phasianus_colchicus,Pipile_pipile,Tetrao_urogallus,Tetrastes_bonasia" recon_no="401597;415629;367994;368033;368615;365981;401156;110952;372652;415633;401163;372509;415632;369189;369322">Galliformes</List>
		<List recon_name="Anhima_cornuta,Chauna_torquata" recon_no="401249;321676">Anhimidae</List>
		<List recon_name="Aix_galericulata,Anas_crecca,Anser_rossii,Aythya_marila,Cygnus_atratus,Cygnus_buccinator,Dendrocygna_eytoni,Melanitta_fusca,Oxyura_jamaicensis,Somateria_mollissima,Tadorna_tadornoides" recon_no="370646;133772;368040;321729;368042;161114;401326;368045;129153;83445;368044">Anatidae</List>
		<List recon_name="Vegavis_iaai" recon_no="81024">Vegavis</List>
		<List recon_name="Opisthocomus_hoazin" recon_no="399880">Opisthocomidae</List>
		<List recon_name="Cariama_cristata" recon_no="367992">Cariamidae</List>
		<List recon_name="Carpococcyx_radiceus,Centropus_goliath,Ceuthmochares_aereus,Chrysococcyx_caprius,Clamator_glandarius,Coua_cristata,Crotophaga_ani,Cuculus_canorus,Geococcyx_californianus,Guira_guira" recon_no="415655;402389;415657;415658;415660;372708;372083;373061;368474;415938">Cuculidae</List>
		<List recon_name="Crinifer_piscator,Crinifer_zonurus,Musophaga_violacea,Tauraco_fischeri" recon_no="399913;399912;399810;399900">Musophagidae</List>
		<List recon_name="Ardeotis_nigriceps,Otis_tarda" recon_no="415418;369000">Otididae</List>
		<List recon_name="Amaurornis_olivaceus,Aramides_saracura,Fulica_americana,Gallinula_chloropus,Gallirallus_philippensis,Himantornis_haematopus,Laterallus_melanophaius,Porphyrio_martinicus,Porzana_carolina,Rallus_longirostris,Zapornia_flavirostra" recon_no="372860;415939;186246;368188;368195;400267;415940;368517;368519;336066;401354">Rallidae</List>
		<List recon_name="Agapornis_pullarius,Amazona_albifrons,Ara_macao,Aratinga_solstitialis,Cacatua_galerita,Coracopsis_nigra,Melopsittacus_undulatus,Myiopsitta_monachus,Neophema_chrysogaster,Nestor_meridionalis,Nymphicus_hollandicus,Platycercus_elegans,Poicephalus_senegalus,Polytelis_swainsonii,Probosciger_aterrimus,Psittacus_erithacus,Psittrichas_fulgidus,Trichoglossus_haematodus" recon_no="415645;373598;415946;415945;399948;415944;400298;415943;415941;143813;400010;368074;415653;415651;415649;400590;415647;400299">Psittaciformes</List>
		<List recon_name="Colius_castanotus,Colius_colius,Colius_leucocephalus,Colius_striatus,Urocolius_indicus,Urocolius_macrourus" recon_no="399942;399943;399941;368909;399945;399944">Coliidae</List>
		<List recon_name="Coracias_garrulus,Eurystomus_glaucurus" recon_no="379255;373496">Coraciidae</List>
		<List recon_name="Alauda_arvensis,Corvus_corone,Cymbirhynchus_macrorhynchos,Furnarius_rufus,Pitangus_sulphuratus,Rupicola_rupicola,Thamnophilus_ruficapillus" recon_no="368984;365952;415923;415927;372241;415931;415936">Passeriformes</List>
		<List recon_name="Pygoscelis_antarctica,Spheniscus_magellanicus" recon_no="372789;399816">Spheniscidae</List>
		<List recon_name="Bulweria_bulwerii,Calonectris_diomedea,Daption_capense,Fulmarus_glacialis,Procellaria_aequinoctialis,Pterodroma_incerta,Puffinus_puffinus" recon_no="368277;83366;374026;368276;83357;400023;83374">Procellariidae</List>
		<List recon_name="Aechmophorus_occidentalis,Aechmophorus_clarkii,Podiceps_cristatus,Tachybaptus_ruficollis" recon_no="161510;368270;372487;369016">Podicipedidae</List>
		<List recon_name="Gavia_stellata" recon_no="368750">Gaviidae</List>
		<List recon_name="Eudocimus_albus,Geronticus_eremita,Lophotibis_cristata,Platalea_ajaja,Plegadis_falcinellus,Threskiornis_aethiopicus" recon_no="368424;368913;373474;368754;372358;373512">Threskiornithidae</List>
		<List recon_name="Phoenicopterus_ruber,Phoeniconaias_minor" recon_no="368490;380411">Phoenicopteridae</List>
		<List recon_name="Anastomus_oscitans,Ciconia_ciconia,Leptoptilos_dubius,Mycteria_americana" recon_no="399928;369264;368311;368949">Ciconiidae</List>
		<List recon_name="Sagittarius_serpentarius" recon_no="399940">Sagittariidae</List>
		<List recon_name="Cathartes_aura,Coragyps_atratus,Sarcoramphus_papa,Vultur_gryphus" recon_no="137176;161512;137199;103973">Cathartidae</List>
		<List recon_name="Aegolius_funereus,Asio_otus,Athene_noctua,Bubo_virginianus,Glaucidium_passerinum,Otus_scops,Strix_varia,Surnia_ulula,Tyto_alba" recon_no="369195;369163;365950;161527;415644;368931;368065;369197;368069">Strigiformes</List>
		<List recon_name="Accipiter_striatus,Aegypius_monachus,Aquila_chrysaetos,Buteo_magnirostris,Circus_buffoni,Elanus_leucurus,Gyps_africanus,Gypaetus_barbatus,Haliaeetus_albicilla,Pandion_haliaetus,Pernis_apivorus,Spizaetus_ornatus" recon_no="129155;365995;368058;373573;400411;373306;402403;137191;336225;368439;379261;415643">Accipitridae</List>
		<List recon_name="Falco_cherrug,Phalcoboenus_chimango,Polyborus_plancus" recon_no="373316;400416;368061">Falconidae</List>
		<List recon_name="Himantopus_himantopus,Recurvirostra_avosetta" recon_no="379257;369521">Recurvirostridae</List>
		<List recon_name="Burhinus_superciliaris" recon_no="369107">Burhinidae</List>
		<List recon_name="Phaethon_rubricauda" recon_no="371104">Phaethontidae</List>
		<List recon_name="Fregata_ariel,Fregata_magnificens,Fregata_minor" recon_no="368289;379254;335260">Fregatidae</List>
		<List recon_name="Phalacrocorax_carbo" recon_no="336370">Phalacrocoracidae</List>
		<List recon_name="Balaeniceps_rex" recon_no="399812">Balaenicipitidae</List>
		<List recon_name="Eurypyga_helias" recon_no="400287">Eurypygidae</List>
		<List recon_name="Agamia_agami,Ardea_alba,Ardea_cinerea,Ardea_pacifica,Ardeola_ralloides,Bubulcus_ibis,Botaurus_lentiginosus,Botaurus_poiciloptilus,Botaurus_stellaris,Cochlearius_cochlearius,Egretta_novaehollandiae,Ixobrychus_dubius,Ixobrychus_eurhythmus,Ixobrychus_sinensis,Nycticorax_nycticorax" recon_no="401751;368278;83488;401765;415638;401777;368317;401756;369359;399814;401781;401709;401712;401711;368423">Ardeidae</List>
		<List recon_name="Syrrhaptes_paradoxus,Pterocles_gutturalis" recon_no="379259;399885">Pteroclidae</List>
		<List recon_name="Caloenas_nicobarica,Columba_palumbus,Ducula_aenea,Gallicolumba_luzonica,Goura_cristata,Ptilinopus_roseicapilla,Streptopelia_turtur,Treron_australis,Trugon_terrestris,Turtur_chalcospilos,Zenaida_macroura" recon_no="372845;365966;402391;415637;401270;372577;369526;373487;415635;415636;368077">Columbidae</List>
		<List recon_name="Psophia_crepitans" recon_no="400249">Psophiidae</List>
		<List recon_name="Anthropoides_virgo,Balearica_pavonina,Bugeranus_carunculatus,Grus_grus" recon_no="400259;400256;380358;105610">Gruidae</List>
		<List recon_name="Aegotheles_cristatus" recon_no="369382">Aegothelidae</List>
		<List recon_name="Steatornis_caripensis" recon_no="399985">Steatornithidae</List>
		<List recon_name="Harpactes_erythrocephalus,Pharomachrus_mocinno,Trogon_viridis" recon_no="400594;402381;402379">Trogonidae</List>
	</Taxa>
	<Characters>
		<Molecular/>
		<Morphological number="148">
			<Type>Osteology</Type>
		</Morphological>
		<Behavioural/>
		<Other/>
	</Characters>
	<Analysis>
		<Type>Maximum Parsimony</Type>
	</Analysis>
	<Notes>Based on reanalysis of the original matrix.</Notes>
	<Filename>Clarke_etal_2005ab</Filename>
	<Parent>Mayr_et_Clarke_2003a</Parent>
	<Sibling/>
</SourceTree>
