<?xml version="1.0" standalone="yes"?>
<SourceTree>
	<Source>
		<Author>
			<List>Coria, R. A.</List>
			<List>Currie, P. J.</List>
		</Author>
		<Year>2002</Year>
		<Title>The braincase of <em>Giganotosaurus carolinii</em> (Dinosauria: Theropoda) from the Upper Cretaceous of Argentina</Title>
		<Journal>Journal of Vertebrate Paleontology</Journal>
		<Volume>22</Volume>
		<Pages>802-811</Pages>
		<Booktitle/>
		<Publisher/>
		<City/>
		<Editor/>
	</Source>
	<Taxa number="11">
		<List recon_name="Herrerasaurus_ischigualastensis" recon_no="55000">Herrerasaurus</List>
		<List recon_name="Deinonychus_antirrhopus" recon_no="54555">Dromaeosauridae</List>
		<List recon_name="Abelisaurus_comahuensis" recon_no="53945">Abelisaurus</List>
		<List recon_name="Acrocanthosaurus_atokensis" recon_no="55482">Acrocanthosaurus</List>
		<List recon_name="Allosaurus_fragilis" recon_no="52962">Allosaurus</List>
		<List recon_name="Carnotaurus_sastrei" recon_no="54526">Carnotaurus</List>
		<List recon_name="Sinraptor_dongi" recon_no="54821">Sinraptor</List>
		<List recon_name="Carcharodontosaurus_saharicus" recon_no="65365">Carcharodontosaurus</List>
		<List recon_name="Giganotosaurus_carolinii" recon_no="54541">Giganotosaurus</List>
		<List recon_name="Troodon_formosus,Saurornithoides_mongoliensis,Saurornithoides_junior,Sinornithoides_youngi,Byronosaurus_jaffei,Borogovia_gracilicrus,Tochisaurus_nemegtensis" recon_no="54818;54470;57262;64145;57020;64791;66620">Troodontidae</List>
		<List recon_name="Albertosaurus_megagracilis,Albertosaurus_sarcophagus,Alectrosaurus_olseni,Alioramus_remotus,Chingkankousaurus_fragilis,Daspletosaurus_torosus,Gorgosaurus_libratus,Maleevosaurus_novojilovi,Nanotyrannus_lancensis,Tarbosaurus_bataar,Tyrannosaurus_luanchuanensis,Tyrannosaurus_rex" recon_no="67649;56319;57253;57259;65684;57258;53194;63709;53213;57254;54835;54833">Tyrannosauridae</List>
	</Taxa>
	<Characters>
		<Molecular/>
		<Morphological number="15">
			<Type>Osteology</Type>
		</Morphological>
		<Behavioural/>
		<Other/>
	</Characters>
	<Analysis>
		<Type>Maximum Parsimony</Type>
	</Analysis>
	<Notes>Based on reanalysis of the original matrix.</Notes>
	<Filename>Coria_et_Currie_2002a</Filename>
	<Parent/>
	<Sibling/>
</SourceTree>
