<?xml version="1.0" standalone="yes"?>
<SourceTree>
	<Source>
		<Author>
			<List>Coria, R. A.</List>
			<List>Chiappe, L. M.</List>
			<List>Dingus, L.</List>
		</Author>
		<Year>2002</Year>
		<Title>A new close relative of <em>Carnotaurus sastrei</em> Bonaparte 1985 (Theropoda: Abelisauridae) from the Late Cretaceous of Patagonia</Title>
		<Journal>Journal of Vertebrate Paleontology</Journal>
		<Volume>22</Volume>
		<Pages>460-465</Pages>
		<Booktitle/>
		<Publisher/>
		<City/>
		<Editor/>
	</Source>
	<Taxa number="7">
		<List recon_name="Allosaurus_fragilis" recon_no="52962">Tetanurae</List>
		<List recon_name="Ceratosaurus_nasicornis" recon_no="54165">Ceratosaurus</List>
		<List recon_name="Abelisaurus_comahuensis" recon_no="53945">Abelisaurus</List>
		<List recon_name="Majungatholus_athopus" recon_no="190519">Majungatholus</List>
		<List recon_name="Ilokelesia_aguadagrandensis" recon_no="54532">Ilkolesia</List>
		<List recon_name="Carnotaurus_sastrei" recon_no="54526">Carnotaurus</List>
		<List recon_name="Aucasaurus_garridoi" recon_no="54524">Aucasaurus</List>
	</Taxa>
	<Characters>
		<Molecular/>
		<Morphological number="28">
			<Type>Osteology</Type>
		</Morphological>
		<Behavioural/>
		<Other/>
	</Characters>
	<Analysis>
		<Type>Maximum Parsimony</Type>
	</Analysis>
	<Notes>Based on reanalysis of the original matrix.</Notes>
	<Filename>Coria_etal_2002a</Filename>
	<Parent/>
	<Sibling/>
</SourceTree>
