<?xml version="1.0" standalone="yes"?>
<SourceTree>
	<Source>
		<Author>
			<List>Coria, R. A.</List>
			<List>Salgado, L.</List>
		</Author>
		<Year>1996</Year>
		<Title>A basal iguanodontian (Ornithischia, Ornithopoda) from the Late Cretaceous of South America</Title>
		<Journal>Journal of Vertebrate Paleontology</Journal>
		<Volume>16</Volume>
		<Pages>445-457</Pages>
		<Booktitle/>
		<Publisher/>
		<City/>
		<Editor/>
	</Source>
	<Taxa number="7">
		<List recon_name="Anchiceratops_ornatus,Arrhinoceratops_brachyops,Avaceratops_lammersi,Bagaceratops_rozhdestvenskyi,Brachyceratops_montanensis,Breviceratops_kozlowskii,Centrosaurus_apertus,Chasmosaurus_belli,Chasmosaurus_canadensis,Chasmosaurus_mariscalensis,Chasmosaurus_russelli,Goyocephale_lattimorei,Gravitholus_albertae,Homalocephale_calathocercos,Leptoceratops_gracilis,Majungatholus_atopus,Microceratops_gobiensis,Micropachycephalosaurus_hongtuyanensis,Monoclonius_crassus,Montanoceratops_cerorhynchus,Ornatotholus_browni,Pachycephalosaurus_wyomingensis,Pachyrhinosaurus_canadensis,Pentaceratops_sternbergii,Prenocephale_prenes,Protoceratops_andrewsi,Psittacosaurus_guyangensis,Psittacosaurus_meileyingensis,Psittacosaurus_mongoliensis,Psittacosaurus_osborni,Psittacosaurus_sinensis,Psittacosaurus_xinjiangensis,Psittacosaurus_youngi,Stegoceras_validum,Stegoceras_edmontonense,Stenopelix_valdensis,Stygimoloch_spinifer,Styracosaurus_albertensis,Styracosaurus_ovatus,Torosaurus_latus,Triceratops_horridus,Tylocephale_gilmorei,Wannanosaurus_yansiensis,Yaverlandia_bitholus" recon_no="63447;63401;55539;52826;63895;58855;63911;66019;63907;52772;66020;52838;56566;52836;52827;56395;52825;54840;54486;52830;56568;52835;66023;55033;52833;52824;65683;65708;52831;65706;65705;65707;65946;56570;56571;65431;56577;56144;56147;63773;63759;66451;52840;56581">Marginocephalia</List>
		<List recon_name="Abrictosaurus_consors,Lycorhinus_angustidens,Heterodontosaurus_tucki" recon_no="52903;52899;52902">Heterodontosauridae</List>
		<List recon_name="Agilisaurus_louderbacki,Agilisaurus_multidens,Atlascopcosaurus_loadsi,Drinker_nisti,Fulgurotherium_australe,Gongbusaurus_shiyii,Gongbusaurus_wucaiwanensis,Hypsilophodon_foxii,Leaellynasaura_amicagraphica,Orodromeus_makelai,Othnielia_rex,Parksosaurus_warreni,Thescelosaurus_neglectus,Thescelosaurus_garbanii,Yandusaurus_hongheensis,Zephyrosaurus_schaffi" recon_no="57223;57225;57104;57650;57105;54860;54861;54190;57102;64338;64495;52894;52897;65022;52892;52889">Hypsilophodontidae</List>
		<List recon_name="Tenontosaurus_tilletti" recon_no="52887">Tenontosaurus</List>
		<List recon_name="Gasparinisaura_cincosaltensis" recon_no="65254">Gasparinisaura</List>
		<List recon_name="Dryosaurus_altus,Dryosaurus_lettowvorbecki,Valdosaurus_canaliculatus,Valdosaurus_nigeriensis" recon_no="54253;56515;52886;64647">Dryosauridae</List>
		<List recon_name="Anatotitan_copei,Aralosaurus_tuberiferus,Bactrosaurus_johnsoni,Barsboldia_sicinskii,Brachylophosaurus_canadensis,Brachylophosaurus_goodwini,Camptosaurus_amplus,Camptosaurus_dispar,Camptosaurus_prestwichii,Claosaurus_agilis,Corythosaurus_casuarius,Craspedodon_lonzeensis,Edmontosaurus_annectens,Edmontosaurus_regalis,Edmontosaurus_saskatchewanensis,Gilmoreosaurus_mongoliensis,Gryposaurus_notabilis,Hadrosaurus_foulkii,Hadrosaurus_minor,Hadrosaurus_notabilis,Hypacrosaurus_altispinus,Iguanodon_anglicus,Iguanodon_atherfieldensis,Iguanodon_bernissartensis,Iguanodon_dawsoni,Iguanodon_fittoni,Iguanodon_hoggi,Iguanodon_lakotaensis,Jaxartosaurus_aralensis,Kritosaurus_australis,Kritosaurus_incurvimanus,Kritosaurus_navajovius,Lambeosaurus_lambei,Lambeosaurus_laticaudus,Lambeosaurus_magnicristatus,Lophorhothon_atopus,Maiasaura_peeblesorum,Muttaburrasaurus_langdoni,Nipponosaurus_sachalinensis,Ouranosaurus_nigeriensis,Parasaurolophus_cyrtocristatus,Parasaurolophus_tubicen,Parasaurolophus_walkeri,Probactrosaurus_alashanicus,Probactrosaurus_gobiensis,Prosaurolophus_maximus,Rhabdodon_priscus,Rhabdodon_septimanicus,Saurolophus_angustirostris,Saurolophus_osborni,Secernosaurus_koerneri,Shantungosaurus_giganteus,Tanius_sinensis,Telmatosaurus_transsylvanicus,Tsintaosaurus_spinorhinus" recon_no="64302;67547;57344;67253;65213;64297;65781;52880;64519;63264;56403;66257;64305;63254;64304;64067;63251;52812;54434;95941;56406;66729;64255;58905;66721;64508;110264;65389;65693;66683;63253;53196;56724;68200;65429;67215;55574;64271;56972;52877;66260;64355;63256;58906;52878;53384;66745;67672;64295;53386;64065;69513;53379;68154;53387">Ankylopollexia</List>
	</Taxa>
	<Characters>
		<Molecular/>
		<Morphological number="40">
			<Type>Osteology</Type>
		</Morphological>
		<Behavioural/>
		<Other/>
	</Characters>
	<Analysis>
		<Type>Maximum Parsimony</Type>
	</Analysis>
	<Notes>Based on reanalysis of the original matrix.</Notes>
	<Filename>Coria_et_Salgado_1996a</Filename>
	<Parent/>
	<Sibling/>
</SourceTree>
