<?xml version="1.0" standalone="yes"?>
<SourceTree>
	<Source>
		<Author>
			<List>Cracraft, J.</List>
			<List>Clarke, J.</List>
		</Author>
		<Year>2001</Year>
		<Title>The basal clades of modern birds</Title>
		<Journal>Peabody Museum Special Publication</Journal>
		<Volume/>
		<Pages>143-156</Pages>
		<Booktitle>New Perspectives on the Origin and Early Evolution of Birds</Booktitle>
		<Publisher>Peabody Museum</Publisher>
		<City>New Haven</City>
		<Editor>
			<List>Gauthier, J.</List>
			<List>Gall, L. F.</List>
		</Editor>
	</Source>
	<Taxa number="8">
		<List recon_name="DELETE" recon_no="0">Outgroup</List>
		<List recon_name="Hesperornithiformes" recon_no="36617">Hesperonithes</List>
		<List recon_name="Ichthyornis_dispar" recon_no="54877">Ichthyornis</List>
		<List recon_name="Tinamiformes" recon_no="39267">Tinamous</List>
		<List recon_name="Ratitae" recon_no="98818">Ratites</List>
		<List recon_name="Neoaves" recon_no="98887">Neoaves</List>
		<List recon_name="Galliformes" recon_no="39330">Galliformes</List>
		<List recon_name="Anseriformes" recon_no="39620">Anseriformes</List>
	</Taxa>
	<Characters>
		<Molecular/>
		<Morphological number="44">
			<Type>Osteology</Type>
		</Morphological>
		<Behavioural/>
		<Other/>
	</Characters>
	<Analysis>
		<Type>Maximum Parsimony</Type>
	</Analysis>
	<Notes>Based on reanalysis of the original matrix.</Notes>
	<Filename>Cracraft_et_Clarke_2001a</Filename>
	<Parent/>
	<Sibling/>
</SourceTree>
