<?xml version="1.0" standalone="yes"?>
<SourceTree>
	<Source>
		<Author>
			<List>Currie, P. J.</List>
			<List>Hurum, J. H.</List>
			<List>Sabath, K.</List>
		</Author>
		<Year>2003</Year>
		<Title>Skull structure and evolution in tyrannosaurid dinosaurs</Title>
		<Journal>Acta Palaeontologica Polonica</Journal>
		<Volume>48</Volume>
		<Pages>227-234</Pages>
		<Booktitle/>
		<Publisher/>
		<City/>
		<Editor/>
	</Source>
	<Taxa number="8">
		<List recon_name="Allosaurus_fragilis" recon_no="52962">Allosaurus</List>
		<List recon_name="Albertosaurus_sarcophagus" recon_no="56319">Albertosaurus</List>
		<List recon_name="Gorgosaurus_libratus" recon_no="53194">Gorgosaurus</List>
		<List recon_name="Alioramus_remotus" recon_no="57259">Alioramus</List>
		<List recon_name="Daspletosaurus_torosus" recon_no="57258">Daspletosaurus</List>
		<List recon_name="Tarbosaurus_bataar" recon_no="57254">Tarbosaurus</List>
		<List recon_name="Nanotyrannus_lancensis" recon_no="53213">Nanotyrannus</List>
		<List recon_name="Tyrannosaurus_rex" recon_no="54833">Tyrannosaurus</List>
	</Taxa>
	<Characters>
		<Molecular/>
		<Morphological number="77">
			<Type>Osteology</Type>
		</Morphological>
		<Behavioural/>
		<Other/>
	</Characters>
	<Analysis>
		<Type>Maximum Parsimony</Type>
	</Analysis>
	<Notes>Based on reanalysis of the original matrix.</Notes>
	<Filename>Currie_etal_2003a</Filename>
	<Parent/>
	<Sibling/>
</SourceTree>
