<?xml version="1.0" standalone="yes"?>
<SourceTree>
	<Source>
		<Author>
			<List>Curry Rogers, K.</List>
			<List>Forster, C. A.</List>
		</Author>
		<Year>2001</Year>
		<Title>The last of the dinosaur titans: a new sauropod from Madagascar</Title>
		<Journal>Nature</Journal>
		<Volume>412</Volume>
		<Pages>530-534</Pages>
		<Booktitle/>
		<Publisher/>
		<City/>
		<Editor/>
	</Source>
	<Taxa number="17">
		<List recon_name="Omeisaurus_tianfuensis" recon_no="56462">Omeisaurus</List>
		<List recon_name="Camarasaurus_grandis" recon_no="67181">Camarasaurus</List>
		<List recon_name="Brachiosaurus_altithorax" recon_no="54864">Brachiosaurus</List>
		<List recon_name="Euhelopus_zdanskyi" recon_no="54868">Euhelopus</List>
		<List recon_name="Alamosaurus_sanjuanensis" recon_no="63399">Alamosaurus</List>
		<List recon_name="Titanosaurus_colberti" recon_no="64311">Titanosaurus</List>
		<List recon_name="Opisthocoelicaudia_skarzynskii" recon_no="57335">Opisthocoelicaudia</List>
		<List recon_name="Neuquensaurus_australis" recon_no="64315">Neuquensaurus</List>
		<List recon_name="Saltasaurus_loricatus" recon_no="58838">Saltasaurus</List>
		<List recon_name="Antarctosaurus_wichmannianus" recon_no="66264">Antarctosaurus</List>
		<List recon_name="Malawisaurus_dixeyi" recon_no="57458">Malawisaurus</List>
		<List recon_name="Quaesitosaurus_orientalis" recon_no="66618">Quaesitosaurus</List>
		<List recon_name="Nemegtosaurus_mongoliensis" recon_no="54841">Nemegtosaurus</List>
		<List recon_name="Rapetosaurus_krausei" recon_no="57533">Rapetosaurus</List>
		<List recon_name="Dicraeosaurus_hansemanni,Dicraeosaurus_sattleri" recon_no="65941;65942">Dicraeosaurus</List>
		<List recon_name="Apatosaurus_ajax,Apatosaurus_louisae" recon_no="52958;57752">Apatosaurus</List>
		<List recon_name="Diplodocus_longus" recon_no="52920">Diplodocus</List>
	</Taxa>
	<Characters>
		<Molecular/>
		<Morphological number="228">
			<Type>Osteology</Type>
		</Morphological>
		<Behavioural/>
		<Other/>
	</Characters>
	<Analysis>
		<Type>Maximum Parsimony</Type>
	</Analysis>
	<Notes>Based on reanalysis of the original matrix.</Notes>
	<Filename>Curry_Rogers_et_Forster_2001a</Filename>
	<Parent/>
	<Sibling/>
</SourceTree>
