<?xml version="1.0" standalone="yes"?>
<SourceTree>
	<Source>
		<Author>
			<List>Currie, P. J.</List>
		</Author>
		<Year>1995</Year>
		<Title>New information on the anatomy and relationships of <em>Dromaeosaurus albertensis</em> (Dinosauria: Theropoda)</Title>
		<Journal>Journal of Vertebrate Paleontology</Journal>
		<Volume>15</Volume>
		<Pages>576-591</Pages>
		<Booktitle/>
		<Publisher/>
		<City/>
		<Editor/>
	</Source>
	<Taxa number="6">
		<List recon_name="Herrerasaurus_ischigualastensis" recon_no="55000">Herrerasaurus</List>
		<List recon_name="Coelophysis_bauri" recon_no="55477">Coelophysis</List>
		<List recon_name="Sinraptor_dongi" recon_no="54821">Sinraptor</List>
		<List recon_name="Dromaeosaurus_albertensis" recon_no="54550">Dromaeosaurus</List>
		<List recon_name="Deinonychus_antirrhopus,Saurornitholestes_langstoni,Utahraptor_ostrommaysi,Velociraptor_mongoliensis" recon_no="54555;54556;66450;54554">Velociraptorinae</List>
		<List recon_name="Itemirus_medullaris" recon_no="66622">Itemirus</List>
	</Taxa>
	<Characters>
		<Molecular/>
		<Morphological number="27">
			<Type>Osteology</Type>
		</Morphological>
		<Behavioural/>
		<Other/>
	</Characters>
	<Analysis>
		<Type>Maximum Parsimony</Type>
	</Analysis>
	<Notes>Based on reanalysis of the original matrix.</Notes>
	<Filename>Currie_1995a</Filename>
	<Parent/>
	<Sibling/>
</SourceTree>
