<?xml version="1.0" standalone="yes"?>
<SourceTree>
	<Source>
		<Author>
			<List>Currie, P. J.</List>
			<List>Carpenter, K.</List>
		</Author>
		<Year>2000</Year>
		<Title>New specimen of <em>Acrocanthosaurus atokensis</em> (Theropoda, Dinosauria) from the Lower Cretaceous Antlers Formation (Lower Cretaceous, Aptian) of Oklahoma, USA</Title>
		<Journal>Geodiversitas</Journal>
		<Volume>22</Volume>
		<Pages>207-246</Pages>
		<Booktitle/>
		<Publisher/>
		<City/>
		<Editor/>
	</Source>
	<Taxa number="11">
		<List recon_name="Herrerasaurus_ischigualastensis" recon_no="55000">Herrerasaurus__outgroup_</List>
		<List recon_name="Abelisaurus_comahuensis,Carnotaurus_sastrei,Indosaurus_matleyi,Indosuchus_raptorius,Majungasaurus_crenatissimus,Xenotarsosaurus_bonapartei" recon_no="53945;54526;54099;53958;53957;56394">Abelisauridae__outgroup_</List>
		<List recon_name="Monolophosaurus_jiangi" recon_no="64122">Monolophosaurus</List>
		<List recon_name="Metriacanthosaurus_parkeri,Sinraptor_dongi,Yangchuanosaurus_magnus,Yangchuanosaurus_shangyouensis" recon_no="67739;54821;54825;54826">Sinraptoridae</List>
		<List recon_name="Acrocanthosaurus_atokensis" recon_no="55482">Acrocanthosaurus</List>
		<List recon_name="Allosaurus_fragilis" recon_no="52962">Allosaurus</List>
		<List recon_name="Carcharodontosaurus_saharicus" recon_no="65365">Carcharodontosaurus</List>
		<List recon_name="Giganotosaurus_carolinii" recon_no="54541">Giganotosaurus</List>
		<List recon_name="Albertosaurus_megagracilis,Albertosaurus_sarcophagus,Alectrosaurus_olseni,Alioramus_remotus,Chingkankousaurus_fragilis,Daspletosaurus_torosus,Gorgosaurus_libratus,Maleevosaurus_novojilovi,Nanotyrannus_lancensis,Tarbosaurus_bataar,Tyrannosaurus_luanchuanensis,Tyrannosaurus_rex" recon_no="67649;56319;57253;57259;65684;57258;53194;63709;53213;57254;54835;54833">Tyrannosauridae</List>
		<List recon_name="Deinonychus_antirrhopus" recon_no="54555">Dromaeosauridae</List>
		<List recon_name="Conchoraptor_gracilis,Ingenia_yanshini,Oviraptor_mongoliensis,Oviraptor_philoceratops" recon_no="67259;57022;57021;55488">Oviraptorosauria</List>
	</Taxa>
	<Characters>
		<Molecular/>
		<Morphological number="110">
			<Type>Osteology</Type>
		</Morphological>
		<Behavioural/>
		<Other/>
	</Characters>
	<Analysis>
		<Type>Maximum Parsimony</Type>
	</Analysis>
	<Notes>Based on reanalysis of the original matrix.</Notes>
	<Filename>Currie_et_Carpenter_2000a</Filename>
	<Parent>Harris_1998a</Parent>
	<Sibling/>
</SourceTree>
