<?xml version="1.0" standalone="yes"?>
<SourceTree>
	<Source>
		<Author>
			<List>Currie, P. J.</List>
			<List>Varricchio, D. J.</List>
		</Author>
		<Year>2004</Year>
		<Title>A new dromaeosaurid from the Horseshoe Canyon Formation (Upper Cretaceous) of Alberta, Canada</Title>
		<Journal/>
		<Volume/>
		<Pages>112-132</Pages>
		<Booktitle>Feathered Dragons</Booktitle>
		<Publisher>Indiana University Press</Publisher>
		<City>Bloomington</City>
		<Editor>
			<List>Currie, P. J.</List>
			<List>Kopplehus, E. B.</List>
			<List>Shugar, M. A.</List>
			<List>Wright, J. L.</List>
		</Editor>
	</Source>
	<Taxa number="9">
		<List recon_name="Coelophysis_bauri" recon_no="55477">Coelophysis</List>
		<List recon_name="Allosaurus_fragilis" recon_no="52962">Allosaurus</List>
		<List recon_name="Troodon_formosus,Saurornithoides_mongoliensis,Saurornithoides_junior,Sinornithoides_youngi,Byronosaurus_jaffei,Borogovia_gracilicrus,Tochisaurus_nemegtensis,Sinovenator_changii" recon_no="54818;54470;57262;64145;57020;64791;66620;64889">Troodontidae</List>
		<List recon_name="Dromaeosaurus_albertensis" recon_no="54550">Dromaeosaurus</List>
		<List recon_name="Saurornitholestes_langstoni" recon_no="54556">Saurornitholestes</List>
		<List recon_name="Velociraptor_mongoliensis" recon_no="54554">Velociraptor</List>
		<List recon_name="Bambiraptor_feinbergi" recon_no="82048">Bambiraptor</List>
		<List recon_name="Atrociraptor_marshalli" recon_no="132126">Atrociraptor</List>
		<List recon_name="Deinonychus_antirrhopus" recon_no="54555">Deinonychus</List>
	</Taxa>
	<Characters>
		<Molecular/>
		<Morphological number="42">
			<Type>Osteology</Type>
		</Morphological>
		<Behavioural/>
		<Other/>
	</Characters>
	<Analysis>
		<Type>Maximum Parsimony</Type>
	</Analysis>
	<Notes>Based on reanalysis of the original matrix.</Notes>
	<Filename>Currie_et_Varricchio_2004a</Filename>
	<Parent/>
	<Sibling/>
</SourceTree>
