<?xml version="1.0" standalone="yes"?>
<SourceTree>
	<Source>
		<Author>
			<List>Currie, P. J.</List>
			<List>Langston, W.</List>
			<List>Tanke, D. H.</List>
		</Author>
		<Year>2008</Year>
		<Title>A new species of <em>Pachyrhinosaurus</em> (Dinosauria, Ceratopsidae) from the Upper Cretaceous of Alberta, Canada</Title>
		<Journal/>
		<Volume/>
		<Pages>1-108</Pages>
		<Booktitle>A New Horned Dinosaur From an Upper Cretaceous Bone Bed in Alberta</Booktitle>
		<Publisher>NRC Research Press</Publisher>
		<City>Ottawa</City>
		<Editor>
			<List>Currie, P. J.</List>
			<List>Langston, W.</List>
			<List>Tanke, D. H.</List>
		</Editor>
	</Source>
	<Taxa number="11">
		<List recon_name="Protoceratops_andrewsi" recon_no="52824">Protoceratops_andrewsi</List>
		<List recon_name="Zuniceratops_christopheri" recon_no="66591">Zuniceratops_christopheri</List>
		<List recon_name="Albertaceratops_nesmoi" recon_no="94776">Albertaceratops_nesmoi</List>
		<List recon_name="Centrosaurus_apertus" recon_no="63911">Centrosaurus_apertus</List>
		<List recon_name="Styracosaurus_albertensis" recon_no="56144">Styracosaurus_albertensis</List>
		<List recon_name="Einiosaurus_procurvicornis" recon_no="53954">Einiosaurus_procurvicornis</List>
		<List recon_name="Achelousaurus_horneri" recon_no="53955">Achelousaurus_horneri</List>
		<List recon_name="Pachyrhinosaurus_canadensis" recon_no="66023">Pachyrhinosaurus_canadensis</List>
		<List recon_name="Pachyrhinosaurus_lakustai" recon_no="167138">Pachyrhinosaurus_lakustai</List>
		<List recon_name="Chasmosaurus_belli" recon_no="66019">Chasmosaurus_belli</List>
		<List recon_name="Triceratops_horridus" recon_no="63759">Triceratops_horridus</List>
	</Taxa>
	<Characters>
		<Molecular/>
		<Morphological number="46">
			<Type>Osteology</Type>
		</Morphological>
		<Behavioural/>
		<Other/>
	</Characters>
	<Analysis>
		<Type>Maximum Parsimony</Type>
	</Analysis>
	<Notes>Based on reanalysis of the original matrix.</Notes>
	<Filename>Currie_etal_2008a</Filename>
	<Parent/>
	<Sibling/>
</SourceTree>
