<?xml version="1.0" standalone="yes"?>
<SourceTree>
	<Source>
		<Author>
			<List>Densmore, L. D.</List>
			<List>White, P. S.</List>
		</Author>
		<Year>1991</Year>
		<Title>The systematics and evolution of the crocodile as suggested by restriction endonuclease analysis of mitochondrial and nuclear ribosomal DNA</Title>
		<Journal>Copeia</Journal>
		<Volume>1991</Volume>
		<Pages>602-615</Pages>
		<Booktitle/>
		<Publisher/>
		<City/>
		<Editor/>
	</Source>
	<Taxa number="15">
		<List recon_name="Crocodylus_acutus" recon_no="96382">C_acutus</List>
		<List recon_name="Crocodylus_cataphractus" recon_no="190803">C_cataphractus</List>
		<List recon_name="Crocodylus_johnsoni" recon_no="321263">C_johnsoni</List>
		<List recon_name="Crocodylus_moreletti" recon_no="173375">C_moreletti</List>
		<List recon_name="Crocodylus_niloticus" recon_no="158096">C_niloticus</List>
		<List recon_name="Crocodylus_mindorensis" recon_no="321262">C_mindorensis</List>
		<List recon_name="Crocodylus_novaeguineae" recon_no="321264">C_novaeguinae</List>
		<List recon_name="Crocodylus_palustris" recon_no="158098">C_p_kimbula</List>
		<List recon_name="Crocodylus_palustris" recon_no="158098">C_p_palustris</List>
		<List recon_name="Crocodylus_porosus" recon_no="190802">C_porosus</List>
		<List recon_name="Crocodylus_rhombifer" recon_no="266712">C_rhombifer</List>
		<List recon_name="Crocodylus_siamensis" recon_no="266672">C_siamensis</List>
		<List recon_name="Tomistoma_schlegelii" recon_no="190748">Tomistoma</List>
		<List recon_name="Gavialis_gangeticus" recon_no="190776">Gavialis</List>
		<List recon_name="Alligator_mississippiensis" recon_no="110824">Alligator</List>
	</Taxa>
	<Characters>
		<Molecular number="48">
			<Type>mtDNA</Type>
		</Molecular>
		<Morphological/>
		<Behavioural/>
		<Other/>
	</Characters>
	<Analysis>
		<Type>Maximum Parsimony</Type>
	</Analysis>
	<Notes>Based on reanalysis of the original matrix.</Notes>
	<Filename>Densmore_et_White_1991ab</Filename>
	<Parent/>
	<Sibling/>
</SourceTree>
