<?xml version="1.0" standalone="yes"?>
<SourceTree>
	<Source>
		<Author>
			<List>Dilkes, D. W.</List>
		</Author>
		<Year>1998</Year>
		<Title>The Early Triassic rhynchosaur <em>Mesosuchus browni</em> and the interrelationships of basal archosauromorph reptiles</Title>
		<Journal>Philosophical Transactions of the Royal Society of London B</Journal>
		<Volume>353</Volume>
		<Pages>501-541</Pages>
		<Booktitle/>
		<Publisher/>
		<City/>
		<Editor/>
	</Source>
	<Taxa number="23">
		<List recon_name="Petrolacosaurus_kansensis" recon_no="138231">Petrolacosaurus</List>
		<List recon_name="Youngina_capensis" recon_no="77037">Youngina</List>
		<List recon_name="Gephyrosaurus_bridensis" recon_no="64136">Gephyrosaurus</List>
		<List recon_name="Agama_agama,Leiolepis_belliana,Celestus_crusculus,Diploglossus_millepunctatus,Elgaria_coerulea,Elgaria_multicarinata,Ophisaurus_apodus,Ophisaurus_ventralis,Chamaeleo_chameleon,Cordylus_polyzonus,Dibamus_novaeguinea,Coleonyx_variegatus,Gekko_gecko,Hemitheconyx_caudicinctus,Uroplatus_fimbriatus,Gymnophthalmus_speciosus,Heloderma_horridum,Heloderma_suspectum,Anolis_sagrei,Crotaphytus_collaris,Ctenosaura_pectinata,Dipsosaurus_dorsalis,Iguana_iguana,Morunasaurus_annularis,Plica_plica,Sceloporus_magister,Algyroides_fitzingeri,Lacerta_lepida,Lacerta_viridis,Lanthanotus_borneensis,Pygopus_lepidopodus,Corucia_zebrata,Eumeces_laticeps,Eumeces_obsoletus,Eumeces_skiltonianus,Ameiva_chrysolaema,Cnemidophorus_sexlineatus,Tupinambis_teguixin,Varanus_niloticus,Varanus_salvator,Xantusia_henshawi,Xenosaurus_grandis,Amphisbaena_alba,Amphisbaena_fuliginosa,Cylindrophis_rufus,Python_regius" recon_no="375802;376470;374955;376136;408754;137139;375953;291366;376381;408755;374211;376245;375935;374974;408757;408761;374757;374759;376205;424753;376142;376386;373787;375506;375639;408762;408775;408777;335215;374189;376790;375947;408764;408765;408766;408763;110875;356416;135845;374199;408759;373928;376126;376127;376762;408758">Squamata</List>
		<List recon_name="Prolacerta_broomi" recon_no="138933">Prolacerta</List>
		<List recon_name="Macrocnemus_bassanii" recon_no="141599">Macrocnemus</List>
		<List recon_name="Tanystropheus_longobardicus" recon_no="180927">Tanystropheus</List>
		<List recon_name="Trilophosaurus_buettneri" recon_no="64922">Trilophosaurus</List>
		<List recon_name="Howesia_browni" recon_no="141597">Howesia</List>
		<List recon_name="Mesosuchus_browni" recon_no="139820">Mesosuchus</List>
		<List recon_name="Rhynchosaurus_articeps" recon_no="95808">Rhynchosaurus</List>
		<List recon_name="Scaphonyx_fischeri" recon_no="57029">Scaphonyx</List>
		<List recon_name="Stenaulorhynchus_stockleyi" recon_no="68498">Stenaulorhynchus</List>
		<List recon_name="Hyperodapedon_gordoni,Hyperodapedon_huxleyi" recon_no="146404;100723">Hyperodapedon</List>
		<List recon_name="Proterosuchus_fergusi" recon_no="184525">Proterosuchus</List>
		<List recon_name="Euparkeria_capensis" recon_no="99170">Euparkeria</List>
		<List recon_name="Champsosaurus_gigas" recon_no="67578">Champsosaurus</List>
		<List recon_name="Cteniogenys_antiquus" recon_no="69385">Cteniogenys</List>
		<List recon_name="Lazarussuchus_inexpectatus" recon_no="202126">Lazurussuchus</List>
		<List recon_name="Protorosaurus_speneri" recon_no="95836">Protorosaurus</List>
		<List recon_name="Megalancosaurus_preonensis" recon_no="131744">Megalancosaurus</List>
		<List recon_name="Langobardisaurus_pandolfii" recon_no="176500">Langobardisaurus</List>
		<List recon_name="Drepanosaurus_unguicaudatus" recon_no="132495">Drepanosaurus</List>
	</Taxa>
	<Characters>
		<Molecular/>
		<Morphological number="144">
			<Type>Osteology</Type>
		</Morphological>
		<Behavioural/>
		<Other/>
	</Characters>
	<Analysis>
		<Type>Maximum Parsimony</Type>
	</Analysis>
	<Notes>Based on reanalysis of the original matrix.</Notes>
	<Filename>Dilkes_1998a</Filename>
	<Parent/>
	<Sibling/>
</SourceTree>
