<?xml version="1.0" standalone="yes"?>
<SourceTree>
	<Source>
		<Author>
			<List>Dodson, P.</List>
			<List>Forster, C. A.</List>
			<List>Sampson, S. D.</List>
		</Author>
		<Year>2004</Year>
		<Title>Ceratopsidae</Title>
		<Journal/>
		<Volume/>
		<Pages>494-516</Pages>
		<Booktitle>The Dinosauria (Second Edition)</Booktitle>
		<Publisher>University of California Press</Publisher>
		<City>Berkeley</City>
		<Editor>
			<List>Weishampel, D. B.</List>
			<List>Dodson, P.</List>
			<List>Osmolska, H.</List>
		</Editor>
	</Source>
	<Taxa number="15">
		<List recon_name="Protoceratops_andrewsi" recon_no="52824">Protoceratops</List>
		<List recon_name="Zuniceratops_christopheri" recon_no="66591">Zuniceratops</List>
		<List recon_name="Avaceratops_lammersi" recon_no="55539">Avaceratops</List>
		<List recon_name="Einiosaurus_procurvicornis" recon_no="53954">Einiosaurus</List>
		<List recon_name="Achelousaurus_horneri" recon_no="53955">Achelousaurus</List>
		<List recon_name="Pachyrhinosaurus_canadensis" recon_no="66023">Pachyrhinosaurus</List>
		<List recon_name="Centrosaurus_apertus" recon_no="63911">Centrosaurus</List>
		<List recon_name="Styracosaurus_albertensis" recon_no="56144">Styracosaurus</List>
		<List recon_name="Anchiceratops_ornatus" recon_no="63447">Anchiceratops</List>
		<List recon_name="Arrhinoceratops_brachyops" recon_no="63401">Arrhinoceratops</List>
		<List recon_name="Triceratops_horridus" recon_no="63759">Triceratops</List>
		<List recon_name="Diceratops_hatcheri" recon_no="63890">Diceratops</List>
		<List recon_name="Torosaurus_latus" recon_no="63773">Torosaurus</List>
		<List recon_name="Chasmosaurus_belli,Chasmosaurus_irvinensis,Chasmosaurus_mariscalensis,Chasmosaurus_russelli" recon_no="66019;64731;52772;66020">Chasmosaurus</List>
		<List recon_name="Pentaceratops_sternbergii" recon_no="55033">Pentaceratops</List>
	</Taxa>
	<Characters>
		<Molecular/>
		<Morphological number="73">
			<Type>Osteology</Type>
		</Morphological>
		<Behavioural/>
		<Other/>
	</Characters>
	<Analysis>
		<Type>Maximum Parsimony</Type>
	</Analysis>
	<Notes>Based on reanalysis of the original matrix.</Notes>
	<Filename>Dodson_etal_2004a</Filename>
	<Parent/>
	<Sibling/>
</SourceTree>
