<?xml version="1.0" standalone="yes"?>
<SourceTree>
	<Source>
		<Author>
			<List>Elzanowski, A.</List>
		</Author>
		<Year>1999</Year>
		<Title>A comparison of the jaw skeleton in theropods and birds, with a description of the palate in the Oviraptoridae</Title>
		<Journal>Smithsonian Contributions to Paleontology</Journal>
		<Volume>89</Volume>
		<Pages>311-323</Pages>
		<Booktitle/>
		<Publisher/>
		<City/>
		<Editor/>
	</Source>
	<Taxa number="7">
		<List recon_name="Anserimimus_planinychus,Archaeornithomimus_asiaticus,Dromiceiomimus_brevetertius,Dromiceiomimus_samueli,Gallimimus_bullatus,Garudimimus_brevipes,Harpymimus_okladnikovi,Ornithomimus_edmontonicus,Ornithomimus_velox,Struthiomimus_altus" recon_no="66672;57276;57274;57272;57265;57267;66670;63438;57269;57266">Ornithomimosauria</List>
		<List recon_name="Archaeopteryx_lithographica" recon_no="55487">Archaeopteryx</List>
		<List recon_name="Alxasaurus_elesitaiensis,Erlikosaurus_andrewsi,Segnosaurus_galbinensis" recon_no="64126;66667;66664">Therizinosauroidea</List>
		<List recon_name="Conchoraptor_gracilis,Ingenia_yanshini,Oviraptor_mongoliensis,Oviraptor_philoceratops" recon_no="67259;57022;57021;55488">Oviraptoridae</List>
		<List recon_name="Caenagnathus_collinsi,Caenagnathus_sternbergi" recon_no="54545;54547">Caenagnathidae</List>
		<List recon_name="Gobipteryx_minuta" recon_no="57334">Gobipteryx</List>
		<List recon_name="Hesperornis_regalis" recon_no="96488">Hesperornis</List>
	</Taxa>
	<Characters>
		<Molecular/>
		<Morphological number="14">
			<Type>Osteology</Type>
		</Morphological>
		<Behavioural/>
		<Other/>
	</Characters>
	<Analysis>
		<Type>Maximum Parsimony</Type>
	</Analysis>
	<Notes>Based on reanalysis of the original matrix.</Notes>
	<Filename>Elzanowski_1999a</Filename>
	<Parent/>
	<Sibling/>
</SourceTree>
