<?xml version="1.0" standalone="yes"?>
<SourceTree>
	<Source>
		<Author>
			<List>Escaso, F.</List>
			<List>Ortega, F.</List>
			<List>Dantas, P.</List>
			<List>Malafaia, E.</List>
			<List>Pimentel, N. L.</List>
			<List>Pereda-Suberbiola, X.</List>
			<List>Sanz, J. L.</List>
			<List>Kullberg, J. C.</List>
			<List>Kullberg, M. C.</List>
			<List>Barriga, F.</List>
		</Author>
		<Year>2007</Year>
		<Title>New evidence of shared dinosaur across Upper Jurassic Proto-North Atlantic: <em>Stegosaurus</em> from Portugal</Title>
		<Journal>Naturwissenschaften</Journal>
		<Volume>94</Volume>
		<Pages>367-374</Pages>
		<Booktitle/>
		<Publisher/>
		<City/>
		<Editor/>
	</Source>
	<Taxa number="13">
		<List recon_name="Lesothosaurus_diagnosticus" recon_no="57574">Lesothosaurus</List>
		<List recon_name="Huayangosaurus_taibaii" recon_no="54858">Huayangosaurus</List>
		<List recon_name="Dacentrurus_armatus" recon_no="56505">Dacentrurus</List>
		<List recon_name="Chialingosaurus_kauni" recon_no="369587">Chialingosaurus</List>
		<List recon_name="Tuojiangosaurus_multispinus" recon_no="54854">Tuojiangosaurus</List>
		<List recon_name="Kentrosaurus_aethiopicus" recon_no="56490">Kentrosaurus</List>
		<List recon_name="Chungkingosaurus_jiangbeiensis" recon_no="56487">Chungkingosaurus</List>
		<List recon_name="Hesperosaurus_mjosi" recon_no="68159">Hesperosaurus</List>
		<List recon_name="Wuerhosaurus_homheni" recon_no="56493">Wuerhosaurus</List>
		<List recon_name="Lexovisaurus_durobrivensis" recon_no="56501">Lexovisaurus</List>
		<List recon_name="Stegosaurus_stenops" recon_no="56491">S_stenops</List>
		<List recon_name="Stegosaurus_ungulatus" recon_no="52985">S_ungulatus</List>
		<List recon_name="Stegosaurus_sp_LHNB_CN_1" recon_no="38814">LHNB_CN_1</List>
	</Taxa>
	<Characters>
		<Molecular/>
		<Morphological number="60">
			<Type>Osteology</Type>
		</Morphological>
		<Behavioural/>
		<Other/>
	</Characters>
	<Analysis>
		<Type>Maximum Parsimony</Type>
	</Analysis>
	<Notes>Based on reanalysis of the original matrix.</Notes>
	<Filename>Escaso_etal_2007a</Filename>
	<Parent>Galton_et_Upchurch_2004b</Parent>
	<Sibling/>
</SourceTree>
