<?xml version="1.0" standalone="yes"?>
<SourceTree>
	<Source>
		<Author>
			<List>Evans, D. C.</List>
			<List>Larson, D. W.</List>
			<List>Currie, P. J.</List>
		</Author>
		<Year>2013</Year>
		<Title>A new dromaeosaurid (Dinosauria: Theropoda) with Asian affinities from the latest Cretaceous of North America</Title>
		<Journal>Naturwissenschaften</Journal>
		<Volume>100</Volume>
		<Pages>1041-1049</Pages>
		<Booktitle/>
		<Publisher/>
		<City/>
		<Editor/>
	</Source>
	<Taxa number="30">
		<List recon_name="Archaeopteryx_lithographica" recon_no="55487">Archaeopteryx</List>
		<List recon_name="Sinovenator_changii" recon_no="64889">Sinovenator_changii</List>
		<List recon_name="Byronosaurus_jaffei" recon_no="57020">Byronosaurus_jaffei</List>
		<List recon_name="Troodon_formosus" recon_no="54818">Troodon</List>
		<List recon_name="Mahakala_omnogovae" recon_no="133919">Mahakala_omnogovae</List>
		<List recon_name="Rahonavis_ostromi" recon_no="64133">Rahonavis_ostromi</List>
		<List recon_name="Unenlagia_comahuensis" recon_no="65422">Unenlagia_comahuensis</List>
		<List recon_name="Unenlagia_paynemili" recon_no="65423">Unenlagia_paynemili</List>
		<List recon_name="Buitreraptor_gonzalezorum" recon_no="68202">Buitreraptor_gonzalezorum</List>
		<List recon_name="Neuquenraptor_argentinus" recon_no="64531">Neuquenraptor_argentinus</List>
		<List recon_name="Austroraptor_cabazai" recon_no="138548">Austroraptor_cabazai</List>
		<List recon_name="Microraptor_gui" recon_no="68246">Microraptor</List>
		<List recon_name="Graciliraptor_lujiatunensis" recon_no="146457">Graciliraptor_lujiatensis</List>
		<List recon_name="Shanag_ashile" recon_no="96500">Shanag_ashile</List>
		<List recon_name="Sinornithosaurus_millenii" recon_no="68205">Sinornithosaurus_millennii</List>
		<List recon_name="Hesperonychus_elizabethae" recon_no="143268">Hesperonychus_elizabethae</List>
		<List recon_name="Saurornitholestes_langstoni" recon_no="54556">Saurornitholestes_langstoni</List>
		<List recon_name="Atrociraptor_marshalli" recon_no="132126">Atrociraptor_marshalli</List>
		<List recon_name="Bambiraptor_feinbergi" recon_no="82048">Bambiraptor_feinbergi</List>
		<List recon_name="Deinonychus_antirrhopus" recon_no="54555">Deinonychus_antirrhopus</List>
		<List recon_name="Dromaeosaurus_albertensis" recon_no="54550">Dromaeosaurus_albertensis</List>
		<List recon_name="Utahraptor_ostrommaysi" recon_no="66450">Utahraptor_ostrommaysorum</List>
		<List recon_name="Achillobator_giganticus" recon_no="68418">Achillobator_giganticus</List>
		<List recon_name="Velociraptor_mongoliensis" recon_no="54554">Velociraptor_mongoliensis</List>
		<List recon_name="Velociraptor_osmolskae" recon_no="132124">Velociraptor_osmolskae</List>
		<List recon_name="Tsaagan_mangas" recon_no="90550">Tsaagan_mangas</List>
		<List recon_name="Adasaurus_mongoliensis" recon_no="57261">Adasaurus_mongoliensis</List>
		<List recon_name="Acheroraptor_temertyorum" recon_no="283586">Acheroraptor_temertyorum</List>
		<List recon_name="Dromaeosauridae_indet_IGM_100_slash_22_and_23" recon_no="38561">Bayanshiree_Fm</List>
		<List recon_name="Balaur_bondoc" recon_no="170643">Balaur_bondoc</List>
	</Taxa>
	<Characters>
		<Molecular/>
		<Morphological number="116">
			<Type>Osteology</Type>
		</Morphological>
		<Behavioural/>
		<Other/>
	</Characters>
	<Analysis>
		<Type>Maximum Parsimony</Type>
	</Analysis>
	<Notes>Based on reanalysis of the original matrix.</Notes>
	<Filename>Evans_etal_2013bb</Filename>
	<Parent>Longrich_et_Currie_2009b</Parent>
	<Sibling/>
</SourceTree>
