<?xml version="1.0" standalone="yes"?>
<SourceTree>
	<Source>
		<Author>
			<List>Ezcurra, M. D.</List>
			<List>Cuny, G.</List>
		</Author>
		<Year>2007</Year>
		<Title>The coelophysoid <em>Lophostropheus airelensis</em>, gen. nov.: a review of the systematics of <em>Liliensternus airelensis</em> from the Triassic-Jurassic outcrops of Normandy (France)</Title>
		<Journal>Journal of Vertebrate Paleontology</Journal>
		<Volume>27</Volume>
		<Pages>73-86</Pages>
		<Booktitle/>
		<Publisher/>
		<City/>
		<Editor/>
	</Source>
	<Taxa number="13">
		<List recon_name="Eoraptor_lunensis" recon_no="57454">Eoraptor_lunensis</List>
		<List recon_name="Herrerasaurus_ischigualastensis" recon_no="55000">Herrerasaurus_ischigualastensis</List>
		<List recon_name="Torvosaurus_tanneri" recon_no="53375">Torvosaurus_tanneri</List>
		<List recon_name="Allosaurus_fragilis" recon_no="52962">Allosaurus_fragilis</List>
		<List recon_name="Baryonyx_walkeri" recon_no="53370">Baryonyx_walkeri</List>
		<List recon_name="Carnotaurus_sastrei" recon_no="54526">Carnotaurus_sastrei</List>
		<List recon_name="Ceratosaurus_nasicornis" recon_no="54165">Ceratosaurus_nasicornis</List>
		<List recon_name="Dilophosaurus_wetherilli" recon_no="57251">Dilophosaurus_wetherilli</List>
		<List recon_name="Liliensternus_liliensterni" recon_no="56379">Liliensternus_liliensterni</List>
		<List recon_name="Lophostropheus_airelensis" recon_no="96666">Lophostropheus_airelensis</List>
		<List recon_name="Syntarsus_kayentakatae" recon_no="55540">Syntarsus_kayentakatae</List>
		<List recon_name="Coelophysis_bauri" recon_no="55477">Coelophysis_bauri</List>
		<List recon_name="Coelophysis_rhodesiensis" recon_no="67921">Coelophysis_rhodesiensis</List>
	</Taxa>
	<Characters>
		<Molecular/>
		<Morphological number="145">
			<Type>Osteology</Type>
		</Morphological>
		<Behavioural/>
		<Other/>
	</Characters>
	<Analysis>
		<Type>Maximum Parsimony</Type>
	</Analysis>
	<Notes>Based on reanalysis of the original matrix.</Notes>
	<Filename>Ezcurra_et_Cuny_2007a</Filename>
	<Parent/>
	<Sibling/>
</SourceTree>
