<?xml version="1.0" standalone="yes"?>
<SourceTree>
	<Source>
		<Author>
			<List>Ezcurra, M. D.</List>
			<List>Novas, F. E.</List>
		</Author>
		<Year>2007</Year>
		<Title>Phylogenetic relationships of the Triassic theropod <em>Zupaysaurus rougieri</em> from NW Argentina</Title>
		<Journal>Historical Biology</Journal>
		<Volume>19</Volume>
		<Pages>35-72</Pages>
		<Booktitle/>
		<Publisher/>
		<City/>
		<Editor/>
	</Source>
	<Taxa number="26">
		<List recon_name="Silesaurus_opolensis" recon_no="81776">Silesaurus_opolensis</List>
		<List recon_name="Lesothosaurus_diagnosticus" recon_no="57574">Lesothosaurus_diagnosticus</List>
		<List recon_name="Heterodontosaurus_tucki" recon_no="52902">Heterodontosaurus_tucki</List>
		<List recon_name="Scutellosaurus_lawleri" recon_no="67088">Scutellosaurus_lawleri</List>
		<List recon_name="Eoraptor_lunensis" recon_no="57454">Eoraptor_lunensis</List>
		<List recon_name="Herrerasaurus_ischigualastensis" recon_no="55000">Herrerasaurus_ischigualastensis</List>
		<List recon_name="Allosaurus_fragilis" recon_no="52962">Allosaurus_fragilis</List>
		<List recon_name="Acrocanthosaurus_atokensis" recon_no="55482">Acrocanthosaurus_atokensis</List>
		<List recon_name="Sinraptor_dongi" recon_no="54821">Sinraptor_dongi</List>
		<List recon_name="Baryonyx_walkeri,Irritator_challengeri,Spinosaurus_aegyptiacus,Suchomimus_tenerensis" recon_no="53370;64273;53372;53368">Spinosauridae</List>
		<List recon_name="Torvosaurus_tanneri" recon_no="53375">Torvosaurus_tanneri</List>
		<List recon_name="Ceratosaurus_nasicornis" recon_no="54165">Ceratosaurus_nasicornis</List>
		<List recon_name="Carnotaurus_sastrei" recon_no="54526">Carnotaurus_sastrei</List>
		<List recon_name="Masiakasaurus_knopfleri" recon_no="56389">Masiakasaurus_knopfleri</List>
		<List recon_name="Dilophosaurus_wetherilli" recon_no="57251">Dilophosaurus_wetherilli</List>
		<List recon_name="Liliensternus_liliensterni" recon_no="56379">Liliensternus_liliensterni</List>
		<List recon_name="Coelophysis_bauri" recon_no="55477">Coelophysis_bauri</List>
		<List recon_name="Coelophysis_rhodesiensis" recon_no="67921">Coelophysis_rhodesiensis</List>
		<List recon_name="Gojirasaurus_quayi" recon_no="65490">Gojirasaurus_quayi</List>
		<List recon_name="Procompsognathus_triassicus" recon_no="56382">Procompsognathus_triassicus</List>
		<List recon_name="Segisaurus_halli" recon_no="55543">Segisaurus_halli</List>
		<List recon_name="Syntarsus_kayentakatae" recon_no="55540">Syntarsus_kayentakatae</List>
		<List recon_name="Zupaysaurus_rougieri" recon_no="54097">Zupaysaurus_rougieri</List>
		<List recon_name="Saturnalia_tupiniquim" recon_no="68124">Saturnalia_tupiniquim</List>
		<List recon_name="Plateosaurus_longiceps" recon_no="64684">Plateosaurus_longiceps</List>
		<List recon_name="Thecodontosaurus_antiquus" recon_no="56627">Thecodontosaurus_antiquus</List>
	</Taxa>
	<Characters>
		<Molecular/>
		<Morphological number="253">
			<Type>Osteology</Type>
		</Morphological>
		<Behavioural/>
		<Other/>
	</Characters>
	<Analysis>
		<Type>Maximum Parsimony</Type>
	</Analysis>
	<Notes>Based on reanalysis of the original matrix.</Notes>
	<Filename>Ezcurra_et_Novas_2007a</Filename>
	<Parent/>
	<Sibling/>
</SourceTree>
