<?xml version="1.0" standalone="yes"?>
<SourceTree>
	<Source>
		<Author>
			<List>Farke, A. A.</List>
		</Author>
		<Year>2007</Year>
		<Title>Cranial osteology and phylogenetic relationships of the chasmosaurine ceratopsid <em>Torosaurus latus</em></Title>
		<Journal/>
		<Volume/>
		<Pages>235-257</Pages>
		<Booktitle>Horns and Beaks</Booktitle>
		<Publisher>Indiana University Press</Publisher>
		<City>Bloomington</City>
		<Editor>
			<List>Carpenter, K.</List>
		</Editor>
	</Source>
	<Taxa number="7">
		<List recon_name="Chasmosaurus_belli" recon_no="66019">Chasmosaurus_belli</List>
		<List recon_name="Anchiceratops_ornatus" recon_no="63447">Anchiceratops_ornatus</List>
		<List recon_name="Arrhinoceratops_brachyops" recon_no="63401">Arrhinoceratops_brachyops</List>
		<List recon_name="Torosaurus_latus" recon_no="63773">Torosaurus_latus</List>
		<List recon_name="Diceratops_hatcheri" recon_no="63890">Diceratops_hatcheri</List>
		<List recon_name="Triceratops_horridus" recon_no="63759">Triceratops_horridus</List>
		<List recon_name="Triceratops_prorsus" recon_no="63770">Triceratops_porosus</List>
	</Taxa>
	<Characters>
		<Molecular/>
		<Morphological number="10">
			<Type>Osteology</Type>
		</Morphological>
		<Behavioural/>
		<Other/>
	</Characters>
	<Analysis>
		<Type>Maximum Parsimony</Type>
	</Analysis>
	<Notes>Based on reanalysis of the original matrix.</Notes>
	<Filename>Farke_2007a</Filename>
	<Parent/>
	<Sibling/>
</SourceTree>
