<?xml version="1.0" standalone="yes"?>
<SourceTree>
	<Source>
		<Author>
			<List>Fedak. T. J.</List>
			<List>Galton, P. M.</List>
		</Author>
		<Year>2007</Year>
		<Title>New information on the braincase and skull of <em>Anchisaurus polyzelus</em> (Lower Jurassic, Connecticut, USA; Saurischia: Sauropodomorpha): implications for sauropodomorph systematics</Title>
		<Journal>Special Papers in Palaeontology</Journal>
		<Volume>77</Volume>
		<Pages>57-90</Pages>
		<Booktitle>Evolution and Palaeobiology of Early Sauropodomorph Dinosaurs</Booktitle>
		<Publisher/>
		<City/>
		<Editor>
			<List>Barrett, P. M.</List>
			<List>Batten, D. J.</List>
		</Editor>
	</Source>
	<Taxa number="19">
		<List recon_name="Eoraptor_lunensis,Herrerasaurus_ischigualastensis" recon_no="57454;55000">Theropoda</List>
		<List recon_name="Heterodontosaurus_tucki,Hypsilophodon_foxii,Lesothosaurus_diagnosticus,Scelidosaurus_harrisonii,Scutellosaurus_lawleri" recon_no="52902;54190;57574;53042;67088">Ornithischia</List>
		<List recon_name="Saturnalia_tupiniquim" recon_no="68124">Saturnalia_tupiniquim</List>
		<List recon_name="Thecodontosaurus_antiquus,Thecodontosaurus_caducus" recon_no="56627;57689">Thecodontosaurus_spp</List>
		<List recon_name="Efraasia_minor" recon_no="91403">Efraasia_minor</List>
		<List recon_name="Riojasaurus_incertus" recon_no="56585">Riojasaurus_incertus</List>
		<List recon_name="Plateosaurus_engelhardti" recon_no="56683">Plateosaurus_engelhardti</List>
		<List recon_name="Coloradisaurus_brevis" recon_no="68584">Coloradisaurus_brevis</List>
		<List recon_name="Massospondylus_carinatus" recon_no="56595">Massospondylus_carinatus</List>
		<List recon_name="Lufengosaurus_huenei" recon_no="56597">Lufengosaurus_huenei</List>
		<List recon_name="Anchisaurus_polyzelus" recon_no="64382">Anchisaurus_polyzelus</List>
		<List recon_name="Melanorosaurus_readi" recon_no="54980">Melanorosaurus_readi</List>
		<List recon_name="Blikanasaurus_cromptoni" recon_no="55644">Blikanasaurus_cromptoni</List>
		<List recon_name="Kotasaurus_yamanpalliensis" recon_no="66498">Kotasaurus_yamanpalliensis</List>
		<List recon_name="Vulcanodon_karibaensis" recon_no="54979">Vu1canodon_karibaensis</List>
		<List recon_name="Shunosaurus_lii" recon_no="56457">Shunosaurus_lii</List>
		<List recon_name="Barapasaurus_tagorei" recon_no="55547">Barapasaurus_tagorei</List>
		<List recon_name="Omeisaurus_tianfuensis" recon_no="56462">Omeisaurus_tianfuensis</List>
		<List recon_name="Amphicoelias_altus,Apatosaurus_louisae,Barosaurus_lentus,Brontosaurus_excelsus,Camarasaurus_supremus,Dicraeosaurus_hansemanni,Dicraeosaurus_sattleri,Giraffatitan_brancai,Haplocanthosaurus_priscus,Limaysaurus_tessonei" recon_no="53181;57752;54166;52982;54168;65941;65942;92308;64504;63874">Neosauropoda</List>
	</Taxa>
	<Characters>
		<Molecular/>
		<Morphological number="205">
			<Type>Osteology</Type>
		</Morphological>
		<Behavioural/>
		<Other/>
	</Characters>
	<Analysis>
		<Type>Maximum Parsimony</Type>
	</Analysis>
	<Notes>Based on reanalysis of the original matrix.</Notes>
	<Filename>Fedak_et_Galton_2007ab</Filename>
	<Parent>Yates_2004ab</Parent>
	<Sibling>Fedak_et_Galton_2007aa</Sibling>
</SourceTree>
