<?xml version="1.0" standalone="yes"?>
<SourceTree>
	<Source>
		<Author>
			<List>Fiorillo, A. R.</List>
			<List>Tykoski, R. S.</List>
		</Author>
		<Year>2014</Year>
		<Title>A diminutive new tyrannosaur from the top of the world</Title>
		<Journal>PLOS ONE</Journal>
		<Volume>9</Volume>
		<Pages>e91287</Pages>
		<Booktitle/>
		<Publisher/>
		<City/>
		<Editor/>
	</Source>
	<Taxa number="57">
		<List recon_name="Tawa_hallae" recon_no="159719">Tawa_hallae</List>
		<List recon_name="Coelophysis_bauri" recon_no="55477">Coelophysis_bauri</List>
		<List recon_name="Dilophosaurus_wetherilli" recon_no="57251">Dilophosaurus_wetherilli</List>
		<List recon_name="Ceratosaurus_nasicornis" recon_no="54165">Ceratosaurus_nasicornis</List>
		<List recon_name="Dubreuillosaurus_valesdunensis" recon_no="71333">Dubreuillosaurus_valesdunensis</List>
		<List recon_name="Piatnitzkysaurus_floresi" recon_no="54827">Piatnitzkysaurus_floresi</List>
		<List recon_name="Eustreptospondylus_oxoniensis" recon_no="53377">Eustreptospondylus_oxoniensis</List>
		<List recon_name="Monolophosaurus_jiangi" recon_no="64122">Monolophosaurus_jiangi</List>
		<List recon_name="Sinraptor_dongi" recon_no="54821">Sinraptor_dongi</List>
		<List recon_name="Allosaurus_fragilis" recon_no="52962">Allosaurus_fragilis</List>
		<List recon_name="Tanycolagreus_topwilsoni" recon_no="68260">Tanycolagreus_topwilsoni</List>
		<List recon_name="Coelurus_fragilis" recon_no="52986">Coelurus_fragilis</List>
		<List recon_name="Sinosauropteryx_prima" recon_no="54549">Sinosauropteryx_prima</List>
		<List recon_name="Compsognathus_longipes" recon_no="53007">Compsognathus_longipes</List>
		<List recon_name="Juravenator_starki" recon_no="72321">Juravenator_starki</List>
		<List recon_name="Scipionyx_samniticus" recon_no="57428">Scipionyx_samniticus</List>
		<List recon_name="Ornitholestes_hermanni" recon_no="55484">Ornitholestes_hermanni</List>
		<List recon_name="Haplocheirus_sollers" recon_no="162353">Haplocheirus_sollers</List>
		<List recon_name="Utahraptor_ostrommaysi" recon_no="66450">Utahraptor_ostrommaysorum</List>
		<List recon_name="Deinonychus_antirrhopus" recon_no="54555">Deinonychus_antirrhopus</List>
		<List recon_name="Linheraptor_exquisitus" recon_no="185191">Linheraptor_exquisitus</List>
		<List recon_name="Velociraptor_mongoliensis" recon_no="54554">Velociraptor_mongolienesis</List>
		<List recon_name="Archaeopteryx_lithographica" recon_no="55487">Archaeopteryx_lithographica</List>
		<List recon_name="Pelecanimimus_polyodon" recon_no="64118">Pelecanimimus_polydon</List>
		<List recon_name="Shenzhousaurus_orientalis" recon_no="68334">Shenzhousaurus_orientalis</List>
		<List recon_name="Harpymimus_okladnikovi" recon_no="66670">Harpymimus_okladnikovi</List>
		<List recon_name="Gallimimus_bullatus" recon_no="57265">Gallimimus_bullatus</List>
		<List recon_name="Proceratosaurus_bradleyi" recon_no="66979">Proceratosaurus_bradleyi</List>
		<List recon_name="Kileskus_aristotocus" recon_no="185193">Kileskus_aristotocus</List>
		<List recon_name="Guanlong_wucaii" recon_no="71191">Guanlong_wucaii</List>
		<List recon_name="Sinotyrannus_kazuoensis" recon_no="198892">Sinotyrannus_kazuoensis</List>
		<List recon_name="Juratyrant_langhami" recon_no="264066">Juratyrant_langhami</List>
		<List recon_name="Stokesosaurus_clevelandi" recon_no="64493">Stokesosaurus_clevelandi</List>
		<List recon_name="Dilong_paradoxus" recon_no="58836">Dilong_paradoxus</List>
		<List recon_name="Eotyrannus_lengi" recon_no="68317">Eotyrannus_lengi</List>
		<List recon_name="Bagaraatan_ostromi" recon_no="57249">Bagaraatan_ostromi</List>
		<List recon_name="Raptorex_kriegsteini" recon_no="154175">Raptorex_kriegsteini</List>
		<List recon_name="Dryptosaurus_aquilunguis" recon_no="53030">Dryptosaurus_aquilunguis</List>
		<List recon_name="Xiongguanlong_baimoensis" recon_no="146100">Xiongguanlong_baimoensis</List>
		<List recon_name="Alectrosaurus_olseni" recon_no="57253">Alectrosaurus_olseni</List>
		<List recon_name="Appalachiosaurus_montgomeriensis" recon_no="65080">Appalachiosaurus_montgomeriensis</List>
		<List recon_name="Alioramus_altai" recon_no="176782">Alioramus_altai</List>
		<List recon_name="Alioramus_remotus" recon_no="57259">Alioramus_remotus</List>
		<List recon_name="Gorgosaurus_libratus" recon_no="53194">Gorgosaurus_libratus</List>
		<List recon_name="Albertosaurus_sarcophagus" recon_no="56319">Albertosaurus_sarcophagus</List>
		<List recon_name="Tyrannosauridae_indet_TMP_94_dot_143_dot_1" recon_no="38606">DPF_tyrannosaurid_B</List>
		<List recon_name="Daspletosaurus_torosus" recon_no="57258">Daspletosaurus_torosus</List>
		<List recon_name="Daspletosaurus_horneri" recon_no="351539">TMF_tyrannosaurid_LSB</List>
		<List recon_name="Teratophoneus_curriei" recon_no="176781">Teratophoneus_curriei</List>
		<List recon_name="Bistahieversor_sealeyi" recon_no="163808">Bistahieversor_sealeyi</List>
		<List recon_name="Lythronax_argestes" recon_no="294660">Lythronax_argestes</List>
		<List recon_name="Tyrannosaurus_rex" recon_no="54833">Tyrannosaurus_rex</List>
		<List recon_name="Tarbosaurus_bataar" recon_no="57254">Tarbosaurus_bataar</List>
		<List recon_name="Zhuchengtyrannus_magnus" recon_no="182141">Zhuchengtyrannus_magnus</List>
		<List recon_name="Teratophoneus_curriei" recon_no="176781">T_curriei_UMNH_VP_16690</List>
		<List recon_name="Teratophoneus_curriei" recon_no="176781">T_curriei_type</List>
		<List recon_name="Nanuqsaurus_hoglundi" recon_no="289802">Nanuqsaurus_hoglundi</List>
	</Taxa>
	<Characters>
		<Molecular/>
		<Morphological number="501">
			<Type>Osteology</Type>
		</Morphological>
		<Behavioural/>
		<Other/>
	</Characters>
	<Analysis>
		<Type>Maximum Parsimony</Type>
	</Analysis>
	<Notes>Based on reanalysis of the original matrix.</Notes>
	<Filename>Fiorillo_et_Tykoski_2014ab</Filename>
	<Parent>Loewen_etal_2013a</Parent>
	<Sibling/>
</SourceTree>
