<?xml version="1.0" standalone="yes"?>
<SourceTree>
	<Source>
		<Author>
			<List>Forster, C. A.</List>
			<List>Sampson, S. D.</List>
			<List>Chiappe, L. M.</List>
			<List>Krause, D. W.</List>
		</Author>
		<Year>1998</Year>
		<Title>The theropod ancestry of birds: new evidence from the Late Cretaceous of Madagascar</Title>
		<Journal>Science</Journal>
		<Volume>279</Volume>
		<Pages>1915-1919</Pages>
		<Booktitle/>
		<Publisher/>
		<City/>
		<Editor/>
	</Source>
	<Taxa number="15">
		<List recon_name="Allosaurus_fragilis" recon_no="52962">Allosaurus</List>
		<List recon_name="Albertosaurus_megagracilis,Albertosaurus_sarcophagus,Alectrosaurus_olseni,Alioramus_remotus,Chingkankousaurus_fragilis,Daspletosaurus_torosus,Gorgosaurus_libratus,Maleevosaurus_novojilovi,Nanotyrannus_lancensis,Tarbosaurus_bataar,Tyrannosaurus_luanchuanensis,Tyrannosaurus_rex" recon_no="67649;56319;57253;57259;65684;57258;53194;63709;53213;57254;54835;54833">Tyrannosauridae</List>
		<List recon_name="Compsognathus_longipes" recon_no="53007">Compsognathus</List>
		<List recon_name="Conchoraptor_gracilis,Ingenia_yanshini,Oviraptor_mongoliensis,Oviraptor_philoceratops" recon_no="67259;57022;57021;55488">Oviraptoridae</List>
		<List recon_name="Anserimimus_planinychus,Archaeornithomimus_asiaticus,Dromiceiomimus_brevetertius,Dromiceiomimus_samueli,Gallimimus_bullatus,Garudimimus_brevipes,Harpymimus_okladnikovi,Ornithomimus_edmontonicus,Ornithomimus_velox,Struthiomimus_altus" recon_no="66672;57276;57274;57272;57265;57267;66670;63438;57269;57266">Ornithomimidae</List>
		<List recon_name="Deinonychus_antirrhopus,Velociraptor_mongoliensis" recon_no="54555;54554">Dromaeosauridae</List>
		<List recon_name="Borogovia_gracilicrus,Pectinodon_bakkeri,Saurornithoides_junior,Saurornithoides_mongoliensis,Stenonychosaurus_inequalis,Tochisaurus_nemegtensis,Troodon_formosus" recon_no="64791;54819;57262;54470;54467;66620;54818">Troodontidae</List>
		<List recon_name="Unenlagia_comahuensis" recon_no="65422">Unenlagia</List>
		<List recon_name="Archaeopteryx_lithographica" recon_no="55487">Archaeopteryx</List>
		<List recon_name="Rahonavis_ostromi" recon_no="64133">Rahona</List>
		<List recon_name="Alvarezsaurus_calvoi,Mononykus_olecranus,Patagonykus_puertai" recon_no="64775;67288;64773">Alvarezsauridae</List>
		<List recon_name="Iberomesornis_romerali" recon_no="65831">Iberomesornis</List>
		<List recon_name="Alexornis_antecedens,Avisaurus_archibaldi,Cathayornis_yandica,Concornis_lacustris,Enantiornis_leali,Gettyia_gloriae,Gobipteryx_minuta,Kizylkumavis_cretacea,Lectavis_bretincola,Lenesornis_maltshevskyi,Nanantius_eos,Neuquenornis_volans,Noguerornis_gonzalezi,Sazavis_prisca,Sinornis_santensis,Soroavisaurus_australis,Yungavolucris_brevipedalis,Zhyraornis_kashkarovi" recon_no="53319;64064;137353;100984;53307;378787;57334;70298;100986;71345;81247;100989;137424;137281;137389;100991;100988;70296">Enantiornithes</List>
		<List recon_name="Baptornis_advenus,Enaliornis_barretti,Enaliornis_sedgwicki,Hesperornis_altus,Hesperornis_regalis,Neogaeornis_wetzeli,Parahesperornis_alexi,Ichthyornis_dispar,Anas_platyrhynchos" recon_no="52957;67052;137414;137272;96488;53321;137277;54877;83434">Ornithurae</List>
		<List recon_name="Patagopteryx_deferrariisi" recon_no="68529">Patagopteryx</List>
	</Taxa>
	<Characters>
		<Molecular/>
		<Morphological number="113">
			<Type>Osteology</Type>
		</Morphological>
		<Behavioural/>
		<Other/>
	</Characters>
	<Analysis>
		<Type>Maximum Parsimony</Type>
	</Analysis>
	<Notes>Based on reanalysis of the original matrix.</Notes>
	<Filename>Forster_etal_1998a</Filename>
	<Parent/>
	<Sibling/>
</SourceTree>
