<?xml version="1.0" standalone="yes"?>
<SourceTree>
	<Source>
		<Author>
			<List>Forster, C. A.</List>
			<List>Sereno, P. C.</List>
			<List>Evans, T. W.</List>
			<List>Rowe, T.</List>
		</Author>
		<Year>1993</Year>
		<Title>A complete skull of <em>Chasmosaurus mariscalensis</em> (Dinosauria: Ceratopsidae) from the Aguja Formation (late Campanian) of West Texas</Title>
		<Journal>Journal of Vertebrate Paleontology</Journal>
		<Volume>13</Volume>
		<Pages>161-170</Pages>
		<Booktitle/>
		<Publisher/>
		<City/>
		<Editor/>
	</Source>
	<Taxa number="6">
		<List recon_name="Avaceratops_lammersi,Brachyceratops_montanensis,Centrosaurus_apertus,Monoclonius_crassus,Pachyrhinosaurus_canadensis,Styracosaurus_albertensis,Styracosaurus_ovatus" recon_no="55539;63895;63911;54486;66023;56144;56147">Centrosaurinae</List>
		<List recon_name="Anchiceratops_ornatus,Arrhinoceratops_brachyops,Torosaurus_latus,Triceratops_horridus" recon_no="63447;63401;63773;63759">Other_chasmosaurines</List>
		<List recon_name="Pentaceratops_sternbergii" recon_no="55033">Pentaceratops_sternbergii</List>
		<List recon_name="Chasmosaurus_mariscalensis" recon_no="52772">Chasmosaurus_mariscalensis</List>
		<List recon_name="Chasmosaurus_russelli" recon_no="66020">Chasmosaurus_russelli</List>
		<List recon_name="Chasmosaurus_belli" recon_no="66019">Chasmosaurus_belli</List>
	</Taxa>
	<Characters>
		<Molecular/>
		<Morphological number="9">
			<Type>Osteology</Type>
		</Morphological>
		<Behavioural/>
		<Other/>
	</Characters>
	<Analysis>
		<Type>Maximum Parsimony</Type>
	</Analysis>
	<Notes>Based on reanalysis of the original matrix.</Notes>
	<Filename>Forster_etal_1993a</Filename>
	<Parent/>
	<Sibling/>
</SourceTree>
