<?xml version="1.0" standalone="yes"?>
<SourceTree>
	<Source>
		<Author>
			<List>Forster, C. A.</List>
		</Author>
		<Year>1999</Year>
		<Title>Gondwana dinosaur evolution and biogeographic analysis</Title>
		<Journal>Journal of African Earth Sciences</Journal>
		<Volume>28</Volume>
		<Pages>169-185</Pages>
		<Booktitle/>
		<Publisher/>
		<City/>
		<Editor/>
	</Source>
	<Taxa number="12">
		<List recon_name="DELETE" recon_no="0">Outgroup</List>
		<List recon_name="Syntarsus_rhodesiensis" recon_no="55541">Syntarsus</List>
		<List recon_name="Dilophosaurus_wetherilli" recon_no="57251">Dilophosaurus</List>
		<List recon_name="Ceratosaurus_nasicornis" recon_no="54165">Ceratosaurus</List>
		<List recon_name="Torvosaurus_tanneri" recon_no="53375">Torvosaurus</List>
		<List recon_name="Carnotaurus_sastrei" recon_no="54526">Carnotaurus</List>
		<List recon_name="Majungatholus_athopus" recon_no="190519">Majungatholus</List>
		<List recon_name="Carcharodontosaurus_saharicus" recon_no="65365">Carcharodontosaurus</List>
		<List recon_name="Giganotosaurus_carolinii" recon_no="54541">Giganotosaurus</List>
		<List recon_name="Sinraptor_dongi" recon_no="54821">Sinraptor</List>
		<List recon_name="Tyrannosaurus_rex" recon_no="54833">Tyrannosaurus</List>
		<List recon_name="Allosaurus_fragilis" recon_no="52962">Allosaurus</List>
	</Taxa>
	<Characters>
		<Molecular/>
		<Morphological number="99">
			<Type>Osteology</Type>
		</Morphological>
		<Behavioural/>
		<Other/>
	</Characters>
	<Analysis>
		<Type>Maximum Parsimony</Type>
	</Analysis>
	<Notes>Based on reanalysis of the original matrix.</Notes>
	<Filename>Forster_1999a</Filename>
	<Parent/>
	<Sibling/>
</SourceTree>
