<?xml version="1.0" standalone="yes"?>
<SourceTree>
	<Source>
		<Author>
			<List>Gallina, P. A.</List>
			<List>Apesteguia, S.</List>
		</Author>
		<Year>2005</Year>
		<Title><em>Cathartesaura anaerobica</em> gen. et sp. nov., a new rebbachisaurid (Dinosauria, Sauropoda) from the Huincul Formation (Upper Cretaceous), Rio Negro, Argentina</Title>
		<Journal>Revista del Museo Argentino de Ciencias Naturales, nueva serie</Journal>
		<Volume>7</Volume>
		<Pages>153-166</Pages>
		<Booktitle/>
		<Publisher/>
		<City/>
		<Editor/>
	</Source>
	<Taxa number="19">
		<List recon_name="Camarasaurus_grandis" recon_no="67181">Camarasaurus</List>
		<List recon_name="Haplocanthosaurus_priscus" recon_no="64504">H_priscus</List>
		<List recon_name="Haplocanthosaurus_delfsi" recon_no="66582">H_delfsi</List>
		<List recon_name="Losillasaurus_giganteus" recon_no="57685">Losillasaurus</List>
		<List recon_name="Patagosaurus_fariasi" recon_no="66448">Patagosaurus</List>
		<List recon_name="Amargasaurus_cazaui" recon_no="53962">Amargasaurus</List>
		<List recon_name="Dicraeosaurus_hansemanni" recon_no="65941">D_hansemanii</List>
		<List recon_name="Dicraeosaurus_sattleri" recon_no="65942">D_sattleri</List>
		<List recon_name="Suuwassea_emilieae" recon_no="57364">Suuwassea</List>
		<List recon_name="Apatosaurus_ajax" recon_no="52958">Apatosaurus</List>
		<List recon_name="Barosaurus_lentus" recon_no="54166">Barosaurus</List>
		<List recon_name="Diplodocus_longus" recon_no="52920">Diplodocus</List>
		<List recon_name="Rebbachisaurus_garasbae" recon_no="65368">Rebbachisaurus</List>
		<List recon_name="Rayososaurus_agrioensis" recon_no="71351">Rayososaurus</List>
		<List recon_name="Cathartesaura_anaerobica" recon_no="89495">Cathartesaura</List>
		<List recon_name="Rebbachisauridae_indet_Pv_6718_67_MOZ" recon_no="57365">Pvg718_slash_67_dash_MOZ</List>
		<List recon_name="Rebbachisauridae_indet_MPS_RV_II_2to4and6to19and22to23" recon_no="57365">MPS_dash_RV_dash_II</List>
		<List recon_name="Limaysaurus_tessonei" recon_no="63874">L_tessonei</List>
		<List recon_name="Nigersaurus_taqueti" recon_no="57367">Nigersaurus</List>
	</Taxa>
	<Characters>
		<Molecular/>
		<Morphological number="77">
			<Type>Osteology</Type>
		</Morphological>
		<Behavioural/>
		<Other/>
	</Characters>
	<Analysis>
		<Type>Maximum Parsimony</Type>
	</Analysis>
	<Notes>Based on reanalysis of the original matrix.</Notes>
	<Filename>Gallina_et_Apesteguia_2005a</Filename>
	<Parent/>
	<Sibling/>
</SourceTree>
