<?xml version="1.0" standalone="yes"?>
<SourceTree>
	<Source>
		<Author>
			<List>Galton, P. M.</List>
			<List>Upchurch, P.</List>
		</Author>
		<Year>2004</Year>
		<Title>Stegosauria</Title>
		<Journal/>
		<Volume/>
		<Pages>343-362</Pages>
		<Booktitle>The Dinosauria (Second Edition)</Booktitle>
		<Publisher>University of California Press</Publisher>
		<City>Berkeley</City>
		<Editor>
			<List>Weishampel, D. B.</List>
			<List>Dodson, P.</List>
			<List>Osmolska, H.</List>
		</Editor>
	</Source>
	<Taxa number="12">
		<List recon_name="DELETE" recon_no="0">Ancestor</List>
		<List recon_name="Huayangosaurus_taibaii" recon_no="54858">Huayangosaurus</List>
		<List recon_name="Chialingosaurus_kauni" recon_no="369587">Chialingosaurus</List>
		<List recon_name="Chungkingosaurus_jiangbeiensis" recon_no="56487">Chungkingosaurus</List>
		<List recon_name="Dacentrurus_armatus" recon_no="56505">Dacentrurus</List>
		<List recon_name="Hesperosaurus_mjosi" recon_no="68159">Hesperosaurus</List>
		<List recon_name="Kentrosaurus_aethiopicus" recon_no="56490">Kentrosaurus</List>
		<List recon_name="Lexovisaurus_durobrivensis" recon_no="56501">Lexovisaurus</List>
		<List recon_name="Paranthodon_africanus" recon_no="56497">Paranthodon</List>
		<List recon_name="Stegosaurus_stenops" recon_no="56491">S_stenops</List>
		<List recon_name="Tuojiangosaurus_multispinus" recon_no="54854">Tuojiangosaurus</List>
		<List recon_name="Wuerhosaurus_homheni" recon_no="56493">Wuerhosaurus</List>
	</Taxa>
	<Characters>
		<Molecular/>
		<Morphological number="55">
			<Type>Osteology</Type>
		</Morphological>
		<Behavioural/>
		<Other/>
	</Characters>
	<Analysis>
		<Type>Maximum Parsimony</Type>
	</Analysis>
	<Notes>Based on reanalysis of the original matrix.</Notes>
	<Filename>Galton_et_Upchurch_2004b</Filename>
	<Parent/>
	<Sibling/>
</SourceTree>
