<?xml version="1.0" standalone="yes"?>
<SourceTree>
	<Source>
		<Author>
			<List>Garcia, G.</List>
			<List>Marivaux, L.</List>
			<List>Pelissie, T.</List>
			<List>Vianey-Liaur, M.</List>
		</Author>
		<Year>2006</Year>
		<Title>Earliest Laurasian sauropod eggshells</Title>
		<Journal>Acta Palaeontologica Polonica</Journal>
		<Volume>51</Volume>
		<Pages>99-104</Pages>
		<Booktitle/>
		<Publisher/>
		<City/>
		<Editor/>
	</Source>
	<Taxa number="19">
		<List recon_name="Testudofiexoolithus_bathonicae" recon_no="417263">Testudoflexoolithus_bathonicae</List>
		<List recon_name="Krokolithes_helleri" recon_no="417271">Krokolithes_helleri</List>
		<List recon_name="Krokolithes_wilsoni" recon_no="417270">Krokolithes_wilsoni</List>
		<List recon_name="Struthio_camelus" recon_no="223891">Struthio_sp</List>
		<List recon_name="Tristraguloolithus_cracioides" recon_no="82634">Tristraguloolithus_cracioides</List>
		<List recon_name="Medioolithus_geiseltalensis" recon_no="417274">Medioolithus_geiseltalensis</List>
		<List recon_name="Preprismatoolithus_coloradensis" recon_no="255642">Preprismatoolithus_coloradensis</List>
		<List recon_name="Prismatoolithus_levis" recon_no="67337">Prismatoolithus_levis</List>
		<List recon_name="Elongatoolithus_frustrabilis" recon_no="84317">Elongatoolithus_frustrabilis</List>
		<List recon_name="Macroolithus_rugustus" recon_no="67192">Macroolithus_rugustus</List>
		<List recon_name="Maiasaura_peeblesorum" recon_no="55574">Maiasaura_eggshells</List>
		<List recon_name="Spheroolithus_albertensis" recon_no="67291">Spheroolithus_albertensis</List>
		<List recon_name="Cairanoolithus_dughii" recon_no="67206">Cairanoolithus_dughii</List>
		<List recon_name="Megaloolithus_aureliensis" recon_no="67203">Megaloolithus_aureliensis</List>
		<List recon_name="Megaloolithus_mamillare" recon_no="67201">Megaloolithus_mamillare</List>
		<List recon_name="Megaloolithus_siruguei" recon_no="67202">Megaloolithus_siruguei</List>
		<List recon_name="Megaloolithus_cylindricus" recon_no="81777">Megaloolithus_cylindricus</List>
		<List recon_name="Megaloolithus_jabalpurensis" recon_no="81782">Megaloolithus_jabalpurensis</List>
		<List recon_name="Megaloolithus_sp_UM2_dash_LBA_1_to_10" recon_no="65584">Bajocian_eggshells_from_La_Balme</List>
	</Taxa>
	<Characters>
		<Molecular/>
		<Morphological number="27">
			<Type>Osteology</Type>
		</Morphological>
		<Behavioural/>
		<Other/>
	</Characters>
	<Analysis>
		<Type>Maximum Parsimony</Type>
	</Analysis>
	<Notes>Based on reanalysis of the original matrix.</Notes>
	<Filename>Garcia_etal_2006a</Filename>
	<Parent/>
	<Sibling/>
</SourceTree>
