<?xml version="1.0" standalone="yes"?>
<SourceTree>
	<Source>
		<Author>
			<List>Gates, T. A.</List>
			<List>Sampson, S. D.</List>
		</Author>
		<Year>2007</Year>
		<Title>A new species of <em>Gryposaurus</em> (Dinosauria: Hadrosauridae) from the late Campanian Kaiparowits Formation, southern Utah, USA</Title>
		<Journal>Zoological Journal of the Linnean Society</Journal>
		<Volume>151</Volume>
		<Pages>351-376</Pages>
		<Booktitle/>
		<Publisher/>
		<City/>
		<Editor/>
	</Source>
	<Taxa number="15">
		<List recon_name="Iguanodon_bernissartensis" recon_no="58905">Igaunodon</List>
		<List recon_name="Eolambia_caroljonesa" recon_no="66500">Eolambia</List>
		<List recon_name="Telmatosaurus_transsylvanicus" recon_no="68154">Telmatosaurus</List>
		<List recon_name="Corythosaurus_casuarius" recon_no="56403">Corythosaurus</List>
		<List recon_name="Lophorhothon_atopus" recon_no="67215">Lophorothon</List>
		<List recon_name="Naashoibitosaurus_ostromi" recon_no="66595">Naashoibitosaurus</List>
		<List recon_name="Brachylophosaurus_canadensis" recon_no="65213">Brachylophosaurus</List>
		<List recon_name="Maiasaura_peeblesorum" recon_no="55574">Maiasaura</List>
		<List recon_name="Gryposaurus_notabilis" recon_no="63251">Gryposaurus_notabilis</List>
		<List recon_name="Gryposaurus_incurvimanus" recon_no="64298">G_incurvimanus</List>
		<List recon_name="Gryposaurus_latidens" recon_no="57630">G_latidens</List>
		<List recon_name="Gryposaurus_monumentensis" recon_no="109448">G_monumentensis</List>
		<List recon_name="Edmontosaurus_annectens,Edmontosaurus_regalis,Edmontosaurus_saskatchewanensis" recon_no="64305;63254;64304">Edmontosaurus_spp</List>
		<List recon_name="Prosaurolophus_blackfeetensis,Prosaurolophus_maximus" recon_no="57631;53384">Prosaurolophus_spp</List>
		<List recon_name="Saurolophus_angustirostris,Saurolophus_osborni" recon_no="64295;53386">Saurolophus_spp</List>
	</Taxa>
	<Characters>
		<Molecular/>
		<Morphological number="120">
			<Type>Osteology</Type>
		</Morphological>
		<Behavioural/>
		<Other/>
	</Characters>
	<Analysis>
		<Type>Maximum Parsimony</Type>
	</Analysis>
	<Notes>Based on reanalysis of the original matrix.</Notes>
	<Filename>Gates_et_Sampson_2007a</Filename>
	<Parent>Horner_etal_2004a</Parent>
	<Sibling/>
</SourceTree>
