<?xml version="1.0" standalone="yes"?>
<SourceTree>
	<Source>
		<Author>
			<List>Gates, T. A.</List>
			<List>Sampson, S. D.</List>
			<List>Delgado de Jesus, C. R.</List>
			<List>Zanno, L. E.</List>
			<List>Eberth, D.</List>
			<List>Hernandez-Rivera, R.</List>
			<List>Martinez, M. C. A.</List>
			<List>Kirkland, J. I.</List>
		</Author>
		<Year>2007</Year>
		<Title><em>Velafrons coahuilensis</em>, a new lambeosaurine hadrosaurid (Dinosauria: Ornithopoda) from the late Campanian Cerro del Pueblo Formation, Coahuila, Mexico</Title>
		<Journal>Journal of Vertebrate Paleontology</Journal>
		<Volume>27</Volume>
		<Pages>917-930</Pages>
		<Booktitle/>
		<Publisher/>
		<City/>
		<Editor/>
	</Source>
	<Taxa number="19">
		<List recon_name="Probactrosaurus_gobiensis" recon_no="52878">Probactrosaurus_gobiensis</List>
		<List recon_name="Telmatosaurus_transsylvanicus" recon_no="68154">Telmatosaurus_transsylvanicus</List>
		<List recon_name="Gryposaurus_incurvimanus" recon_no="64298">Gryposaurus_incurvimanus</List>
		<List recon_name="Aralosaurus_tuberiferus" recon_no="67547">Aralosaurus_tuberiferus</List>
		<List recon_name="Tsintaosaurus_spinorhinus" recon_no="53387">Tsintaosaurus_spinorhinus</List>
		<List recon_name="Jaxartosaurus_aralensis" recon_no="65693">Jaxartosaurus_aralensis</List>
		<List recon_name="Amurosaurus_riabinini" recon_no="64251">Amurosaurus_riabinini</List>
		<List recon_name="Charonosaurus_jiayinensis" recon_no="64259">Charonosaurus_jiayinensis</List>
		<List recon_name="Parasaurolophus_cyrtocristatus" recon_no="66260">Parasaurolophus_cyrtocristatus</List>
		<List recon_name="Parasaurolophus_walkeri" recon_no="63256">Parasaurolophus_walkeri</List>
		<List recon_name="Parasaurolophus_tubicen" recon_no="64355">Parasaurolophus_tubicen</List>
		<List recon_name="Nipponosaurus_sachalinensis" recon_no="56972">Nipponosaurus_sachalinensis</List>
		<List recon_name="Olorotitan_arharensis" recon_no="72095">Olorotitan_arharensis</List>
		<List recon_name="Lambeosaurus_lambei" recon_no="56724">Lambeosaurus_lambei</List>
		<List recon_name="Lambeosaurus_magnicristatus" recon_no="65429">Lambeosaurus_magnicristatus</List>
		<List recon_name="Corythosaurus_casuarius" recon_no="56403">Corythosaurus_casuarius</List>
		<List recon_name="Velafrons_coahuilensis" recon_no="113862">Velafrons_coahuilensis</List>
		<List recon_name="Hypacrosaurus_altispinus" recon_no="56406">Hypacrosaurus_altispinus</List>
		<List recon_name="Hypacrosaurus_stebingeri" recon_no="64339">Hypacrosaurus_stebingeri</List>
	</Taxa>
	<Characters>
		<Molecular/>
		<Morphological number="94">
			<Type>Osteology</Type>
		</Morphological>
		<Behavioural/>
		<Other/>
	</Characters>
	<Analysis>
		<Type>Maximum Parsimony</Type>
	</Analysis>
	<Notes>Based on reanalysis of the original matrix.</Notes>
	<Filename>Gates_etal_2007a</Filename>
	<Parent>Evans_et_Reisz_2007a</Parent>
	<Sibling/>
</SourceTree>
