<?xml version="1.0" standalone="yes"?>
<SourceTree>
	<Source>
		<Author>
			<List>Gauthier, J. A.</List>
		</Author>
		<Year>1986</Year>
		<Title>Saurischian monophyly and the origin of birds</Title>
		<Journal/>
		<Volume/>
		<Pages>1-55</Pages>
		<Booktitle>The Origin of Birds and the Evolution of Flight</Booktitle>
		<Publisher>Towne and Bacon</Publisher>
		<City>San Francisco</City>
		<Editor>
			<List>Padian, K.</List>
		</Editor>
	</Source>
	<Taxa number="18">
		<List recon_name="DELETE" recon_no="0">Outgroup</List>
		<List recon_name="Lesothosaurus_diagnosticus,Scutellosaurus_lawleri,Scelidosaurus_harrisonii,Heterodontosaurus_tucki" recon_no="57574;67088;53042;52902">Ornithischia</List>
		<List recon_name="Ammosaurus_major,Anchisaurus_polyzelus,Barapasaurus_tagorei,Efraasia_minor,Lufengosaurus_huenei,Massospondylus_carinatus,Plateosaurus_engelhardti,Riojasaurus_incertus,Thecodontosaurus_antiquus,Vulcanodon_karibaensis" recon_no="54161;64382;55547;91403;56597;56595;56683;56585;56627;54979">Sauropodomorpha</List>
		<List recon_name="Ceratosaurus_nasicornis,Coelophysis_bauri,Coelophysis_rhodesiensis,Dilophosaurus_wetherilli,Sarcosaurus_woodi,Segisaurus_halli" recon_no="54165;55477;67921;57251;57252;55543">Ceratosauria</List>
		<List recon_name="Procompsognathus_triassicus" recon_no="56382">Procompsognathus</List>
		<List recon_name="Liliensternus_liliensterni" recon_no="56379">Liliensternus</List>
		<List recon_name="Acrocanthosaurus_atokensis,Albertosaurus_sarcophagus,Albertosaurus_lancensis,Albertosaurus_libratus,Alectrosaurus_olseni,Alioramus_remotus,Allosaurus_fragilis,Daspletosaurus_torosus,Dryptosaurus_aquilunguis,Indosaurus_matleyi,Indosuchus_raptorius,Tarbosaurus_bataar,Tyrannosaurus_rex" recon_no="55482;56319;57257;57255;57253;57259;52962;57258;53030;54099;53958;57254;54833">Carnosauria</List>
		<List recon_name="Archaeornithomimus_asiaticus,Deinocheirus_mirificus,Dromiceiomimus_brevitertius,Dromiceiomimus_samueli,Elaphrosaurus_bambergi,Gallimimus_bullatus,Garudimimus_brevipes,Ingenia_yanshini,Ornithomimus_edmontonicus,Ornithomimus_sedens,Ornithomimus_velox,Struthiomimus_altus" recon_no="57276;57246;66907;57272;55481;57265;57267;57022;63438;54235;57269;57266">Ornithmimidae</List>
		<List recon_name="Adasaurus_mongoliensis,Deinonychus_antirrhopus,Dromaeosaurus_albertensis,Saurornithoides_junior,Saurornithoides_mongoliensis,Troodon_formosus,Velociraptor_mongoliensis" recon_no="57261;54555;54550;57262;54470;54818;54554">Deinonychosauria</List>
		<List recon_name="Archaeopteryx_lithographica" recon_no="55487">Avialae</List>
		<List recon_name="Ornitholestes_hermanni" recon_no="55484">Ornitholestes</List>
		<List recon_name="Coelurus_fragilis" recon_no="52986">Coelurus</List>
		<List recon_name="Compsognathus_longipes" recon_no="53007">Compsognathus</List>
		<List recon_name="Microvenator_celer" recon_no="65860">Microvenator</List>
		<List recon_name="Saurornitholestes_langstoni" recon_no="54556">Saurornitholestes</List>
		<List recon_name="Hulsanpes_perlei" recon_no="67680">Hulsanpes</List>
		<List recon_name="Caenagnathus_collinsi,Caenagnathus_sternbergi,Oviraptor_philoceratops" recon_no="54545;54547;55488">Caenagnathidae</List>
		<List recon_name="Chirostenotes_pergracilis,Elmisaurus_rarus,Macrophalangia_canadensis" recon_no="54561;54560;54817">Elmisauridae</List>
	</Taxa>
	<Characters>
		<Molecular/>
		<Morphological number="84">
			<Type>Osteology</Type>
		</Morphological>
		<Behavioural/>
		<Other/>
	</Characters>
	<Analysis>
		<Type>Maximum Parsimony</Type>
	</Analysis>
	<Notes>Based on reanalysis of the original matrix.</Notes>
	<Filename>Gauthier_1986a</Filename>
	<Parent/>
	<Sibling/>
</SourceTree>
