<?xml version="1.0" standalone="yes"?>
<SourceTree>
	<Source>
		<Author>
			<List>Godefroit, P.</List>
			<List>Dong, Z.-M.</List>
			<List>Bultynck, P.</List>
			<List>Li, H.</List>
			<List>Feng, L.</List>
			<List>Shang, C.-Y.</List>
			<List>Guo, D.-Y.</List>
			<List>Dong, Y.-L.</List>
			<List>Sun, Y.</List>
			<List>Zhang, Z.-M.</List>
			<List>De Potter, H.</List>
			<List>Lenglet, G.</List>
			<List>Smith, T.</List>
			<List>Dermience, E.</List>
		</Author>
		<Year>1998</Year>
		<Title>Sino-Belgian Cooperation Program - Cretaceous Dinosaurs and Mammals from Inner Mongolia. 1. New <em>Bactrosaurus</em> (Dinosauria: Hadrosauroidea) material from Iren Dabasu (Inner Mongolia, P. R. China)</Title>
		<Journal>Bulletin Institut royal des sciences naturelles de Belgique: Sciences de la terre</Journal>
		<Volume>68</Volume>
		<Pages>3-70</Pages>
		<Booktitle/>
		<Publisher/>
		<City/>
		<Editor/>
	</Source>
	<Taxa number="8">
		<List recon_name="Hypsilophodon_foxii" recon_no="54190">Hypsilophodon</List>
		<List recon_name="Camptosaurus_dispar" recon_no="52880">Camptosaurus</List>
		<List recon_name="Iguanodon_bernissartensis" recon_no="58905">Iguanodon</List>
		<List recon_name="Ouranosaurus_nigeriensis" recon_no="52877">Ouranosaurus</List>
		<List recon_name="Bactrosaurus_johnsoni" recon_no="57344">Bactrosaurus</List>
		<List recon_name="Telmatosaurus_transsylvanicus" recon_no="68154">Telmatosaurus</List>
		<List recon_name="Anatotitan_copei,Aralosaurus_tuberiferus,Brachylophosaurus_canadensis,Brachylophosaurus_goodwini,Edmontosaurus_annectens,Edmontosaurus_regalis,Edmontosaurus_saskatchewanensis,Gryposaurus_notabilis,Hadrosaurus_foulkii,Hadrosaurus_notabilis,Kritosaurus_australis,Kritosaurus_incurivmanus,Kritosaurus_navajovius,Lophorhothon_atopus,Maiasaura_peeblesorum,Prosaurolophus_maximus,Saurolophus_angustirostris,Saurolophus_osborni,Shantungosaurus_giganteus" recon_no="64302;67547;65213;64297;64305;63254;64304;63251;52812;95941;66683;76760;53196;67215;55574;53384;64295;53386;69513">Hadrosaurinae</List>
		<List recon_name="Bactrosaurus_johnsoni,Barsboldia_sicinskii,Corythosaurus_casuarius,Hypacrosaurus_altispinus,Jaxartosaurus_aralensis,Lambeosaurus_lambei,Lambeosaurus_magnicristatus,Lambeosaurus_laticaudus,Nipponosaurus_sachalinensis,Parasaurolophus_cyrtocristatus,Parasaurolophus_tubicen,Parasaurolophus_walkeri" recon_no="57344;67253;56403;56406;65693;56724;65429;68200;56972;66260;64355;63256">Lambeosaurinae</List>
	</Taxa>
	<Characters>
		<Molecular/>
		<Morphological number="56">
			<Type>Osteology</Type>
		</Morphological>
		<Behavioural/>
		<Other/>
	</Characters>
	<Analysis>
		<Type>Maximum Parsimony</Type>
	</Analysis>
	<Notes>Based on reanalysis of the original matrix.</Notes>
	<Filename>Godefroit_etal_1998a</Filename>
	<Parent/>
	<Sibling/>
</SourceTree>
