<?xml version="1.0" standalone="yes"?>
<SourceTree>
	<Source>
		<Author>
			<List>Godefroit, P.</List>
			<List>Zan, S.-Q.</List>
			<List>Jin, L.-Y.</List>
		</Author>
		<Year>2001</Year>
		<Title>The Maastrichtian (Late Cretaceous) lambeosaurine dinosaur <em>Charonosaurus jiayinensis</em> from north-eastern China</Title>
		<Journal>Bulletin Institut royal des sciences naturelles de Belgique: Sciences de la terre</Journal>
		<Volume>71</Volume>
		<Pages>119-168</Pages>
		<Booktitle/>
		<Publisher/>
		<City/>
		<Editor/>
	</Source>
	<Taxa number="11">
		<List recon_name="Iguanodon_bernissartensis" recon_no="58905">Iguanodon</List>
		<List recon_name="Bactrosaurus_johnsoni" recon_no="57344">Bactrosaurus</List>
		<List recon_name="Eolambia_caroljonesa" recon_no="66500">Eolambia</List>
		<List recon_name="Telmatosaurus_transsylvanicus" recon_no="68154">Telmatosaurus</List>
		<List recon_name="Anatotitan_copei,Aralosaurus_tuberiferus,Brachylophosaurus_canadensis,Brachylophosaurus_goodwini,Edmontosaurus_annectens,Edmontosaurus_regalis,Edmontosaurus_saskatchewanensis,Gryposaurus_notabilis,Hadrosaurus_foulkii,Hadrosaurus_notabilis,Kritosaurus_australis,Kritosaurus_incurivmanus,Kritosaurus_navajovius,Lophorhothon_atopus,Maiasaura_peeblesorum,Prosaurolophus_maximus,Saurolophus_angustirostris,Saurolophus_osborni,Shantungosaurus_giganteus" recon_no="64302;67547;65213;64297;64305;63254;64304;63251;52812;95941;66683;76760;53196;67215;55574;53384;64295;53386;69513">Hadrosaurinae</List>
		<List recon_name="Tsintaosaurus_spinorhinus" recon_no="53387">Tsintaosaurus</List>
		<List recon_name="Charonosaurus_jiayinensis" recon_no="64259">Charonosaurus</List>
		<List recon_name="Parasaurolophus_tubicen" recon_no="64355">Parasaurolophus</List>
		<List recon_name="Corythosaurus_casuarius" recon_no="56403">Corythosaurus</List>
		<List recon_name="Hypacrosaurus_altispinus" recon_no="56406">Hypacrosaurus</List>
		<List recon_name="Lambeosaurus_lambei" recon_no="56724">Lambeosaurus</List>
	</Taxa>
	<Characters>
		<Molecular/>
		<Morphological number="34">
			<Type>Osteology</Type>
		</Morphological>
		<Behavioural/>
		<Other/>
	</Characters>
	<Analysis>
		<Type>Maximum Parsimony</Type>
	</Analysis>
	<Notes>Based on reanalysis of the original matrix.</Notes>
	<Filename>Godefroit_etal_2001a</Filename>
	<Parent>Godefroit_etal_2000a</Parent>
	<Sibling/>
</SourceTree>
