<?xml version="1.0" standalone="yes"?>
<SourceTree>
	<Source>
		<Author>
			<List>Godefroit, P.</List>
			<List>Hai, S.-L.</List>
			<List>Yu, T.-X.</List>
			<List>Lauters, P.</List>
		</Author>
		<Year>2008</Year>
		<Title>New hadrosaurid dinosaurs from the uppermost Cretaceous of northeastern China</Title>
		<Journal>Acta Palaeontologica Polonica</Journal>
		<Volume>53</Volume>
		<Pages>47-74</Pages>
		<Booktitle/>
		<Publisher/>
		<City/>
		<Editor/>
	</Source>
	<Taxa number="21">
		<List recon_name="Bactrosaurus_johnsoni" recon_no="57344">Bactrosaurus</List>
		<List recon_name="Aralosaurus_tuberiferus" recon_no="67547">Aralosaurus</List>
		<List recon_name="Tsintaosaurus_spinorhinus" recon_no="53387">Tsintaosaurus</List>
		<List recon_name="Jaxartosaurus_aralensis" recon_no="65693">Jaxartosaurus</List>
		<List recon_name="Amurosaurus_riabinini" recon_no="64251">Amurosaurus</List>
		<List recon_name="Corythosaurus_casuarius" recon_no="56403">Corythosaurus</List>
		<List recon_name="Hypacrosaurus_altispinus" recon_no="56406">Hypacrosaurus</List>
		<List recon_name="Olorotitan_arharensis" recon_no="72095">Olorotitan</List>
		<List recon_name="Lambeosaurus_lambei" recon_no="56724">Lambeosaurus</List>
		<List recon_name="Sahaliyania_elunchunorum" recon_no="118311">Sahaliyania</List>
		<List recon_name="Parasaurolophus_tubicen" recon_no="64355">Parasaurolophus</List>
		<List recon_name="Charonosaurus_jiayinensis" recon_no="64259">Charonosaurus</List>
		<List recon_name="Wulagasaurus_dongi" recon_no="118313">Wulagasaurus</List>
		<List recon_name="Maiasaura_peeblesorum" recon_no="55574">Maiasaura</List>
		<List recon_name="Brachylophosaurus_canadensis" recon_no="65213">Brachylophosaurus</List>
		<List recon_name="Gryposaurus_incurvimanus,Gryposaurus_latidens" recon_no="64298;57630">Gryposaurus</List>
		<List recon_name="Kerberosaurus_manakini" recon_no="64257">Kerberosaurus</List>
		<List recon_name="Saurolophus_angustirostris" recon_no="64295">Saurolophus</List>
		<List recon_name="Prosaurolophus_blackfeetensis,Prosaurolophus_maximus" recon_no="57631;53384">Prosaurolophus</List>
		<List recon_name="Anatotitan_copei" recon_no="64302">Anatotitan</List>
		<List recon_name="Edmontosaurus_annectens,Edmontosaurus_regalis" recon_no="64305;63254">Edmontosaurus</List>
	</Taxa>
	<Characters>
		<Molecular/>
		<Morphological number="56">
			<Type>Osteology</Type>
		</Morphological>
		<Behavioural/>
		<Other/>
	</Characters>
	<Analysis>
		<Type>Maximum Parsimony</Type>
	</Analysis>
	<Notes>Based on reanalysis of the original matrix.</Notes>
	<Filename>Godefroit_etal_2008a</Filename>
	<Parent/>
	<Sibling/>
</SourceTree>
