<?xml version="1.0" standalone="yes"?>
<SourceTree>
	<Source>
		<Author>
			<List>Godefroit, P.</List>
			<List>Zan, S.</List>
			<List>Jin, L.</List>
		</Author>
		<Year>2000</Year>
		<Title><em>Charonosaurus jiayinensis</em> n. g. n. sp., a lambeosaurine dinosaur from the Late Maastrichtian of Northeastern China</Title>
		<Journal>Comptes Rendus de l'Academie des Sciences Series IIA Earth and Planetary Science</Journal>
		<Volume>330</Volume>
		<Pages>875-882</Pages>
		<Booktitle/>
		<Publisher/>
		<City/>
		<Editor/>
	</Source>
	<Taxa number="9">
		<List recon_name="Iguanodon_bernissartensis" recon_no="58905">Iguanodon</List>
		<List recon_name="Bactrosaurus_johnsoni" recon_no="57344">Bactrosaurus</List>
		<List recon_name="Telmatosaurus_transsylvanicus" recon_no="68154">Telmatosaurus</List>
		<List recon_name="Anatotitan_copei,Aralosaurus_tuberiferus,Brachylophosaurus_canadensis,Brachylophosaurus_goodwini,Edmontosaurus_annectens,Edmontosaurus_regalis,Edmontosaurus_saskatchewanensis,Gryposaurus_notabilis,Hadrosaurus_foulkii,Hadrosaurus_notabilis,Kritosaurus_australis,Kritosaurus_incurivmanus,Kritosaurus_navajovius,Lophorhothon_atopus,Maiasaura_peeblesorum,Prosaurolophus_maximus,Saurolophus_angustirostris,Saurolophus_osborni,Shantungosaurus_giganteus" recon_no="64302;67547;65213;64297;64305;63254;64304;63251;52812;95941;66683;76760;53196;67215;55574;53384;64295;53386;69513">Hadrosaurinae</List>
		<List recon_name="Corythosaurus_casuarius" recon_no="56403">Corythosaurus</List>
		<List recon_name="Hypacrosaurus_altispinus" recon_no="56406">Hypacrosaurus</List>
		<List recon_name="Lambeosaurus_lambei" recon_no="56724">Lambeosaurus</List>
		<List recon_name="Charonosaurus_jiayinensis" recon_no="64259">Charonosaurus</List>
		<List recon_name="Parasaurolophus_tubicen" recon_no="64355">Parasaurolophus</List>
	</Taxa>
	<Characters>
		<Molecular/>
		<Morphological number="33">
			<Type>Osteology</Type>
		</Morphological>
		<Behavioural/>
		<Other/>
	</Characters>
	<Analysis>
		<Type>Maximum Parsimony</Type>
	</Analysis>
	<Notes>Based on reanalysis of the original matrix.</Notes>
	<Filename>Godefroit_etal_2000a</Filename>
	<Parent/>
	<Sibling/>
</SourceTree>
