<?xml version="1.0" standalone="yes"?>
<SourceTree>
	<Source>
		<Author>
			<List>Godefroit, P.</List>
			<List>Bolotsky, Y. L.</List>
			<List>Bolotsky, I. Y.</List>
		</Author>
		<Year>2012</Year>
		<Title>Osteology and relationships of <em>Olorotitan arharensis</em>, a hollowcrested hadrosaurid dinosaur from the latest Cretaceous of Far Eastern Russia</Title>
		<Journal>Acta Palaeontologica Polonica</Journal>
		<Volume>57</Volume>
		<Pages>527-560</Pages>
		<Booktitle/>
		<Publisher/>
		<City/>
		<Editor/>
	</Source>
	<Taxa number="19">
		<List recon_name="Probactrosaurus_gobiensis" recon_no="52878">Probactrosaurus_gobiensis</List>
		<List recon_name="Bactrosaurus_johnsoni" recon_no="57344">Bactrosaurus_johnsoni</List>
		<List recon_name="Gryposaurus_notabilis" recon_no="63251">Gryposaurus_notabilis</List>
		<List recon_name="Aralosaurus_tuberiferus" recon_no="67547">Aralosaurus_tuberiferus</List>
		<List recon_name="Tsintaosaurus_spinorhinus" recon_no="53387">Tsintaosaurus_spinorhinus</List>
		<List recon_name="Pararhabdodon_isonensis" recon_no="89226">Pararhabdodon_isonensis</List>
		<List recon_name="Jaxartosaurus_aralensis" recon_no="65693">Jaxartosaurus_aralensis</List>
		<List recon_name="Arenysaurus_ardevoli" recon_no="161196">Arenysaurus_ardevoli</List>
		<List recon_name="Amurosaurus_riabinini" recon_no="64251">Amurosaurus_riabinini</List>
		<List recon_name="Charonosaurus_jiayinensis" recon_no="64259">Charonosaurus_jiayinensis</List>
		<List recon_name="Parasaurolophus_cyrtocristatus" recon_no="66260">Parasaurolophus_cyrtocristatus</List>
		<List recon_name="Parasaurolophus_walkeri" recon_no="63256">Parasaurolophus_walkeri</List>
		<List recon_name="Parasaurolophus_tubicen" recon_no="64355">Parasaurolophus_tubicen</List>
		<List recon_name="Lambeosaurus_lambei" recon_no="56724">Lambeosaurus_lambei</List>
		<List recon_name="Lambeosaurus_magnicristatus" recon_no="65429">Lambeosaurus_magnicristatus</List>
		<List recon_name="Olorotitan_arharensis" recon_no="72095">Olorotitan_arharensis</List>
		<List recon_name="Corythosaurus_casuarius" recon_no="56403">Corythosaurus_casuarius</List>
		<List recon_name="Hypacrosaurus_stebingeri" recon_no="64339">Hypacrosaurus_stebingeri</List>
		<List recon_name="Hypacrosaurus_altispinus" recon_no="56406">Hypacrosaurus_altispinus</List>
	</Taxa>
	<Characters>
		<Molecular/>
		<Morphological number="118">
			<Type>Osteology</Type>
		</Morphological>
		<Behavioural/>
		<Other/>
	</Characters>
	<Analysis>
		<Type>Maximum Parsimony</Type>
	</Analysis>
	<Notes>Based on reanalysis of the original matrix.</Notes>
	<Filename>Godefroit_etal_2012a</Filename>
	<Parent>Evans_et_Reisz_2007a</Parent>
	<Sibling/>
</SourceTree>
