<?xml version="1.0" standalone="yes"?>
<SourceTree>
	<Source>
		<Author>
			<List>Gohlich, U. B.</List>
			<List>Chiappe, L. M.</List>
		</Author>
		<Year>2006</Year>
		<Title>A new carnivorous dinosaur from the Late Jurassic Solnhofen archipelago</Title>
		<Journal>Nature</Journal>
		<Volume>440</Volume>
		<Pages>329-332</Pages>
		<Booktitle/>
		<Publisher/>
		<City/>
		<Editor/>
	</Source>
	<Taxa number="35">
		<List recon_name="Coelophysis_bauri" recon_no="55477">Coelophysis</List>
		<List recon_name="Dilophosaurus_wetherilli" recon_no="57251">Dilophosaurus</List>
		<List recon_name="Allosaurus_fragilis" recon_no="52962">Allosaurus</List>
		<List recon_name="Sinraptor_dongi" recon_no="54821">Sinraptor</List>
		<List recon_name="Albertosaurus_sarcophagus" recon_no="56319">Albertosaurus</List>
		<List recon_name="Tyrannosaurus_rex" recon_no="54833">Tyrannosaurus</List>
		<List recon_name="Ornitholestes_hermanni" recon_no="55484">Ornitholestes</List>
		<List recon_name="Huaxiagnathus_orientalis" recon_no="68221">Huaxiagnathus</List>
		<List recon_name="Sinosauropteryx_prima" recon_no="54549">Sinosauropteryx</List>
		<List recon_name="Compsognathus_longipes" recon_no="53007">Compsognathus</List>
		<List recon_name="Juravenator_starki" recon_no="72321">Juravenator</List>
		<List recon_name="Mirischia_asymmetrica" recon_no="58896">Mirischia</List>
		<List recon_name="Scipionyx_samniticus" recon_no="57428">Scipionyx</List>
		<List recon_name="Nqwebasaurus_thwazi" recon_no="66506">Nqwebasaurus</List>
		<List recon_name="Coelurus_fragilis" recon_no="52986">Coelurus</List>
		<List recon_name="Nedcolbertia_justinhoffmanni" recon_no="66845">Nedcolbertia</List>
		<List recon_name="Microraptor_zhaoianus" recon_no="68239">Microraptor</List>
		<List recon_name="Sinornithosaurus_millenii" recon_no="68205">Sinornithosaurus</List>
		<List recon_name="Velociraptor_mongoliensis" recon_no="54554">Velociraptor</List>
		<List recon_name="Sinovenator_changii" recon_no="64889">Sinovenator</List>
		<List recon_name="Troodon_formosus" recon_no="54818">Troodon</List>
		<List recon_name="Saurornithoides_mongoliensis" recon_no="54470">Saurornithoides</List>
		<List recon_name="Confuciusornis_sanctus" recon_no="67261">Confuciusornis</List>
		<List recon_name="Archaeopteryx_lithographica" recon_no="55487">Archaeopteryx</List>
		<List recon_name="Patagonykus_puertai" recon_no="64773">Patagonykus</List>
		<List recon_name="Shuvuuia_deserti" recon_no="66044">Shuuvuia</List>
		<List recon_name="Mononykus_olecranus" recon_no="67288">Mononykus</List>
		<List recon_name="Caudipteryx_zoui" recon_no="66066">Caudipteryx</List>
		<List recon_name="Conchoraptor_gracilis" recon_no="67259">Conchoraptor</List>
		<List recon_name="Citipati_osmolskae" recon_no="57024">Citipati</List>
		<List recon_name="Alxasaurus_elesitaiensis" recon_no="64126">Alxasaurus</List>
		<List recon_name="Erlikosaurus_andrewsi" recon_no="66667">Erlikosaurus</List>
		<List recon_name="Shenzhousaurus_orientalis" recon_no="68334">Shenzhousaurus</List>
		<List recon_name="Ornithomimus_edmontonicus" recon_no="63438">Ornithomimus</List>
		<List recon_name="Gallimimus_bullatus" recon_no="57265">Gallimimus</List>
	</Taxa>
	<Characters>
		<Molecular/>
		<Morphological number="189">
			<Type>Osteology</Type>
		</Morphological>
		<Behavioural/>
		<Other/>
	</Characters>
	<Analysis>
		<Type>Maximum Parsimony</Type>
	</Analysis>
	<Notes>Based on reanalysis of the original matrix.</Notes>
	<Filename>Gohlich_et_Chiappe_2006a</Filename>
	<Parent>Hwang_etal_2004a</Parent>
	<Sibling/>
</SourceTree>
