<?xml version="1.0" standalone="yes"?>
<SourceTree>
	<Source>
		<Author>
			<List>Gonzalez Riga, B. J.</List>
		</Author>
		<Year>2003</Year>
		<Title>A new titanosaur (Dinosauria, Sauropoda) from the Upper Cretaceous of Mendoza Province, Argentina</Title>
		<Journal>Ameghiniana</Journal>
		<Volume>40</Volume>
		<Pages>155-172</Pages>
		<Booktitle/>
		<Publisher/>
		<City/>
		<Editor/>
	</Source>
	<Taxa number="15">
		<List recon_name="Patagosaurus_fariasi" recon_no="66448">Patagosaurus_fariasi</List>
		<List recon_name="Amargasaurus_cazaui,Apatosaurus_louisae,Barosaurus_lentus,Dicraeosaurus_hansemanni,Dicraeosaurus_sattleri,Diplodocus_carnegii,Diplodocus_hayi" recon_no="53962;57752;54166;65941;65942;65917;65918">Diplodocidae</List>
		<List recon_name="Camarasaurus_grandis" recon_no="67181">Camarasaurus_grandis</List>
		<List recon_name="Brachiosaurus_brancai" recon_no="64501">Brachiosaurus_brancai</List>
		<List recon_name="Chubutisaurus_insignis" recon_no="53963">Chubutisaurus_insignis</List>
		<List recon_name="Andesaurus_delgadoi" recon_no="58918">Andesaurus_delgadoi</List>
		<List recon_name="Malawisaurus_dixeyi" recon_no="57458">Malawisaurus_dixeyi</List>
		<List recon_name="Mendozasaurus_neguyelap" recon_no="55584">Mendozasaurus_neguyelap</List>
		<List recon_name="Titanosaurus_colberti" recon_no="64311">Titanosaurus_colberti</List>
		<List recon_name="Lirainosaurus_astibiae" recon_no="65827">Lirainosaurus_astibiae</List>
		<List recon_name="Opisthocoelicaudia_skarzynskii" recon_no="57335">Opisthocoelicaudia_skarzynskii</List>
		<List recon_name="Alamosaurus_sanjuanensis" recon_no="63399">Alamosaurus_sanjuanensis</List>
		<List recon_name="Neuquensaurus_australis" recon_no="64315">Neuquensaurus_australis</List>
		<List recon_name="Rocasaurus_muniozi" recon_no="66613">Rocasaurus_muniozi</List>
		<List recon_name="Saltasaurus_loricatus" recon_no="58838">Saltasaurus_loricatus</List>
	</Taxa>
	<Characters>
		<Molecular/>
		<Morphological number="39">
			<Type>Osteology</Type>
		</Morphological>
		<Behavioural/>
		<Other/>
	</Characters>
	<Analysis>
		<Type>Maximum Parsimony</Type>
	</Analysis>
	<Notes>Based on reanalysis of the original matrix.</Notes>
	<Filename>Gonzalez_Riga_2003a</Filename>
	<Parent/>
	<Sibling/>
</SourceTree>
