<?xml version="1.0" standalone="yes"?>
<SourceTree>
	<Source>
		<Author>
			<List>Grellet-Tinner, G.</List>
			<List>Chiappe, L. M.</List>
		</Author>
		<Year>2004</Year>
		<Title>Dinosaur eggs and nesting: implications for understanding the origin of birds</Title>
		<Journal/>
		<Volume/>
		<Pages>185-214</Pages>
		<Booktitle>Feathered Dragons</Booktitle>
		<Publisher>Indiana University Press</Publisher>
		<City>Bloomington</City>
		<Editor>
			<List>Currie, P. J.</List>
			<List>Kopplehus, E. B.</List>
			<List>Shugar, M. A.</List>
			<List>Wright, J. L.</List>
		</Editor>
	</Source>
	<Taxa number="11">
		<List recon_name="Malacochersus_tornieri,Melanochelys_trijuga,Rhinoclemmys_areolata" recon_no="373912;373915;377694">Chelonia</List>
		<List recon_name="Alligator_mississippiensis" recon_no="110824">Alligator_mississippiensis</List>
		<List recon_name="Hadrosauridae_indet_TMP_87_79_85" recon_no="38755">Hadrosauridae</List>
		<List recon_name="Titanosauridae_indet_MCF_dash_PVPH_dash_111_to_131_et_147_et_272" recon_no="38680">Titanosauria</List>
		<List recon_name="Citipati_osmolskae" recon_no="57024">Oviraptoridae</List>
		<List recon_name="Troodon_formosus" recon_no="54818">Troodon_formosus</List>
		<List recon_name="Dromaius_novaehollandiae" recon_no="53353">Dromaius_novaehollandiae</List>
		<List recon_name="Struthio_camelus" recon_no="223891">Struthio_camelus</List>
		<List recon_name="Rhea_americana" recon_no="368318">Rhea_americana</List>
		<List recon_name="Anser_anser" recon_no="369191">Anser_anser</List>
		<List recon_name="Meleagris_gallopavo" recon_no="110952">Meleagris_gallopavo</List>
	</Taxa>
	<Characters>
		<Molecular/>
		<Morphological number="11">
			<Type>Eggs and nesting</Type>
		</Morphological>
		<Behavioural/>
		<Other/>
	</Characters>
	<Analysis>
		<Type>Maximum Parsimony</Type>
	</Analysis>
	<Notes>Based on reanalysis of the original matrix.</Notes>
	<Filename>Grellet-Tinner_et_Chiappe_2004a</Filename>
	<Parent/>
	<Sibling/>
</SourceTree>
