<?xml version="1.0" standalone="yes"?>
<SourceTree>
	<Source>
		<Author>
			<List>Grellet-Tinner, G.</List>
			<List>Makovicky, P. J.</List>
		</Author>
		<Year>2006</Year>
		<Title>A possible egg of the dromaeosaur <em>Deinonychus antirrhopus</em>: phylogenetic and biological implications</Title>
		<Journal>Canadian Journal of Earth Sciences</Journal>
		<Volume>43</Volume>
		<Pages>705-719</Pages>
		<Booktitle/>
		<Publisher/>
		<City/>
		<Editor/>
	</Source>
	<Taxa number="14">
		<List recon_name="Alligator_mississippiensis" recon_no="110824">Alligator</List>
		<List recon_name="Titanosauridae_indet_MCF_dash_PVPH_dash_111_to_131_et_147_et_272" recon_no="38680">Titanosauridae</List>
		<List recon_name="Hadrosauridae_indet_TMP_87_79_85" recon_no="38755">Hadrosaurid</List>
		<List recon_name="Gallus_gallus" recon_no="368033">Gallus_gallus</List>
		<List recon_name="Lithornis_vulturinus" recon_no="246687">Lithornis_vulturinus</List>
		<List recon_name="Lithornis_celetius" recon_no="246695">Lithornis_celetius</List>
		<List recon_name="Rhea_americana" recon_no="368318">Rhea_americana</List>
		<List recon_name="Troodon_formosus" recon_no="54818">Troodon_formosus</List>
		<List recon_name="Byronosaurus_jaffei" recon_no="57020">Byronosaurus_jaffei</List>
		<List recon_name="Ornithothoraces_indet_MUCPv_284_and_305_to_306_and_350_to_355" recon_no="64115">Ornithothoracine</List>
		<List recon_name="Theropoda_indet_SK1_dash_1_to_SK1_dash_4" recon_no="38513">Phu_Phok_eggs</List>
		<List recon_name="Citipati_osmolskae" recon_no="57024">Citipati_osmolskae</List>
		<List recon_name="Deinonychus_antirrhopus" recon_no="54555">Deinonychus_antirrhopus</List>
		<List recon_name="Macroelongatoolithus_xixiaensis" recon_no="98800">Macroelongatoolithus_xixiaensis</List>
	</Taxa>
	<Characters>
		<Molecular/>
		<Morphological number="19">
			<Type>Eggs and nesting</Type>
		</Morphological>
		<Behavioural/>
		<Other/>
	</Characters>
	<Analysis>
		<Type>Maximum Parsimony</Type>
	</Analysis>
	<Notes>Based on reanalysis of the original matrix.</Notes>
	<Filename>Grellet-Tinner_et_Makovicky_2006a</Filename>
	<Parent/>
	<Sibling/>
</SourceTree>
