<?xml version="1.0" standalone="yes"?>
<SourceTree>
	<Source>
		<Author>
			<List>Harris, J. D.</List>
		</Author>
		<Year>1998</Year>
		<Title>A reanalysis of <em>Acrocanthosaurus atokensis</em>, its phylogenetic status, and paleobiogeographic implications, based on a new specimen from Texas</Title>
		<Journal>Bulletin of the New Mexico Museum of Natural History &amp; Science</Journal>
		<Volume>13</Volume>
		<Pages>1-75</Pages>
		<Booktitle/>
		<Publisher/>
		<City/>
		<Editor/>
	</Source>
	<Taxa number="36">
		<List recon_name="Herrerasaurus_ischigualastensis" recon_no="55000">Herrerasaurus</List>
		<List recon_name="Ceratosaurus_nasicornis,Coelophysis_bauri,Dilophosaurus_wetherilli,Liliensternus_liliensterni,Sarcosaurus_woodi,Segisaurus_halli,Syntarsus_kayentakatae,Syntarsus_rhodesiensis" recon_no="54165;55477;57251;56379;57252;55543;55540;55541">Ceratosauria</List>
		<List recon_name="Abelisaurus_comahuensis,Carnotaurus_sastrei,Indosaurus_matleyi,Indosuchus_raptorius,Majungasaurus_crenatissimus,Xenotarsosaurus_bonapartei" recon_no="53945;54526;54099;53958;53957;56394">Abelisauroidea</List>
		<List recon_name="Megalosaurus_bucklandii" recon_no="53025">Megalosaurus</List>
		<List recon_name="Poekilopleuron_bucklandii" recon_no="65369">Poekilopleuron</List>
		<List recon_name="Megalosaurinae_indet_TATE_0012" recon_no="67925">Brontoraptor</List>
		<List recon_name="Eustreptospondylus_oxoniensis" recon_no="53377">Eustrepyospondylus</List>
		<List recon_name="Torvosaurus_tanneri" recon_no="53375">Torvosaurus</List>
		<List recon_name="Piatnitzkysaurus_floresi" recon_no="54827">Piatnitzkysaurus</List>
		<List recon_name="Afrovenator_abakensis" recon_no="56399">Afrovenator</List>
		<List recon_name="Edmarka_rex" recon_no="54829">Edmarka</List>
		<List recon_name="Gasosaurus_constructus" recon_no="52765">Gasosaurus</List>
		<List recon_name="Szechuanosaurus_zigongensis" recon_no="143665">Szechuanosaurus</List>
		<List recon_name="Metriacanthosaurus_parkeri" recon_no="67739">Metriacanthosaurus</List>
		<List recon_name="Cryolophosaurus_ellioti" recon_no="64372">Cryolophosaurus</List>
		<List recon_name="Allosaurus_fragilis" recon_no="52962">Allosaurus</List>
		<List recon_name="Acrocanthosaurus_atokensis" recon_no="55482">Acrocanthosaurus</List>
		<List recon_name="Chilantaisaurus_tashuikouensis" recon_no="54836">Chilantaisaurus</List>
		<List recon_name="Saurophaganax_maximus" recon_no="65371">Saurophaganax</List>
		<List recon_name="Monolophosaurus_jiangi" recon_no="64122">Monolophosaurus</List>
		<List recon_name="Neovenator_salerii" recon_no="64120">Neovenator</List>
		<List recon_name="Carcharodontosaurus_saharicus" recon_no="65365">Carcharodontosaurus</List>
		<List recon_name="Giganotosaurus_carolinii" recon_no="54541">Giganotosaurus</List>
		<List recon_name="Sigilmassasaurus_brevicollis" recon_no="66917">Sigilmassasaurus</List>
		<List recon_name="Baryonyx_walkeri" recon_no="53370">Baryonyx</List>
		<List recon_name="Compsognathus_longipes" recon_no="53007">Compsognathus</List>
		<List recon_name="Sinraptor_dongi" recon_no="54821">Sinraptor</List>
		<List recon_name="Yangchuanosaurus_magnus,Yangchuanosaurus_shangyouensis" recon_no="54825;54826">Yangchuanosaurus</List>
		<List recon_name="Albertosaurus_megagracilis,Albertosaurus_sarcophagus,Alectrosaurus_olseni,Alioramus_remotus,Chingkankousaurus_fragilis,Daspletosaurus_torosus,Gorgosaurus_libratus,Maleevosaurus_novojilovi,Nanotyrannus_lancensis,Tarbosaurus_bataar,Tyrannosaurus_luanchuanensis,Tyrannosaurus_rex" recon_no="67649;56319;57253;57259;65684;57258;53194;63709;53213;57254;54835;54833">Tyrannosauridae</List>
		<List recon_name="Anserimimus_planinychus,Archaeornithomimus_asiaticus,Dromiceiomimus_brevetertius,Dromiceiomimus_samueli,Gallimimus_bullatus,Garudimimus_brevipes,Harpymimus_okladnikovi,Ornithomimus_edmontonicus,Ornithomimus_velox,Struthiomimus_altus" recon_no="66672;57276;57274;57272;57265;57267;66670;63438;57269;57266">Ornithomimosauria</List>
		<List recon_name="Alxasaurus_elesitaiensis,Erlikosaurus_andrewsi,Segnosaurus_galbinensis" recon_no="64126;66667;66664">Therizinosauroidea</List>
		<List recon_name="Ornitholestes_hermanni" recon_no="55484">Ornitholestes</List>
		<List recon_name="Conchoraptor_gracilis,Ingenia_yanshini,Oviraptor_mongoliensis,Oviraptor_philoceratops" recon_no="67259;57022;57021;55488">Oviraptorosauria</List>
		<List recon_name="Adasaurus_mongoliensis,Deinonychus_antirrhopus,Dromaeosaurus_albertensis,Utahraptor_ostrommaysi,Velociraptor_mongoliensis" recon_no="57261;54555;54550;66450;54554">Dromaeosauridae</List>
		<List recon_name="Borogovia_gracilicrus,Pectinodon_bakkeri,Saurornithoides_junior,Saurornithoides_mongoliensis,Sinornithoides_youngi,Stenonychosaurus_inequalis,Tochisaurus_nemegtensis,Troodon_formosus" recon_no="64791;54819;57262;54470;64145;54467;66620;54818">Troodontidae</List>
		<List recon_name="Archaeopteryx_lithographica" recon_no="55487">Archaeopteryx</List>
	</Taxa>
	<Characters>
		<Molecular/>
		<Morphological number="145">
			<Type>Osteology</Type>
		</Morphological>
		<Behavioural/>
		<Other/>
	</Characters>
	<Analysis>
		<Type>Maximum Parsimony</Type>
	</Analysis>
	<Notes>Based on reanalysis of the original matrix.</Notes>
	<Filename>Harris_1998a</Filename>
	<Parent/>
	<Sibling/>
</SourceTree>
