<?xml version="1.0" standalone="yes"?>
<SourceTree>
	<Source>
		<Author>
			<List>Hecht, M. K.</List>
		</Author>
		<Year>1992</Year>
		<Title>A new choristodere (Reptilia, Diapsida) from the Oligocene of France: an example of the Lazarus Effect</Title>
		<Journal>Geobios</Journal>
		<Volume>25</Volume>
		<Pages>115-131</Pages>
		<Booktitle/>
		<Publisher/>
		<City/>
		<Editor/>
	</Source>
	<Taxa number="8">
		<List recon_name="Araeoscelis_casei,Araeoscelis_gracilis" recon_no="138984;113849">Araeoscelidia</List>
		<List recon_name="Khurendukhosaurus_orlovi" recon_no="201381">Khurendukbosaurus</List>
		<List recon_name="Cteniogenys_antiquus" recon_no="69385">Cteniogenys</List>
		<List recon_name="Lazarussuchus_inexpectatus" recon_no="202126">Lazarussuchus</List>
		<List recon_name="Champsosaurus_albertensis,Champsosaurus_ambulator,Champsosaurus_gigas" recon_no="67588;116715;67578">Champsosaurus</List>
		<List recon_name="Tchoiria_namsarai" recon_no="120455">Tchoira</List>
		<List recon_name="Ikechosaurus_sunailinae" recon_no="65388">Ikechosaurus</List>
		<List recon_name="Simoedosaurus_dakotensis" recon_no="202271">Simoedosaurus</List>
	</Taxa>
	<Characters>
		<Molecular/>
		<Morphological number="58">
			<Type>Osteology</Type>
		</Morphological>
		<Behavioural/>
		<Other/>
	</Characters>
	<Analysis>
		<Type>Maximum Parsimony</Type>
	</Analysis>
	<Notes>Based on reanalysis of the original matrix.</Notes>
	<Filename>Hecht_1992a</Filename>
	<Parent>Evans_1990a</Parent>
	<Sibling/>
</SourceTree>
