<?xml version="1.0" standalone="yes"?>
<SourceTree>
	<Source>
		<Author>
			<List>Hendrickx, C.</List>
			<List>Mateus, O.</List>
		</Author>
		<Year>2014</Year>
		<Title>Abelisauridae (Dinosauria: Theropoda) from the Late Jurassic of Portugal and dentition-based phylogeny as a contribution for the identification of isolated theropod teeth</Title>
		<Journal>Zootaxa</Journal>
		<Volume>3759</Volume>
		<Pages>1-74</Pages>
		<Booktitle/>
		<Publisher/>
		<City/>
		<Editor/>
	</Source>
	<Taxa number="64">
		<List recon_name="Eoraptor_lunensis" recon_no="57454">Eoraptor</List>
		<List recon_name="Herrerasaurus_ischigualastensis" recon_no="55000">Herrerasaurus</List>
		<List recon_name="Eodromaeus_murphi" recon_no="174879">Eodromaeus</List>
		<List recon_name="Coelophysis_bauri" recon_no="55477">Coelophysis</List>
		<List recon_name="Dilophosaurus_wetherilli" recon_no="57251">Dilophosaurus</List>
		<List recon_name="Ceratosaurus_nasicornis" recon_no="54165">Ceratosaurus</List>
		<List recon_name="Genyodectes_serus" recon_no="57033">Genyodectes</List>
		<List recon_name="Berberosaurus_liassicus" recon_no="109009">Berberosaurus</List>
		<List recon_name="Noasaurus_leali" recon_no="54534">Noasaurus</List>
		<List recon_name="Masiakasaurus_knopfleri" recon_no="56389">Masiakasaurus</List>
		<List recon_name="Kryptops_palaios" recon_no="123316">Kryptops</List>
		<List recon_name="Rugops_primus" recon_no="71395">Rugops</List>
		<List recon_name="Abelisaurus_comahuensis" recon_no="53945">Abelisaurus</List>
		<List recon_name="Aucasaurus_garridoi" recon_no="54524">Aucasaurus</List>
		<List recon_name="Indosuchus_raptorius" recon_no="53958">Indosuchus</List>
		<List recon_name="Majungasaurus_crenatissimus" recon_no="53957">Majungasaurus</List>
		<List recon_name="Skorpiovenator_bustingorryi" recon_no="138557">Skorpiovenator</List>
		<List recon_name="Erectopus_superbus" recon_no="66982">Erectopus</List>
		<List recon_name="Piatnitzkysaurus_floresi" recon_no="54827">Piatnitzkysaurus</List>
		<List recon_name="Eustreptospondylus_oxoniensis" recon_no="53377">Eustreptospondylus</List>
		<List recon_name="Afrovenator_abakensis" recon_no="56399">Afrovenator</List>
		<List recon_name="Dubreuillosaurus_valesdunensis" recon_no="71333">Dubreuillosaurus</List>
		<List recon_name="Duriavenator_hesperis" recon_no="136691">Duriavenator</List>
		<List recon_name="Megalosaurus_bucklandii" recon_no="53025">Megalosaurus</List>
		<List recon_name="Torvosaurus_tanneri" recon_no="53375">Torvosaurus</List>
		<List recon_name="Baryonyx_walkeri" recon_no="53370">Baryonyx</List>
		<List recon_name="Suchomimus_tenerensis" recon_no="53368">Suchomimus</List>
		<List recon_name="Angaturama_limai,Irritator_challengeri" recon_no="64276;64273">Irritator_Angaturama</List>
		<List recon_name="Spinosaurus_aegyptiacus" recon_no="53372">Spinosaurus</List>
		<List recon_name="Sinraptor_dongi" recon_no="54821">Sinraptor</List>
		<List recon_name="Allosaurus_fragilis" recon_no="52962">Allosaurus</List>
		<List recon_name="Neovenator_salerii" recon_no="64120">Neovenator</List>
		<List recon_name="Fukuiraptor_kitadaniensis" recon_no="66357">Fukuiraptor</List>
		<List recon_name="Australovenator_wintonensis" recon_no="148973">Australovenator</List>
		<List recon_name="Acrocanthosaurus_atokensis" recon_no="55482">Acrocanthosaurus</List>
		<List recon_name="Eocarcharia_dinops" recon_no="123318">Eocarcharia</List>
		<List recon_name="Carcharodontosaurus_saharicus" recon_no="65365">Carcharodontosaurus</List>
		<List recon_name="Giganotosaurus_carolinii" recon_no="54541">Giganotosaurus</List>
		<List recon_name="Mapusaurus_roseae" recon_no="77206">Mapusaurus</List>
		<List recon_name="Proceratosaurus_bradleyi" recon_no="66979">Proceratosaurus</List>
		<List recon_name="Eotyrannus_lengi" recon_no="68317">Eotyrannus</List>
		<List recon_name="Raptorex_kriegsteini" recon_no="154175">Raptorex</List>
		<List recon_name="Alioramus_altai" recon_no="176782">Alioramus</List>
		<List recon_name="Tyrannosaurus_rex" recon_no="54833">Tyrannosaurus</List>
		<List recon_name="Compsognathus_longipes" recon_no="53007">Compsognathus</List>
		<List recon_name="Scipionyx_samniticus" recon_no="57428">Scipionyx</List>
		<List recon_name="Ornitholestes_hermanni" recon_no="55484">Ornitholestes</List>
		<List recon_name="Shuvuuia_deserti" recon_no="66044">Shuvuuia</List>
		<List recon_name="Jianchangosaurus_yixianensis" recon_no="269471">Jianchangosaurus</List>
		<List recon_name="Erlikosaurus_andrewsi" recon_no="66667">Erlikosaurus</List>
		<List recon_name="Tsaagan_mangas" recon_no="90550">Tsaagan</List>
		<List recon_name="Velociraptor_mongoliensis" recon_no="54554">Velociraptor</List>
		<List recon_name="Bambiraptor_feinbergi" recon_no="82048">Bambiraptor</List>
		<List recon_name="Dromaeosaurus_albertensis" recon_no="54550">Dromaeosaurus</List>
		<List recon_name="Saurornitholestes_langstoni" recon_no="54556">Saurornitholestes</List>
		<List recon_name="Buitreraptor_gonzalezorum" recon_no="68202">Buitreraptor</List>
		<List recon_name="Byronosaurus_jaffei" recon_no="57020">Byronosaurus</List>
		<List recon_name="Zanabazar_junior" recon_no="168438">Zanabazar</List>
		<List recon_name="Troodon_formosus" recon_no="54818">Troodon</List>
		<List recon_name="Richardoestesia_gilmorei" recon_no="58874">Richardoestesia_gil</List>
		<List recon_name="Torvosaurus_tanneri" recon_no="53375">ML962</List>
		<List recon_name="Abelisauridae_indet_ML_327_and_ML_966" recon_no="53942">ML327</List>
		<List recon_name="Abelisauridae_indet_ML_327_and_ML_966" recon_no="53942">ML966</List>
		<List recon_name="Richardoestesia_cf_gilmorei_ML_939" recon_no="58874">ML939</List>
	</Taxa>
	<Characters>
		<Molecular/>
		<Morphological number="1972">
			<Type>Osteology</Type>
		</Morphological>
		<Behavioural/>
		<Other/>
	</Characters>
	<Analysis>
		<Type>Maximum Parsimony</Type>
	</Analysis>
	<Notes>Based on reanalysis of the original matrix.</Notes>
	<Filename>Hendrickx_et_Mateus_2014ab</Filename>
	<Parent/>
	<Sibling/>
</SourceTree>
