<?xml version="1.0" standalone="yes"?>
<SourceTree>
	<Source>
		<Author>
			<List>Hocknull, S. A.</List>
			<List>White, M. A.</List>
			<List>Tischler, T. R.</List>
			<List>Cook, A. G.</List>
			<List>Calleja, N. D.</List>
			<List>Sloan, T.</List>
			<List>Elliott, D. A.</List>
		</Author>
		<Year>2009</Year>
		<Title>New mid-Cretaceous (latest Albian) dinosaurs from Winton, Queensland, Australia</Title>
		<Journal>PLoS One</Journal>
		<Volume>4</Volume>
		<Pages>1-51</Pages>
		<Booktitle/>
		<Publisher/>
		<City/>
		<Editor/>
	</Source>
	<Taxa number="16">
		<List recon_name="Herrerasaurus_ischigualastensis" recon_no="55000">Herrerasaurus</List>
		<List recon_name="Torvosaurus_tanneri" recon_no="53375">Torvosaurus</List>
		<List recon_name="Coelophysis_bauri" recon_no="55477">Coelophysis</List>
		<List recon_name="Sinraptor_dongi" recon_no="54821">Sinraptor</List>
		<List recon_name="Compsognathus_longipes,Huaxiagnathus_orientalis,Mirischia_asymmetrica,Sinosauropteryx_prima" recon_no="53007;68221;58896;54549">Compsognathidae</List>
		<List recon_name="Allosaurus_fragilis" recon_no="52962">Allosaurus</List>
		<List recon_name="Fukuiraptor_kitadaniensis" recon_no="66357">Fukuiraptor</List>
		<List recon_name="Monolophosaurus_jiangi" recon_no="64122">Monolophosaurus</List>
		<List recon_name="Australovenator_wintonensis" recon_no="148973">Australovenator</List>
		<List recon_name="Neovenator_salerii" recon_no="64120">Neovenator</List>
		<List recon_name="Tyrannotitan_chubutensis" recon_no="77208">Tyrannotitan</List>
		<List recon_name="Acrocanthosaurus_atokensis" recon_no="55482">Acrocanthosaurus</List>
		<List recon_name="Eocarcharia_dinops" recon_no="123318">Eocarcharia</List>
		<List recon_name="Carcharodontosaurus_iguidensis,Carcharodontosaurus_saharicus" recon_no="113860;65365">Carcharodontosaurus</List>
		<List recon_name="Giganotosaurus_carolinii" recon_no="54541">Giganotosaurus</List>
		<List recon_name="Mapusaurus_roseae" recon_no="77206">Mapusaurus</List>
	</Taxa>
	<Characters>
		<Molecular/>
		<Morphological number="99">
			<Type>Osteology</Type>
		</Morphological>
		<Behavioural/>
		<Other/>
	</Characters>
	<Analysis>
		<Type>Maximum Parsimony</Type>
	</Analysis>
	<Notes>Based on reanalysis of the original matrix.</Notes>
	<Filename>Hocknull_etal_2009ac</Filename>
	<Parent>Brusatte_et_Sereno_2008a</Parent>
	<Sibling/>
</SourceTree>
