<?xml version="1.0" standalone="yes"?>
<SourceTree>
	<Source>
		<Author>
			<List>Holmes, R. B.</List>
			<List>Forster, C. A.</List>
			<List>Ryan, M. J.</List>
			<List>Shepherd, K. M.</List>
		</Author>
		<Year>2001</Year>
		<Title>A new species of <em>Chasmosaurus</em> (Dinosauria: Ceratopsia) from the Dinosaur Park Formation of southern Alberta</Title>
		<Journal>Canadian Journal of Earth Sciences</Journal>
		<Volume>38</Volume>
		<Pages>1423-1438</Pages>
		<Booktitle/>
		<Publisher/>
		<City/>
		<Editor/>
	</Source>
	<Taxa number="8">
		<List recon_name="DELETE" recon_no="0">Outgroup</List>
		<List recon_name="Achelousaurus_horneri,Avaceratops_lammersi,Brachyceratops_montanensis,Centrosaurus_apertus,Einiosaurus_procurvicornis,Monoclonius_crassus,Pachyrhinosaurus_canadensis,Styracosaurus_albertensis,Styracosaurus_ovatus" recon_no="53955;55539;63895;63911;53954;54486;66023;56144;56147">centrosaurines</List>
		<List recon_name="Anchiceratops_ornatus,Arrhinoceratops_brachyops,Torosaurus_latus,Triceratops_horridus" recon_no="63447;63401;63773;63759">Other_chasmosaurines</List>
		<List recon_name="Chasmosaurus_mariscalensis" recon_no="52772">Chasmosaurus_mariscalensis</List>
		<List recon_name="Pentaceratops_sternbergii" recon_no="55033">Pentaceratops_sternbergi</List>
		<List recon_name="Chasmosaurus_russelli" recon_no="66020">Chasmosaurus_russelli</List>
		<List recon_name="Chasmosaurus_irvinensis" recon_no="64731">Chasmosaurus_irvinensis</List>
		<List recon_name="Chasmosaurus_belli" recon_no="66019">Chasmosaurus_belli</List>
	</Taxa>
	<Characters>
		<Molecular/>
		<Morphological number="30">
			<Type>Osteology</Type>
		</Morphological>
		<Behavioural/>
		<Other/>
	</Characters>
	<Analysis>
		<Type>Maximum Parsimony</Type>
	</Analysis>
	<Notes>Based on reanalysis of the original matrix.</Notes>
	<Filename>Holmes_etal_2001aa</Filename>
	<Parent/>
	<Sibling>Holmes_etal_2001ab</Sibling>
</SourceTree>
