<?xml version="1.0" standalone="yes"?>
<SourceTree>
	<Source>
		<Author>
			<List>Holtz, T. R.</List>
		</Author>
		<Year>2001</Year>
		<Title>Arctometatarsalia revisited: The problem of homoplasy in reconstructing theropod phylogeny</Title>
		<Journal> Peabody Museum Special Publication</Journal>
		<Volume/>
		<Pages>99-124</Pages>
		<Booktitle>New Perspectives on the Origin and Early Evolution of Birds</Booktitle>
		<Publisher>Peabody Museum</Publisher>
		<City>New Haven</City>
		<Editor>
			<List>Gauthier, J.</List>
			<List>Gall, L. F.</List>
		</Editor>
	</Source>
	<Taxa number="50">
		<List recon_name="DELETE" recon_no="0">allzero</List>
		<List recon_name="Herrerasaurus_ischigualastensis,Staurikosaurus_pricei" recon_no="55000;55001">Herrerasauridae</List>
		<List recon_name="Riojasaurus_incertus" recon_no="56585">Prosauropoda</List>
		<List recon_name="Dilophosaurus_wetherilli" recon_no="57251">Dilophosaurus</List>
		<List recon_name="Ceratosaurus_nasicornis" recon_no="54165">Ceratosaurus</List>
		<List recon_name="Abelisaurus_comahuensis" recon_no="53945">Abelisaurus</List>
		<List recon_name="Carnotaurus_sastrei" recon_no="54526">Carnotaurus</List>
		<List recon_name="Acrocanthosaurus_atokensis" recon_no="55482">Acrocanthosaurus</List>
		<List recon_name="Afrovenator_abakensis" recon_no="56399">Afrovenator</List>
		<List recon_name="Eustreptospondylus_oxoniensis" recon_no="53377">Eustreptospondylus</List>
		<List recon_name="Megalosaurus_bucklandii" recon_no="53025">Megbucklandi</List>
		<List recon_name="Monolophosaurus_jiangi" recon_no="64122">Monolophosaurus</List>
		<List recon_name="Piatnitzkysaurus_floresi" recon_no="54827">Piatnitzkysaurus</List>
		<List recon_name="Sinraptor_dongi" recon_no="54821">Sinraptor</List>
		<List recon_name="Baryonyx_walkeri,Irritator_challengeri,Spinosaurus_aegyptiacus,Suchomimus_tenerensis" recon_no="53370;64273;53372;53368">Spinosauridae</List>
		<List recon_name="Torvosaurus_tanneri" recon_no="53375">Torvosaurus</List>
		<List recon_name="Yangchuanosaurus_shangyouensis" recon_no="54826">Yangchuanosaurus</List>
		<List recon_name="Megalosaurus_hesperis" recon_no="66918">Mhesperis</List>
		<List recon_name="Allosaurus_fragilis" recon_no="52962">Allosaurus</List>
		<List recon_name="Neovenator_salerii" recon_no="64120">Neovenator</List>
		<List recon_name="Gasosaurus_constructus" recon_no="52765">Gasosaurus</List>
		<List recon_name="Scipionyx_samniticus" recon_no="57428">Scipionyx</List>
		<List recon_name="Dryptosaurus_aquilunguis" recon_no="53030">Dryptosaurus</List>
		<List recon_name="Ornitholestes_hermanni" recon_no="55484">Ornitholestes</List>
		<List recon_name="Proceratosaurus_bradleyi" recon_no="66979">Proceratosaurus</List>
		<List recon_name="Coelurus_fragilis" recon_no="52986">Coelurus</List>
		<List recon_name="Deltadromeus_agilis" recon_no="65367">Deltadromeus</List>
		<List recon_name="Protarchaeopteryx_robusta" recon_no="66068">Protarchaeopteryx</List>
		<List recon_name="Deinonychus_antirrhopus" recon_no="54555">Dromaeosauridae</List>
		<List recon_name="Archaeopteryx_lithographica" recon_no="55487">Archaeopteryx</List>
		<List recon_name="Rahonavis_ostromi" recon_no="64133">Rahonavis</List>
		<List recon_name="Unenlagia_comahuensis" recon_no="65422">Unenlagia</List>
		<List recon_name="Alvarezsaurus_calvoi,Mononykus_olecranus,Patagonykus_puertai,Shuvuuia_deserti" recon_no="64775;67288;64773;66044">Alvarezsauridae</List>
		<List recon_name="Hesperornis_regalis,Iberomesornis_romerali,Ichthyornis_dispar,Patagopteryx_deferrariisi" recon_no="96488;65831;54877;68529">Ornithothoraces</List>
		<List recon_name="Confuciusornis_sanctus" recon_no="67261">Confuciusorn</List>
		<List recon_name="Caudipteryx_zoui" recon_no="66066">Caudipteryx</List>
		<List recon_name="Enigmosaurus_mongoliensis,Erlikosaurus_andrewsi,Nanshiungosaurus_brevispinus,Segnosaurus_galbinensis,Therizinosaurus_cheloniformis" recon_no="68385;66667;54832;66664;66673">Therizinosauroidea</List>
		<List recon_name="Microvenator_celer" recon_no="65860">Microvenator</List>
		<List recon_name="Caenagnathus_collinsi,Caenagnathus_sternbergi" recon_no="54545;54547">Caenagnathidae</List>
		<List recon_name="Conchoraptor_gracilis,Ingenia_yanshini,Oviraptor_philoceratops,Rinchenia_mongoliensis" recon_no="67259;57022;55488;68397">Oviraptoridae</List>
		<List recon_name="Bagaraatan_ostromi" recon_no="57249">Bagaraatan</List>
		<List recon_name="Compsognathus_longipes,Ornitholestes_hermanni" recon_no="53007;55484">Compsognathidae</List>
		<List recon_name="Albertosaurus_megagracilis,Albertosaurus_sarcophagus,Alectrosaurus_olseni,Alioramus_remotus,Chingkankousaurus_fragilis,Daspletosaurus_torosus,Gorgosaurus_libratus,Maleevosaurus_novojilovi,Nanotyrannus_lancensis,Tarbosaurus_bataar,Tyrannosaurus_luanchuanensis,Tyrannosaurus_rex" recon_no="67649;56319;57253;57259;65684;57258;53194;63709;53213;57254;54835;54833">Tyrannosauridae</List>
		<List recon_name="Borogovia_gracilicrus,Pectinodon_bakkeri,Saurornithoides_junior,Saurornithoides_mongoliensis,Stenonychosaurus_inequalis,Tochisaurus_nemegtensis,Troodon_formosus" recon_no="64791;54819;57262;54470;54467;66620;54818">Troodontidae</List>
		<List recon_name="Anserimimus_planinychus,Archaeornithomimus_asiaticus,Dromiceiomimus_brevitertius,Dromiceiomimus_samueli,Gallimimus_bullatus,Ornithomimus_edmontonensis,Ornithomimus_velox,Struthiomimus_altus" recon_no="66672;57276;66907;57272;57265;57270;57269;57266">Ornithomimidae</List>
		<List recon_name="Pelecanimimus_polyodon" recon_no="64118">Pelecanimimus</List>
		<List recon_name="Carcharodontosaurus_saharicus" recon_no="65365">Carcharodontosaurus</List>
		<List recon_name="Giganotosaurus_carolinii" recon_no="54541">Giganotosaurus</List>
		<List recon_name="Coelophysis_bauri,Syntarsus_kayentakatae,Syntarsus_rhodesiensis" recon_no="55477;55540;55541">Coelophysidae</List>
		<List recon_name="Elaphrosaurus_bambergi" recon_no="55481">Elaphrosaurus</List>
	</Taxa>
	<Characters>
		<Molecular/>
		<Morphological number="341">
			<Type>Osteology</Type>
		</Morphological>
		<Behavioural/>
		<Other/>
	</Characters>
	<Analysis>
		<Type>Maximum Parsimony</Type>
	</Analysis>
	<Notes>Based on reanalysis of the original matrix.</Notes>
	<Filename>Holtz_2001a</Filename>
	<Parent>Holtz_1998a</Parent>
	<Sibling/>
</SourceTree>
