<?xml version="1.0" standalone="yes"?>
<SourceTree>
	<Source>
		<Author>
			<List>Holtz, T. R.</List>
		</Author>
		<Year>2001</Year>
		<Title>The phylogeny and taxonomy of the Tyrannosauridae</Title>
		<Journal/>
		<Volume/>
		<Pages>64-83</Pages>
		<Booktitle>Mesozoic Vertebrate Life</Booktitle>
		<Publisher>Indiana University Press</Publisher>
		<City>Bloomington</City>
		<Editor>
			<List>Tanke, D. H.</List>
			<List>Carpenter, K.</List>
		</Editor>
	</Source>
	<Taxa number="17">
		<List recon_name="DELETE" recon_no="0">Outgroup</List>
		<List recon_name="Protarchaeopteryx_robusta,Deinonychus_antirrhopus,Archaeopteryx_lithographica,Rahonavis_ostromi,Unenlagia_comahuensis,Alvarezsaurus_calvoi,Mononykus_olecranus,Patagonykus_puertai,Shuvuuia_deserti,Hesperornis_regalis,Iberomesornis_romerali,Ichthyornis_dispar,Patagopteryx_deferrariisi,Confuciusornis_sanctus,Caudipteryx_zoui,Enigmosaurus_mongoliensis,Erlikosaurus_andrewsi,Nanshiungosaurus_brevispinus,Segnosaurus_galbinensis,Therizinosaurus_cheloniformis,Microvenator_celer,Caenagnathus_collinsi,Caenagnathus_sternbergi,Conchoraptor_gracilis,Ingenia_yanshini,Oviraptor_philoceratops,Rinchenia_mongoliensis,Borogovia_gracilicrus,Pectinodon_bakkeri,Saurornithoides_junior,Saurornithoides_mongoliensis,Stenonychosaurus_inequalis,Tochisaurus_nemegtensis,Troodon_formosus" recon_no="66068;54555;55487;64133;65422;64775;67288;64773;66044;96488;65831;54877;68529;67261;66066;68385;66667;54832;66664;66673;65860;54545;54547;67259;57022;55488;68397;64791;54819;57262;54470;54467;66620;54818">Maniraptora</List>
		<List recon_name="Pelecanimimus_polyodon,Anserimimus_planinychus,Archaeornithomimus_asiaticus,Dromiceiomimus_brevitertius,Dromiceiomimus_samueli,Gallimimus_bullatus,Ornithomimus_edmontonensis,Ornithomimus_velox,Struthiomimus_altus" recon_no="64118;66672;57276;66907;57272;57265;57270;57269;57266">Ornithomimosauria</List>
		<List recon_name="Siamotyrannus_isanensis" recon_no="56421">Siamotyrannus_isanensis</List>
		<List recon_name="Aublysodon_molnari" recon_no="99205">Aublysodon_molnari</List>
		<List recon_name="Alectrosaurus_olseni" recon_no="57253">Alectrosaurus_olseni</List>
		<List recon_name="Bistahieversor_sealeyi" recon_no="163808">Kirtland_Shale_aublysodontine</List>
		<List recon_name="Alioramus_remotus" recon_no="57259">Alioramus_remotus</List>
		<List recon_name="Shanshanosaurus_huoyanshanensis" recon_no="54551">Shanshanosaurus_huoyanshanensis</List>
		<List recon_name="Gorgosaurus_libratus" recon_no="53194">Gorgosaurus_libratus</List>
		<List recon_name="Albertosaurus_sarcophagus" recon_no="56319">Albertosaurus_sarcophagus</List>
		<List recon_name="Daspletosaurus_torosus" recon_no="57258">Daspletosaurus_torosus</List>
		<List recon_name="Daspletosaurus_horneri" recon_no="351539">Two_Medicine_tyrannosaurine</List>
		<List recon_name="Tyrannosaurus_bataar" recon_no="63705">Tyrannosaurus_bataar</List>
		<List recon_name="Tyrannosaurus_rex" recon_no="54833">Tyrannosaurus_rex</List>
		<List recon_name="Maleevosaurus_novojilovi" recon_no="63709">Maleevosaurus_nonjilovi</List>
		<List recon_name="Nanotyrannus_lancensis" recon_no="53213">Nanotyrannus_lancensis</List>
	</Taxa>
	<Characters>
		<Molecular/>
		<Morphological number="111">
			<Type>Osteology</Type>
		</Morphological>
		<Behavioural/>
		<Other/>
	</Characters>
	<Analysis>
		<Type>Maximum Parsimony</Type>
	</Analysis>
	<Notes>Based on reanalysis of the original matrix.</Notes>
	<Filename>Holtz_2001b</Filename>
	<Parent/>
	<Sibling/>
</SourceTree>
