<?xml version="1.0" standalone="yes"?>
<SourceTree>
	<Source>
		<Author>
			<List>Horner, J. R.</List>
			<List>Weishampel, D. B.</List>
			<List>Forster, C. A.</List>
		</Author>
		<Year>2004</Year>
		<Title>Hadrosauridae</Title>
		<Journal/>
		<Volume/>
		<Pages>438-463</Pages>
		<Booktitle>The Dinosauria (Second Edition)</Booktitle>
		<Publisher>University of California Press</Publisher>
		<City>Berkeley</City>
		<Editor>
			<List>Weishampel, D. B.</List>
			<List>Dodson, P.</List>
			<List>Osmolska, H.</List>
		</Editor>
	</Source>
	<Taxa number="20">
		<List recon_name="Iguanodon_bernissartensis" recon_no="58905">Iguanodon</List>
		<List recon_name="Probactrosaurus_gobiensis" recon_no="52878">Probactrosaurus</List>
		<List recon_name="Eolambia_caroljonesa" recon_no="66500">Eolambia</List>
		<List recon_name="Protohadros_byrdi" recon_no="64527">Protohadros</List>
		<List recon_name="Telmatosaurus_transsylvanicus" recon_no="68154">Telmatosaurus</List>
		<List recon_name="Corythosaurus_casuarius" recon_no="56403">Corythosaurus</List>
		<List recon_name="Edmontosaurus_annectens,Edmontosaurus_regalis,Edmontosaurus_saskatchewanensis" recon_no="64305;63254;64304">Edmontosaurus</List>
		<List recon_name="Gryposaurus_incurvimanus,Gryposaurus_notabilis" recon_no="64298;63251">Gryposaurus</List>
		<List recon_name="Hypacrosaurus_altispinus,Hypacrosaurus_stebingeri" recon_no="56406;64339">Hypacrosaurus</List>
		<List recon_name="Kritosaurus_australis" recon_no="66683">K_australis</List>
		<List recon_name="Lambeosaurus_lambei,Lambeosaurus_laticaudus,Lambeosaurus_magnicristatus" recon_no="56724;68200;65429">Lambeosaurus</List>
		<List recon_name="Lophorhothon_atopus" recon_no="67215">Lophorhothon</List>
		<List recon_name="Naashoibitosaurus_ostromi" recon_no="66595">Naashoibitosaurus</List>
		<List recon_name="Nipponosaurus_sachalinensis" recon_no="56972">Nipponosaurus</List>
		<List recon_name="Parasaurolophus_cyrtocristatus,Parasaurolophus_tubicen,Parasaurolophus_walkeri" recon_no="66260;64355;63256">Parasaurolophus</List>
		<List recon_name="Prosaurolophus_blackfeetensis,Prosaurolophus_maximus" recon_no="57631;53384">Prosaurolophus</List>
		<List recon_name="Saurolophus_angustirostris,Saurolophus_osborni" recon_no="64295;53386">Saurolophus</List>
		<List recon_name="Tsintaosaurus_spinorhinus" recon_no="53387">Tsintaosaurus</List>
		<List recon_name="Brachylophosaurus_canadensis" recon_no="65213">Brachylophosaurus</List>
		<List recon_name="Maiasaura_peeblesorum" recon_no="55574">Maiasaura</List>
	</Taxa>
	<Characters>
		<Molecular/>
		<Morphological number="105">
			<Type>Osteology</Type>
		</Morphological>
		<Behavioural/>
		<Other/>
	</Characters>
	<Analysis>
		<Type>Maximum Parsimony</Type>
	</Analysis>
	<Notes>Based on reanalysis of the original matrix.</Notes>
	<Filename>Horner_etal_2004a</Filename>
	<Parent/>
	<Sibling/>
</SourceTree>
