<?xml version="1.0" standalone="yes"?>
<SourceTree>
	<Source>
		<Author>
			<List>Hou, L.-H.</List>
			<List>Martin, L. D.</List>
			<List>Zhou, Z.-H.</List>
			<List>Feduccia, A.</List>
		</Author>
		<Year>1992</Year>
		<Title>Early adaptive radiation of birds: evidence from fossils from northeastern China</Title>
		<Journal>Science</Journal>
		<Volume>274</Volume>
		<Pages>1164-1167</Pages>
		<Booktitle/>
		<Publisher/>
		<City/>
		<Editor/>
	</Source>
	<Taxa number="8">
		<List recon_name="DELETE" recon_no="0">Outgroup</List>
		<List recon_name="Liaoningornis_longidigitris" recon_no="137402">Liaoningornis</List>
		<List recon_name="Chaoyangia_beishanensis" recon_no="137355">Chaoyangia</List>
		<List recon_name="Ichthyornis_dispar" recon_no="54877">Ichthyornis</List>
		<List recon_name="Hesperornis_regalis" recon_no="96488">Hesperornis</List>
		<List recon_name="Archaeopteryx_lithographica" recon_no="55487">Archaeopteryx</List>
		<List recon_name="Cathayornis_yandica" recon_no="137353">Cathayornis</List>
		<List recon_name="Confuciusornis_sanctus" recon_no="67261">Confuciusornis</List>
	</Taxa>
	<Characters>
		<Molecular/>
		<Morphological number="32">
			<Type>Osteology</Type>
		</Morphological>
		<Behavioural/>
		<Other/>
	</Characters>
	<Analysis>
		<Type>Maximum Parsimony</Type>
	</Analysis>
	<Notes>Based on reanalysis of the original matrix.</Notes>
	<Filename>Hou_etal_1996a</Filename>
	<Parent/>
	<Sibling/>
</SourceTree>
