<?xml version="1.0" standalone="yes"?>
<SourceTree>
	<Source>
		<Author>
			<List>Hu, D.-Y.</List>
			<List>Hou, L.-H.</List>
			<List>Zhang, L.-J.</List>
			<List>Xu, X.</List>
		</Author>
		<Year>2009</Year>
		<Title>A pre-<em>Archaeopteryx</em> troodontid theropod from China with long feathers on the metatarsus</Title>
		<Journal>Nature</Journal>
		<Volume>461</Volume>
		<Pages>640-643</Pages>
		<Booktitle/>
		<Publisher/>
		<City/>
		<Editor/>
	</Source>
	<Taxa number="87">
		<List recon_name="Allosaurus_fragilis" recon_no="52962">Allosaurus_fragilis</List>
		<List recon_name="Sinraptor_dongi" recon_no="54821">Sinraptor</List>
		<List recon_name="Dilong_paradoxus" recon_no="58836">Dilong_paradoxus</List>
		<List recon_name="Eotyrannus_lengi" recon_no="68317">Eotyrannus_lengi</List>
		<List recon_name="Tyrannosaurus_rex" recon_no="54833">Tyrannosaurus_rex</List>
		<List recon_name="Gorgosaurus_libratus" recon_no="53194">Gorgosaurus_libratus</List>
		<List recon_name="Tanycolagreus_topwilsoni" recon_no="68260">Tanycolagreus_topwilsoni</List>
		<List recon_name="Coelurus_fragilis" recon_no="52986">Coelurus_fragilis</List>
		<List recon_name="Ornitholestes_hermanni" recon_no="55484">Ornitholestes_hermanni</List>
		<List recon_name="Falcarius_utahensis" recon_no="65780">Falcarius_utahensis</List>
		<List recon_name="Beipiaosaurus_inexpectus" recon_no="68241">Beipiaosaurus_inexpectus</List>
		<List recon_name="Alxasaurus_elesitaiensis" recon_no="64126">Alxasaurus_elesitaiensis</List>
		<List recon_name="Nothronychus_mckinleyi" recon_no="66508">Nothronychus_mckinleyi</List>
		<List recon_name="Erliansaurus_bellamanus" recon_no="68374">Erliansaurus_bellamanus</List>
		<List recon_name="Nanshiungosaurus_brevispinus" recon_no="54832">Nanshiungosaurus_brevispinus</List>
		<List recon_name="Neimongosaurus_yangi" recon_no="68372">Neimongosaurus_yangi</List>
		<List recon_name="Segnosaurus_galbinensis" recon_no="66664">Segnosaurus_galbiensis</List>
		<List recon_name="Erlikosaurus_andrewsi" recon_no="66667">Erlikosaurus_andrewsi</List>
		<List recon_name="Therizinosaurus_cheloniformis" recon_no="66673">Therizinosaurus_cheloniformis</List>
		<List recon_name="Alvarezsaurus_calvoi" recon_no="64775">Alvarezsaurus_calvoi</List>
		<List recon_name="Patagonykus_puertai" recon_no="64773">Patagonykus_puertai</List>
		<List recon_name="Mononykus_olecranus" recon_no="67288">Mononykus_olecranus</List>
		<List recon_name="Shuvuuia_deserti" recon_no="66044">Shuvuuia_deserti</List>
		<List recon_name="Caenagnathus_collinsi" recon_no="54545">Caenagnathus_collinsi</List>
		<List recon_name="Avimimus_portentosus" recon_no="55489">Avimimus_portentosus</List>
		<List recon_name="Protarchaeopteryx_robusta" recon_no="66068">Protarchaeopteryx_robusta</List>
		<List recon_name="Incisivosaurus_gauthieri" recon_no="64891">Incisivosaurus_gauthieri</List>
		<List recon_name="Caudipteryx_zoui" recon_no="66066">Caudipteryx</List>
		<List recon_name="Microvenator_celer" recon_no="65860">Microvenator_celer</List>
		<List recon_name="Oviraptor_philoceratops" recon_no="55488">Oviraptor_philoceratops</List>
		<List recon_name="Rinchenia_mongoliensis" recon_no="68397">Rinchenia_mongoliensis</List>
		<List recon_name="Citipati_sp_IGM_100_42" recon_no="57023">IGM100_slash_42_unnamed_oviraptorid</List>
		<List recon_name="Citipati_osmolskae" recon_no="57024">Citipati_osmolskae</List>
		<List recon_name="Elmisaurus_rarus" recon_no="54560">Elmisaurus_rarus</List>
		<List recon_name="Hagryphus_giganteus" recon_no="71335">Hagryphus_giganteus</List>
		<List recon_name="Chirostenotes_pergracilis" recon_no="54561">Chirostenotes_pergracilis</List>
		<List recon_name="Ingenia_yanshani" recon_no="96513">Ingenia_yanshini</List>
		<List recon_name="Heyuannia_huangi" recon_no="68048">Heyuannia_huangi</List>
		<List recon_name="Khaan_mckennai" recon_no="57026">Khaan_mckennai</List>
		<List recon_name="Conchoraptor_gracilis" recon_no="67259">Conchoraptor_gracilis</List>
		<List recon_name="Sinovenator_changii" recon_no="64889">Sinovenator_changii</List>
		<List recon_name="Anchiornis_huxleyi" recon_no="155059">Anchiornis_huxleyi</List>
		<List recon_name="Mei_long" recon_no="68250">Mei_long</List>
		<List recon_name="Byronosaurus_jaffei" recon_no="57020">Byronosaurus_jaffei</List>
		<List recon_name="Sinornithoides_youngi" recon_no="64145">Sinornithoides_youngi</List>
		<List recon_name="Troodontidae_indet_IGM_100_44" recon_no="54468">IGM100_slash_44_unnamed_troodontid</List>
		<List recon_name="Troodon_formosus" recon_no="54818">Troodon_formosus</List>
		<List recon_name="Saurornithoides_mongoliensis" recon_no="54470">Saurornithoides_mongoliensis</List>
		<List recon_name="Saurornithoides_junior" recon_no="57262">Saurornithoides_junior</List>
		<List recon_name="Rahonavis_ostromi" recon_no="64133">Rahonavis_ostromi</List>
		<List recon_name="Unenlagia_comahuensis" recon_no="65422">Unenlagia</List>
		<List recon_name="Buitreraptor_gonzalezorum" recon_no="68202">Buitreraptor_gonzalezorum</List>
		<List recon_name="Bambiraptor_feinbergi" recon_no="82048">Bambiraptor_feinbergi</List>
		<List recon_name="Sinornithosaurus_millenii" recon_no="68205">Sinornithosaurus_millenii</List>
		<List recon_name="Microraptor_zhaoianus" recon_no="68239">Microraptor_zhaoianus</List>
		<List recon_name="Sinornithosaurus_sp_NGMC91" recon_no="68204">NGMC91_unnamed_dromaeosaurid</List>
		<List recon_name="Tsaagan_mangas" recon_no="90550">IGM100_slash_1015_undescribed_dromaeosaurid</List>
		<List recon_name="Adasaurus_mongoliensis" recon_no="57261">Adasaurus_mongoliensis</List>
		<List recon_name="Velociraptor_mongoliensis" recon_no="54554">Velociraptor_mongoliensis</List>
		<List recon_name="Saurornitholestes_langstoni" recon_no="54556">Saurornitholestes_langstoni</List>
		<List recon_name="Deinonychus_antirrhopus" recon_no="54555">Deinonychus_antirrhopus</List>
		<List recon_name="Atrociraptor_marshalli" recon_no="132126">Atrociraptor_marshalli</List>
		<List recon_name="Achillobator_giganticus" recon_no="68418">Achillobator_giganticus</List>
		<List recon_name="Dromaeosaurus_albertensis" recon_no="54550">Dromaeosaurus_albertensis</List>
		<List recon_name="Utahraptor_ostrommaysi" recon_no="66450">Utahraptor_ostrommaysi</List>
		<List recon_name="Epidendrosaurus_ningchengensis" recon_no="68185">Epidendrosaurus_ningchengensis</List>
		<List recon_name="Epidexipteryx_hui" recon_no="137498">Epidexipteryx_ningchengensis</List>
		<List recon_name="Archaeopteryx_lithographica" recon_no="55487">Archaeopteryx_lithographica</List>
		<List recon_name="Wellnhoferia_grandis" recon_no="68522">Wellnhoferia_grandis</List>
		<List recon_name="Jeholornis_prima" recon_no="119247">Jeholornis_prima</List>
		<List recon_name="Sapeornis_chaoyangensis" recon_no="119249">Sapeornis_chaoyangensis</List>
		<List recon_name="Confuciusornis_sanctus" recon_no="67261">Confuciusornis_sanctus</List>
		<List recon_name="Protopteryx_fengningensis" recon_no="91349">Protopteryx_fengningensis</List>
		<List recon_name="Yanornis_martini" recon_no="119337">Yanornis_martini</List>
		<List recon_name="Harpymimus_okladnikovi" recon_no="66670">Harpymimus_okladnikovi</List>
		<List recon_name="Deinocheirus_mirificus" recon_no="57246">Deinocheirus_mirificus</List>
		<List recon_name="Shenzhousaurus_orientalis" recon_no="68334">Shenzhousaurus_orientalis</List>
		<List recon_name="Pelecanimimus_polyodon" recon_no="64118">Pelecanimimus_polyodon</List>
		<List recon_name="Garudimimus_brevipes" recon_no="57267">Garudimimus_brevipes</List>
		<List recon_name="Archaeornithomimus_asiaticus" recon_no="57276">Archaeornithomimus_asiaticus</List>
		<List recon_name="Gallimimus_bullatus" recon_no="57265">Gallimimus_bullatus</List>
		<List recon_name="Struthiomimus_altus" recon_no="57266">Struthiomimus_altus</List>
		<List recon_name="Anserimimus_planinychus" recon_no="66672">Anserimimus_planinychus</List>
		<List recon_name="Ornithomimus_edmontonicus" recon_no="63438">Ornithomimus_edmontonicus</List>
		<List recon_name="Huaxiagnathus_orientalis" recon_no="68221">Huaxiagnathus_orientalis</List>
		<List recon_name="Compsognathus_longipes" recon_no="53007">Compsognathus_longipes</List>
		<List recon_name="Sinosauropteryx_prima" recon_no="54549">Sinosauropteryx_prima</List>
	</Taxa>
	<Characters>
		<Molecular/>
		<Morphological number="363">
			<Type>Osteology</Type>
		</Morphological>
		<Behavioural/>
		<Other/>
	</Characters>
	<Analysis>
		<Type>Maximum Parsimony</Type>
	</Analysis>
	<Notes>Based on reanalysis of the original matrix.</Notes>
	<Filename>Hu_etal_2009a</Filename>
	<Parent>Zhang_etal_2008a</Parent>
	<Sibling/>
</SourceTree>
