<?xml version="1.0" standalone="yes"?>
<SourceTree>
	<Source>
		<Author>
			<List>Hu, H.</List>
			<List>Zhou, Z.-H.</List>
			<List>O'Connor, J.-M.</List>
		</Author>
		<Year>2014</Year>
		<Title>A subadult specimen of <em>Pengornis</em> and character evolution in Enantiornithes</Title>
		<Journal>Vertebrata PalAsiatica</Journal>
		<Volume>52</Volume>
		<Pages>77-97</Pages>
		<Booktitle/>
		<Publisher/>
		<City/>
		<Editor/>
	</Source>
	<Taxa number="61">
		<List recon_name="Deinonychus_antirrhopus" recon_no="54555">Dromaeosauridae</List>
		<List recon_name="Archaeopteryx_lithographica" recon_no="55487">Archaeopteryx</List>
		<List recon_name="Jeholornis_prima" recon_no="119247">Jeholornis</List>
		<List recon_name="Rahonavis_ostromi" recon_no="64133">Rahonavis</List>
		<List recon_name="Shenzhouraptor_sinensis" recon_no="153854">Shenzhouraptor</List>
		<List recon_name="Jixiangornis_orientalis" recon_no="197817">Jixiangornis</List>
		<List recon_name="Zhongornis_haoae" recon_no="130180">Zhongornis</List>
		<List recon_name="Sapeornis_chaoyangensis" recon_no="119249">Sapeornis</List>
		<List recon_name="Didactylornis_jii" recon_no="153852">Didactylornis</List>
		<List recon_name="Confuciusornis_sanctus" recon_no="67261">Confuciusornis_sanctus</List>
		<List recon_name="Changchengornis_hengdaoziensis" recon_no="134755">Changchengornis</List>
		<List recon_name="Eoconfuciusornis_zhengi" recon_no="137357">Eoconfuciusornis</List>
		<List recon_name="Jinzhouornis_zhangjiyingia" recon_no="197822">Jinzhouornis_zhangjiyingia</List>
		<List recon_name="Confuciusornis_dui" recon_no="67265">Confuciusornis_dui</List>
		<List recon_name="Chaoyangia_beishanensis" recon_no="137355">Chaoyangia</List>
		<List recon_name="Zhongjianornis_yangi" recon_no="197824">Zhongjianornis</List>
		<List recon_name="Boluochia_zhengi" recon_no="119289">Boluochia</List>
		<List recon_name="Shenqiornis_mengi" recon_no="166960">Shenqiornis</List>
		<List recon_name="Cathayornis_yandica" recon_no="137353">Cathyaornis</List>
		<List recon_name="Concornis_lacustris" recon_no="100984">Concornis</List>
		<List recon_name="Elsornis_keni" recon_no="133734">Elsornis</List>
		<List recon_name="Eoalulavis_hoyasi" recon_no="65829">Eoalulavis</List>
		<List recon_name="Eocathayornis_walkeri" recon_no="137351">Eocathayornis</List>
		<List recon_name="Eoenantiornis_buhleri" recon_no="119311">Eoenantiornis</List>
		<List recon_name="Gobipteryx_minuta" recon_no="57334">Gobipteryx</List>
		<List recon_name="Iberomesornis_romerali" recon_no="65831">Iberomesornis</List>
		<List recon_name="Longipteryx_chaoyangensis" recon_no="137361">Longipteryx</List>
		<List recon_name="Longirostravis_hani" recon_no="119305">Longirostravis</List>
		<List recon_name="Neuquenornis_volans" recon_no="100989">Neuquenornis</List>
		<List recon_name="Otogornis_genghisi" recon_no="137493">Otogornis</List>
		<List recon_name="Pengornis_houi" recon_no="166966">Pengornis_houi</List>
		<List recon_name="Protopteryx_fengningensis" recon_no="91349">Protopteryx</List>
		<List recon_name="Rapaxavis_pani" recon_no="148717">Rapaxavis</List>
		<List recon_name="Shanweiniao_cooperorum" recon_no="146357">Shanweiniao</List>
		<List recon_name="Vescornis_hebeiensis" recon_no="119301">Vescornis</List>
		<List recon_name="Vorona_berivotrensis" recon_no="64129">Vorona</List>
		<List recon_name="Schizooura_lii" recon_no="219826">Schizooura</List>
		<List recon_name="Jianchangornis_microdonta" recon_no="197840">Jianchangornis</List>
		<List recon_name="Archaeorhynchus_spathula" recon_no="137384">Archaeorhynchus</List>
		<List recon_name="Liaoningornis_longidigitris" recon_no="137402">Liaoningornis</List>
		<List recon_name="Songlingornis_linghensis" recon_no="197838">Songlingornis</List>
		<List recon_name="Ambiortus_dementjevi" recon_no="137395">Ambiortus</List>
		<List recon_name="Longicrusavis_houi" recon_no="166852">Longicrusavis</List>
		<List recon_name="Apsaravis_ukhaana" recon_no="58898">Apsaravis</List>
		<List recon_name="Hongshanornis_longicresta" recon_no="119299">Hongshanornis</List>
		<List recon_name="Yanornis_martini" recon_no="119337">Yanornis</List>
		<List recon_name="Patagopteryx_deferrariisi" recon_no="68529">Patagopteryx</List>
		<List recon_name="Hollanda_luceria" recon_no="166962">Hollanda</List>
		<List recon_name="Yixianornis_grabaui" recon_no="119340">Yixianornis</List>
		<List recon_name="Gansus_yumenensis" recon_no="82617">Gansus</List>
		<List recon_name="Ichthyornis_dispar" recon_no="54877">Ichthyornis</List>
		<List recon_name="Hesperornis_regalis" recon_no="96488">Hesperornis</List>
		<List recon_name="Parahesperornis_alexi" recon_no="137277">Parahesperornis</List>
		<List recon_name="Enaliornis_barretti" recon_no="67052">Enaliornis</List>
		<List recon_name="Baptornis_advenus" recon_no="52957">Baptornis_advenus</List>
		<List recon_name="Baptornis_varneri" recon_no="137269">Baptornis_varneri</List>
		<List recon_name="Limenavis_patagonica" recon_no="134885">Limenavis</List>
		<List recon_name="Vegavis_iaai" recon_no="81024">Vegavis</List>
		<List recon_name="Anas_platyrhynchos" recon_no="83434">Anas</List>
		<List recon_name="Gallus_gallus" recon_no="368033">Gallus</List>
		<List recon_name="Pengornis_sp_IVPP_V_18632" recon_no="166965">IVPP_V_18632</List>
	</Taxa>
	<Characters>
		<Molecular/>
		<Morphological number="246">
			<Type>Osteology</Type>
		</Morphological>
		<Behavioural/>
		<Other/>
	</Characters>
	<Analysis>
		<Type>Maximum Parsimony</Type>
	</Analysis>
	<Notes>Based on reanalysis of the original matrix.</Notes>
	<Filename>Hu_etal_2014a</Filename>
	<Parent>OConnor_et_Zhou_2013a</Parent>
	<Sibling/>
</SourceTree>
