<?xml version="1.0" standalone="yes"?>
<SourceTree>
	<Source>
		<Author>
			<List>Hutchinson, J. R.</List>
		</Author>
		<Year>2002</Year>
		<Title>The evolution of hindlimb tendons and muscles on the line to crown-group birds</Title>
		<Journal>Comparative Biochemistry and Physiology Part A</Journal>
		<Volume>133</Volume>
		<Pages>1051-1086</Pages>
		<Booktitle/>
		<Publisher/>
		<City/>
		<Editor/>
	</Source>
	<Taxa number="35">
		<List recon_name="Chelydra_serpentina,Terrapene_carolina" recon_no="105357;364841">Chelonia</List>
		<List recon_name="Macrocnemus_bassanii" recon_no="141599">Basal_diapsids</List>
		<List recon_name="Heloderma_suspectum,Iguana_iguana,Varanus_komodoensis" recon_no="374759;373787;374206">Squamata</List>
		<List recon_name="Sphenodon_punctata" recon_no="393586">Sphenodon</List>
		<List recon_name="Hyperodapedon_gordoni" recon_no="146404">Basal_archosauromorphs</List>
		<List recon_name="Erythrosuchus_africanus" recon_no="163009">Erythrosuchidae</List>
		<List recon_name="Rutiodon_carolinensis" recon_no="64947">Parasuchia</List>
		<List recon_name="Aetosauroides_scagliai,Stagonolepis_robertsoni,Typothorax_coccinarum" recon_no="157037;119075;64940">Aetosauria</List>
		<List recon_name="Chanaresuchus_bonapartei" recon_no="80890">Proterochampsidae</List>
		<List recon_name="Alligator_mississippiensis" recon_no="110824">Crocodylia</List>
		<List recon_name="Sphenosuchus_acutus" recon_no="56653">Basal_crocodylomorphs</List>
		<List recon_name="Lagerpeton_chanarensis" recon_no="66341">Lagerpeton</List>
		<List recon_name="Marasuchus_lilloensis" recon_no="66342">Marasuchus</List>
		<List recon_name="Lewisuchus_admixtus" recon_no="67917">Lewisuchus</List>
		<List recon_name="Lesothosaurus_diagnosticus" recon_no="57574">Ornithischia</List>
		<List recon_name="Guaibasaurus_candelariensis,Massospondylus_carinatus,Plateosaurus_engelhardti" recon_no="66571;56595;56683">Sauropodomorpha</List>
		<List recon_name="Herrerasaurus_ischigualastensis" recon_no="55000">Herrerasauridae</List>
		<List recon_name="Coelophysis_bauri,Syntarsus_kayentakatae" recon_no="55477;55540">Coelophysoidea</List>
		<List recon_name="Carnotaurus_sastrei" recon_no="54526">Ceratosauria</List>
		<List recon_name="Dilophosaurus_wetherilli" recon_no="57251">Basal_tetanurans</List>
		<List recon_name="Acrocanthosaurus_atokensis,Allosaurus_fragilis,Giganotosaurus_carolinii,Sinraptor_dongi" recon_no="55482;52962;54541;54821">Carnosauria</List>
		<List recon_name="Tyrannosaurus_rex" recon_no="54833">Tyrannosauroidea</List>
		<List recon_name="Archaeornithomimus_asiaticus,Dromiceiomimus_brevetertius,Gallimimus_bullatus,Ornithomimus_velox" recon_no="57276;57274;57265;57269">Ornithomimosauria</List>
		<List recon_name="Avimimus_portentosus,Caudipteryx_zoui,Microvenator_celer" recon_no="55489;66066;65860">Oviraptorosauria</List>
		<List recon_name="Alvarezsaurus_calvoi" recon_no="64775">Alvarezsauridae</List>
		<List recon_name="Deinonychus_antirrhopus,Velociraptor_mongoliensis" recon_no="54555;54554">Deinonychosauria</List>
		<List recon_name="Archaeopteryx_lithographica" recon_no="55487">Archaeopteryx</List>
		<List recon_name="Confuciusornis_sanctus" recon_no="67261">Confuciusornithidae</List>
		<List recon_name="Avisaurus_archibaldi" recon_no="64064">Enantiornithes</List>
		<List recon_name="Patagopteryx_deferrariisi" recon_no="68529">Patagopteryx</List>
		<List recon_name="Apsaravis_ukhaana" recon_no="58898">Apsaravis</List>
		<List recon_name="Hesperornis_regalis" recon_no="96488">Hesperornithiformes</List>
		<List recon_name="Ichthyornis_dispar" recon_no="54877">Ichthyornis</List>
		<List recon_name="Casuarius_casuarius,Eudromia_elegans,Struthio_camelus" recon_no="399809;399853;223891">Paleognathae</List>
		<List recon_name="Anas_platyrhynchos,Cariama_cristata,Columba_livia,Cygnus_olor,Gallus_gallus,Lophura_ignita,Meleagris_gallopavo,Numida_meleagris,Pavo_cristatus" recon_no="83434;367992;94497;379183;368033;417176;110952;372652;415633">Neognathae</List>
	</Taxa>
	<Characters>
		<Molecular/>
		<Morphological number="100">
			<Type>Osteology</Type>
		</Morphological>
		<Behavioural/>
		<Other/>
	</Characters>
	<Analysis>
		<Type>Maximum Parsimony</Type>
	</Analysis>
	<Notes>Based on reanalysis of the original matrix.</Notes>
	<Filename>Hutchinson_2002a</Filename>
	<Parent/>
	<Sibling/>
</SourceTree>
