<?xml version="1.0" standalone="yes"?>
<SourceTree>
	<Source>
		<Author>
			<List>Hutchinson, J. R.</List>
		</Author>
		<Year>2001</Year>
		<Title>The evolution of femoral osteology and soft tissues on the line to extant birds (Neornithes)</Title>
		<Journal>Zoological Journal of the Linnean Society</Journal>
		<Volume>131</Volume>
		<Pages>169-197</Pages>
		<Booktitle/>
		<Publisher/>
		<City/>
		<Editor/>
	</Source>
	<Taxa number="47">
		<List recon_name="Varanus_komodoensis" recon_no="374206">Lepidosauromorpha</List>
		<List recon_name="Hyperodapedon_gordoni" recon_no="146404">Rhynchosauria</List>
		<List recon_name="Trilophosaurus_buettneri" recon_no="64922">Trilophosaurus</List>
		<List recon_name="Proterosuchus_fergusi" recon_no="184525">Proterosuchidae</List>
		<List recon_name="Erythrosuchus_africanus" recon_no="163009">Erythrosuchidae</List>
		<List recon_name="Doswellia_kaltenbachi" recon_no="94382">Doswellia</List>
		<List recon_name="Euparkeria_capensis" recon_no="99170">Euparkeria</List>
		<List recon_name="Chanaresuchus_bonapartei" recon_no="80890">Proterochampsidae</List>
		<List recon_name="Riojasuchus_tenuisceps" recon_no="66677">Ornithosuchidae</List>
		<List recon_name="Rutiodon_carolinensis" recon_no="64947">Parasuchia</List>
		<List recon_name="Aetosauroides_scagliai,Stagonolepis_robertsoni,Typothorax_coccinarum" recon_no="157037;119075;64940">Aetosauria</List>
		<List recon_name="Postosuchus_kirkpatricki" recon_no="69074">Rauisuchidae</List>
		<List recon_name="Poposaurus_gracilis" recon_no="69076">Poposauridae</List>
		<List recon_name="Sphenosuchus_acutus" recon_no="56653">basal_Crocodylomorpha</List>
		<List recon_name="Notosuchus_terrestris" recon_no="192075">basal_Crocodyliformes</List>
		<List recon_name="Alligator_mississippiensis" recon_no="110824">Crocodylia</List>
		<List recon_name="Anhanguera_piscator,Dimorphodon_macronyx,Dsungaripterus_weii,Nyctosaurus_gracilis,Pteranodon_longiceps,Pterodaustro_guinazui,Quetzalcoatlus_sp_TMM_41544_dash_14_slash_22_et_41954_dash_5_et_41954_dash_62_et_41961_dash_1_et_42161_dash_1_et_42422_dash_30_et_42161_dash_2" recon_no="156885;95810;100403;161231;52932;156857;38504">Pterosauromorpha</List>
		<List recon_name="Lagerpeton_chanarensis" recon_no="66341">Lagerpeton</List>
		<List recon_name="Lagosuchus_lilloensis" recon_no="53206">Lagosuchus</List>
		<List recon_name="Lewisuchus_admixtus" recon_no="67917">Lewisuchus</List>
		<List recon_name="Eoraptor_lunensis" recon_no="57454">Eoraptor</List>
		<List recon_name="Herrerasaurus_ischigualastensis" recon_no="55000">Herrerasauridae</List>
		<List recon_name="Coelophysis_bauri,Syntarsus_kayentakatae" recon_no="55477;55540">Coelophysoidea</List>
		<List recon_name="Carnotaurus_sastrei" recon_no="54526">Ceratosauria</List>
		<List recon_name="Dilophosaurus_wetherilli" recon_no="57251">basal_Tetanurae_1</List>
		<List recon_name="Lesothosaurus_diagnosticus" recon_no="57574">Ornithischia</List>
		<List recon_name="Guaibasaurus_candelariensis,Massospondylus_carinatus,Plateosaurus_engelhardti" recon_no="66571;56595;56683">Sauropodomorpha</List>
		<List recon_name="Alxasaurus_elesitaiensis" recon_no="64126">Therizinosauroidea</List>
		<List recon_name="Afrovenator_abakensis,Piatnitzkysaurus_floresi" recon_no="56399;54827">basal_Tetanurae_2</List>
		<List recon_name="Acrocanthosaurus_atokensis,Allosaurus_fragilis,Giganotosaurus_carolinii,Sinraptor_dongi" recon_no="55482;52962;54541;54821">Carnosauria</List>
		<List recon_name="Mirischia_asymmetrica" recon_no="58896">basal_Coelurosauria</List>
		<List recon_name="Tyrannosaurus_rex" recon_no="54833">Tyrannosauridae</List>
		<List recon_name="Archaeornithomimus_asiaticus,Dromiceiomimus_brevetertius,Gallimimus_bullatus,Ornithomimus_velox" recon_no="57276;57274;57265;57269">Ornithomimosauria</List>
		<List recon_name="Avimimus_portentosus,Caudipteryx_zoui,Microvenator_celer" recon_no="55489;66066;65860">Oviraptorosauria</List>
		<List recon_name="Alvarezsaurus_calvoi" recon_no="64775">Alvarezsauridae</List>
		<List recon_name="Deinonychus_antirrhopus,Velociraptor_mongoliensis" recon_no="54555;54554">Deinonychosauria</List>
		<List recon_name="Unenlagia_comahuensis" recon_no="65422">Unenlagia</List>
		<List recon_name="Archaeopteryx_lithographica" recon_no="55487">Archaeopteryx</List>
		<List recon_name="Saurornithoides_mongoliensis,Sinornithoides_youngi,Troodon_formosus" recon_no="54470;64145;54818">Troodontidae</List>
		<List recon_name="Rahonavis_ostromi" recon_no="64133">Rahonavis</List>
		<List recon_name="Confuciusornis_sanctus" recon_no="67261">Confuciusornithidae</List>
		<List recon_name="Avisaurus_archibaldi" recon_no="64064">Enantiornithes</List>
		<List recon_name="Patagopteryx_deferrariisi" recon_no="68529">Patagopteryx</List>
		<List recon_name="Hesperornis_regalis" recon_no="96488">Hesperornithiformes</List>
		<List recon_name="Ichthyornis_dispar" recon_no="54877">Ichthyornithiformes</List>
		<List recon_name="Struthio_camelus" recon_no="223891">Paleognathae</List>
		<List recon_name="Gavia_immer,Larus_marinus,Meleagris_gallopavo,Mergus_merganser,Phalacrocorax_carbo,Tyto_alba" recon_no="133768;373629;110952;336064;336370;368069">Neognathae</List>
	</Taxa>
	<Characters>
		<Molecular/>
		<Morphological number="21">
			<Type>Osteology</Type>
		</Morphological>
		<Behavioural/>
		<Other/>
	</Characters>
	<Analysis>
		<Type>Maximum Parsimony</Type>
	</Analysis>
	<Notes>Based on reanalysis of the original matrix.</Notes>
	<Filename>Hutchinson_2001a</Filename>
	<Parent/>
	<Sibling/>
</SourceTree>
