<?xml version="1.0" standalone="yes"?>
<SourceTree>
	<Source>
		<Author>
			<List>James, F. C.</List>
			<List>Pourtless, J. A.</List>
		</Author>
		<Year>2009</Year>
		<Title>Cladistics and the origin of birds: a review and two new analyses</Title>
		<Journal>Ornithological Monographs</Journal>
		<Volume>66</Volume>
		<Pages>1-78</Pages>
		<Booktitle/>
		<Publisher/>
		<City/>
		<Editor/>
	</Source>
	<Taxa number="79">
		<List recon_name="Alligator_mississippiensis" recon_no="110824">Alligator</List>
		<List recon_name="Dibothrosuchus_elaphros" recon_no="118240">Dibrothosuchus</List>
		<List recon_name="Erpetosuchus_granti" recon_no="55572">Erpetosuchus</List>
		<List recon_name="Hesperosuchus_agilis" recon_no="69077">Hesperosuchus</List>
		<List recon_name="Scleromochlus_taylori" recon_no="63718">Scleromochlus</List>
		<List recon_name="Marasuchus_lilloensis" recon_no="66342">Marasuchus</List>
		<List recon_name="Eoraptor_lunensis" recon_no="57454">Eoraptor</List>
		<List recon_name="Herrerasaurus_ischigualastensis" recon_no="55000">Herrerasaurus</List>
		<List recon_name="Ceratosaurus_nasicornis" recon_no="54165">Ceratosaurus</List>
		<List recon_name="Dilophosaurus_wetherilli" recon_no="57251">Dilophosaurus</List>
		<List recon_name="Syntarsus_kayentakatae,Syntarsus_rhodesiensis" recon_no="55540;55541">Syntarsus</List>
		<List recon_name="Allosaurus_fragilis" recon_no="52962">Allosaurus</List>
		<List recon_name="Sinraptor_dongi" recon_no="54821">Sinraptor</List>
		<List recon_name="Tyrannosaurus_rex" recon_no="54833">Tyrannosaurus</List>
		<List recon_name="Coelurus_fragilis" recon_no="52986">Coelurus</List>
		<List recon_name="Falcarius_utahensis" recon_no="65780">Falcarius</List>
		<List recon_name="Juravenator_starki" recon_no="72321">Juravenator</List>
		<List recon_name="Microvenator_celer" recon_no="65860">Microvenator</List>
		<List recon_name="Ornitholestes_hermanni" recon_no="55484">Ornitholestes</List>
		<List recon_name="Sinosauropteryx_prima" recon_no="54549">Sinosauropteryx</List>
		<List recon_name="Archaeopteryx_lithographica" recon_no="55487">Archaeopteryx</List>
		<List recon_name="Bambiraptor_feinbergi" recon_no="82048">Bambiraptor</List>
		<List recon_name="Confuciusornis_sanctus" recon_no="67261">Confuciusornis</List>
		<List recon_name="Deinonychus_antirrhopus" recon_no="54555">Deinonychus</List>
		<List recon_name="Dromaeosaurus_albertensis" recon_no="54550">Dromaeosaurus</List>
		<List recon_name="Jeholornis_prima" recon_no="119247">Jeholornis</List>
		<List recon_name="Longisquama_insignis" recon_no="197349">Longisquama</List>
		<List recon_name="Microraptor_zhaoianus" recon_no="68239">Microraptor</List>
		<List recon_name="Rahonavis_ostromi" recon_no="64133">Rahonavis</List>
		<List recon_name="Sapeornis_chaoyangensis" recon_no="119249">Sapeornis</List>
		<List recon_name="Sinornithosaurus_millenii" recon_no="68205">Sinornithosaurus</List>
		<List recon_name="Unenlagia_comahuensis" recon_no="65422">Unenlagia</List>
		<List recon_name="Velociraptor_mongoliensis" recon_no="54554">Velociraptor</List>
		<List recon_name="Nothronychus_mckinleyi" recon_no="66508">Nothronychus</List>
		<List recon_name="Alxasaurus_elesitaiensis" recon_no="64126">Alxasaurus</List>
		<List recon_name="Erlikosaurus_andrewsi" recon_no="66667">Erlikosaurus</List>
		<List recon_name="Eoenantiornis_buhleri" recon_no="119311">Eoenantiornis</List>
		<List recon_name="Sinornis_santensis" recon_no="137389">Sinornis</List>
		<List recon_name="Hongshanornis_longicresta" recon_no="119299">Hongshanornis</List>
		<List recon_name="Yanornis_martini" recon_no="119337">Yanornis</List>
		<List recon_name="Apsaravis_ukhaana" recon_no="58898">Apsaravis</List>
		<List recon_name="Baptornis_advenus" recon_no="52957">Baptornis</List>
		<List recon_name="Enaliornis_barretti" recon_no="67052">Enaliornis</List>
		<List recon_name="Patagopteryx_deferrariisi" recon_no="68529">Patagopteryx</List>
		<List recon_name="Gansus_yumenensis" recon_no="82617">Gansus</List>
		<List recon_name="Ichthyornis_dispar" recon_no="54877">Ichthyornis</List>
		<List recon_name="Iberomesornis_romerali" recon_no="65831">Iberomesornis</List>
		<List recon_name="Protopteryx_fengningensis" recon_no="91349">Protopteryx</List>
		<List recon_name="Avimimus_portentosus" recon_no="55489">Avimimus</List>
		<List recon_name="Pelecanimimus_polyodon" recon_no="64118">Pelecanimimus</List>
		<List recon_name="Mononykus_olecranus" recon_no="67288">Mononykus</List>
		<List recon_name="Shuvuuia_deserti" recon_no="66044">Shuvuuia</List>
		<List recon_name="Byronosaurus_jaffei" recon_no="57020">Byronosaurus</List>
		<List recon_name="Sinovenator_changii" recon_no="64889">Sinovenator</List>
		<List recon_name="Sinornithoides_youngi" recon_no="64145">Sinornithoides</List>
		<List recon_name="Saurornithoides_mongoliensis" recon_no="54470">Saurornithoides</List>
		<List recon_name="Troodon_formosus" recon_no="54818">Troodon</List>
		<List recon_name="Caudipteryx_zoui" recon_no="66066">Caudipteryx</List>
		<List recon_name="Incisivosaurus_gauthieri" recon_no="64891">Incisivosaurus</List>
		<List recon_name="Heyuannia_huangi" recon_no="68048">Heyuannia</List>
		<List recon_name="Ingenia_yanshani" recon_no="96513">Ingenia</List>
		<List recon_name="Oviraptor_philoceratops" recon_no="55488">Oviraptor</List>
		<List recon_name="Citipati_sp_IGM_100_42" recon_no="57023">Citipati</List>
		<List recon_name="Conchoraptor_gracilis" recon_no="67259">Conchoraptor</List>
		<List recon_name="Compsognathus_longipes" recon_no="53007">Compsognathus</List>
		<List recon_name="Huaxiagnathus_orientalis" recon_no="68221">Huaxiagnathus</List>
		<List recon_name="Dilong_paradoxus" recon_no="58836">Dilong</List>
		<List recon_name="Guanlong_wucaii" recon_no="71191">Guanlong</List>
		<List recon_name="Effigia_okeeffeae" recon_no="70615">Effigia</List>
		<List recon_name="Sinornithomimus_dongi" recon_no="68342">Sinornithomimus</List>
		<List recon_name="Gallimimus_bullatus" recon_no="57265">Gallimimus</List>
		<List recon_name="Harpymimus_okladnikovi" recon_no="66670">Harpymimus</List>
		<List recon_name="Erythrosuchus_africanus" recon_no="163009">Erythrosuchus</List>
		<List recon_name="Euparkeria_capensis" recon_no="99170">Euparkeria</List>
		<List recon_name="Proterosuchus_fergusi" recon_no="184525">Proterosuchus</List>
		<List recon_name="Ornithosuchus_woodwardi" recon_no="55573">Ornithosuchus</List>
		<List recon_name="Postosuchus_kirkpatricki" recon_no="69074">Postosuchus</List>
		<List recon_name="Sphenosuchus_acutus" recon_no="56653">Sphenosuchus</List>
		<List recon_name="Terrestrisuchus_gracilis" recon_no="184613">Terrestrisuchus</List>
	</Taxa>
	<Characters>
		<Molecular/>
		<Morphological number="242">
			<Type>Osteology</Type>
		</Morphological>
		<Behavioural/>
		<Other/>
	</Characters>
	<Analysis>
		<Type>Maximum Parsimony</Type>
	</Analysis>
	<Notes>Based on reanalysis of the original matrix.</Notes>
	<Filename>James_et_Pourtless_2009aa</Filename>
	<Parent>Hwang_etal_2002a</Parent>
	<Sibling/>
</SourceTree>
