<?xml version="1.0" standalone="yes"?>
<SourceTree>
	<Source>
		<Author>
			<List>Juul, L.</List>
		</Author>
		<Year>1994</Year>
		<Title>The phylogeny of basal archosaurs</Title>
		<Journal>Palaeontologia Africana</Journal>
		<Volume>31</Volume>
		<Pages>1-38</Pages>
		<Booktitle/>
		<Publisher/>
		<City/>
		<Editor/>
	</Source>
	<Taxa number="20">
		<List recon_name="Prolacerta_broomi" recon_no="138933">Prolacerta</List>
		<List recon_name="Youngina_capensis" recon_no="77037">Youngina</List>
		<List recon_name="Hyperodapedon_huxleyi,Hyperodapedon_gordoni" recon_no="100723;146404">Rhynchosauria</List>
		<List recon_name="Proterosuchus_fergusi" recon_no="184525">Proterosuchus</List>
		<List recon_name="Arizonasaurus_babbitti,Cuyosuchus_huenei,Erythrosuchus_africanus,Garjainia_prima,Shansisuchus_shansisuchus,Vjushkovia_sinensis,Vjushkovia_triplicostata" recon_no="55052;200146;163009;200145;174032;100517;96153">Erythrosuchidae</List>
		<List recon_name="Euparkeria_capensis" recon_no="99170">Euparkeria</List>
		<List recon_name="Cerritosaurus_binsfeldi,Chanaresuchus_bonapartei,Gualosuchus_reigi,Proterochampsa_barrionuevoi" recon_no="333704;80890;80891;333703">Proterochampsidae</List>
		<List recon_name="Parasuchus_hislopi,Rutiodon_carolinensis" recon_no="159217;64947">Parasuchia</List>
		<List recon_name="Ornithosuchus_longidens,Riojasuchus_tenuisceps,Venaticosuchus_rusconii" recon_no="146398;66677;269820">Ornithosuchidae</List>
		<List recon_name="Saurosuchus_galilei" recon_no="119066">Crocodylomorpha</List>
		<List recon_name="Gracilisuchus_stipanicicorum" recon_no="80900">Gracilisuchus</List>
		<List recon_name="Postosuchus_kirkpatricki" recon_no="69074">Postosuchus</List>
		<List recon_name="Stagonolepis_robertsoni,Aetosaurus_ferratus" recon_no="119075;156403">Stagonolepidae</List>
		<List recon_name="Prestosuchus_chiniquensis,Ticinosuchus_ferox,Saurosuchus_galilei" recon_no="100831;119065;119066">Prestosuchidae</List>
		<List recon_name="Anurognathus_ammoni,Campylognathoides_liasicus,Dimorphodon_macronyx,Dorygnathus_banthensis,Eudimorphodon_ranzii,Peteinosaurus_zambelli,Preondactylus_buffarinii,Rhamphorhynchus_muensteri,Scaphognathus_crassirostris" recon_no="164695;156110;95810;92103;131614;163056;131642;95813;164694">Pterosauria</List>
		<List recon_name="Lagosuchus_talampayensis,Lagosuchus_lilloensis" recon_no="53208;53206">Lagosuchus</List>
		<List recon_name="Heterodontosaurus_tucki,Hypsilophodon_foxii,Lesothosaurus_diagnosticus,Scelidosaurus_harrisonii,Scutellosaurus_lawleri" recon_no="52902;54190;57574;53042;67088">Ornithischia</List>
		<List recon_name="Ammosaurus_major,Anchisaurus_polyzelus,Barapasaurus_tagorei,Efraasia_minor,Lufengosaurus_huenei,Massospondylus_carinatus,Plateosaurus_engelhardti,Riojasaurus_incertus,Thecodontosaurus_antiquus,Vulcanodon_karibaensis" recon_no="54161;64382;55547;91403;56597;56595;56683;56585;56627;54979">Sauropodomorpha</List>
		<List recon_name="Herrerasaurus_ischigualastensis" recon_no="55000">Herrerasaurus</List>
		<List recon_name="Acrocanthosaurus_atokensis,Adasaurus_mongoliensis,Albertosaurus_lancensis,Albertosaurus_libratus,Albertosaurus_sarcophagus,Alectrosaurus_olseni,Alioramus_remotus,Allosaurus_fragilis,Archaeopteryx_lithographica,Archaeornithomimus_asiaticus,Ceratosaurus_nasicornis,Coelophysis_bauri,Coelophysis_rhodesiensis,Daspletosaurus_torosus,Deinocheirus_mirificus,Deinonychus_antirrhopus,Dilophosaurus_wetherilli,Dromaeosaurus_albertensis,Dromiceiomimus_brevitertius,Dromiceiomimus_samueli,Dryptosaurus_aquilunguis,Elaphrosaurus_bambergi,Gallimimus_bullatus,Garudimimus_brevipes,Indosaurus_matleyi,Indosuchus_raptorius,Ingenia_yanshini,Ornithomimus_edmontonicus,Ornithomimus_sedens,Ornithomimus_velox,Sarcosaurus_woodi,Saurornithoides_junior,Saurornithoides_mongoliensis,Segisaurus_halli,Struthiomimus_altus,Tarbosaurus_bataar,Troodon_formosus,Tyrannosaurus_rex,Velociraptor_mongoliensis" recon_no="55482;57261;57257;57255;56319;57253;57259;52962;55487;57276;54165;55477;67921;57258;57246;54555;57251;54550;66907;57272;53030;55481;57265;57267;54099;53958;57022;63438;54235;57269;57252;57262;54470;55543;57266;57254;54818;54833;54554">Ceratosauria_and_Tetanurae</List>
	</Taxa>
	<Characters>
		<Molecular/>
		<Morphological number="74">
			<Type>Osteology</Type>
		</Morphological>
		<Behavioural/>
		<Other/>
	</Characters>
	<Analysis>
		<Type>Maximum Parsimony</Type>
	</Analysis>
	<Notes>Based on reanalysis of the original matrix.</Notes>
	<Filename>Juul_1994a</Filename>
	<Parent/>
	<Sibling/>
</SourceTree>
