<?xml version="1.0" standalone="yes"?>
<SourceTree>
	<Source>
		<Author>
			<List>Kellner, A. W. A.</List>
			<List>de Azevedo, S. A. K.</List>
		</Author>
		<Year>1999</Year>
		<Title>A new sauropod dinosaur (Titanosauria) from the Late Cretaceous of Brazil</Title>
		<Journal>National Science Museum Monographs</Journal>
		<Volume>15</Volume>
		<Pages>111-142</Pages>
		<Booktitle>Proceedings of the Second Gondwanan Dinosaur Symposium</Booktitle>
		<Publisher>National Science Museum</Publisher>
		<City>Tokyo</City>
		<Editor>
			<List>Tomida, Y.</List>
			<List>Rich, T. H.</List>
			<List>Vickers-Rich, P.</List>
		</Editor>
	</Source>
	<Taxa number="19">
		<List recon_name="Eoraptor_lunensis,Herrerasaurus_ischigualastensis" recon_no="57454;55000">Theropoda</List>
		<List recon_name="Lufengosaurus_magnus,Massospondylus_carinatus,Plateosaurus_engelhardti,Riojasaurus_incertus" recon_no="64306;56595;56683;56585">Prosauropoda</List>
		<List recon_name="Vulcanodon_karibaensis" recon_no="54979">Vulcanodon_caribaensis</List>
		<List recon_name="Barapasaurus_tagorei" recon_no="55547">Barapasaurus_tagorei</List>
		<List recon_name="Rayososaurus_agrioensis,Rayososaurus_tessonei,Amphicoelias_altus,Amargasaurus_cazaui,Dicraeosaurus_hansemanni,Apatosaurus_ajax,Barosaurus_lentus,Diplodocus_longus" recon_no="71351;70642;53181;53962;65941;52958;54166;52920">Diplodocidae</List>
		<List recon_name="Aragosaurus_ischiaticus,Camarasaurus_alenquerensis,Camarasaurus_grandis,Camarasaurus_lentus,Camarasaurus_lewisi,Camarasaurus_supremus,Chondrosteosaurus_gigas,Euhelopus_zdanskyi,Tienshanosaurus_chitaiensis" recon_no="70637;65940;67181;71837;67988;54168;66731;54868;54866">Camarasauridae</List>
		<List recon_name="Brachiosaurus_brancai" recon_no="64501">Brachiosaurus_brancai</List>
		<List recon_name="Chubutisaurus_insignis" recon_no="53963">Chubutisaurus_insignis</List>
		<List recon_name="Andesaurus_delgadoi" recon_no="58918">Andesaurus_delgadoi</List>
		<List recon_name="Epachthosaurus_sciuttoi" recon_no="57467">Epachtosaurus_sciuttoi</List>
		<List recon_name="Malawisaurus_dixeyi" recon_no="57458">Malawisaurus_dixeyi</List>
		<List recon_name="Gondwanatitan_faustoi" recon_no="66574">Gondwanatitan_faustoi</List>
		<List recon_name="Argentinosaurus_huinculensis" recon_no="66646">Argentinosaurus_huinculensis</List>
		<List recon_name="Opisthocoelicaudia_skarzynskii" recon_no="57335">Opisthocoelicaudia_skarznskii</List>
		<List recon_name="Trigonosaurus_pricei" recon_no="85461">Titanosaurinae_indet</List>
		<List recon_name="Aeolosaurus_rionegrinus" recon_no="58847">Aeoloasurus</List>
		<List recon_name="Alamosaurus_sanjuanensis" recon_no="63399">Alamosaurus_sanjuanensis</List>
		<List recon_name="Neuquensaurus_australis" recon_no="64315">Neuquensaurus_australis</List>
		<List recon_name="Saltasaurus_loricatus" recon_no="58838">Saltasaurus_loricattus</List>
	</Taxa>
	<Characters>
		<Molecular/>
		<Morphological number="38">
			<Type>Osteology</Type>
		</Morphological>
		<Behavioural/>
		<Other/>
	</Characters>
	<Analysis>
		<Type>Maximum Parsimony</Type>
	</Analysis>
	<Notes>Based on reanalysis of the original matrix.</Notes>
	<Filename>Kellner_et_de_Azevedo_1999a</Filename>
	<Parent>Salgado_etal_1997a</Parent>
	<Sibling/>
</SourceTree>
