<?xml version="1.0" standalone="yes"?>
<SourceTree>
	<Source>
		<Author>
			<List>Kim, H. M.</List>
			<List>Gishlick, A. D.</List>
			<List>Tsuihiji, T.</List>
		</Author>
		<Year>2005</Year>
		<Title>The first non-avian maniraptoran skeletal remains from the Lower Cretaceous of Korea</Title>
		<Journal>Cretaceous Research</Journal>
		<Volume>26</Volume>
		<Pages>299-306</Pages>
		<Booktitle/>
		<Publisher/>
		<City/>
		<Editor/>
	</Source>
	<Taxa number="17">
		<List recon_name="Herrerasaurus_ischigualastensis" recon_no="55000">Herrerasauridae</List>
		<List recon_name="Coelophysis_bauri" recon_no="55477">Coelophysoidea</List>
		<List recon_name="Ceratosaurus_nasicornis" recon_no="54165">Ceratosauria</List>
		<List recon_name="Cryolophosaurus_ellioti" recon_no="64372">basal_Tetanurae1</List>
		<List recon_name="Cryolophosaurus_ellioti" recon_no="64372">basal_Tetanurae2</List>
		<List recon_name="Allosaurus_fragilis" recon_no="52962">Carnosauria</List>
		<List recon_name="Coelurus_fragilis" recon_no="52986">basal_Coelurosauria</List>
		<List recon_name="Tyrannosaurus_rex" recon_no="54833">Tyrannosauridae</List>
		<List recon_name="Ornithomimus_tenuis" recon_no="57594">Ornithomimosauria</List>
		<List recon_name="Oviraptor_philoceratops" recon_no="55488">Oviraptorosauria</List>
		<List recon_name="Alvarezsaurus_calvoi" recon_no="64775">Alvarezsauridae</List>
		<List recon_name="Deinonychus_antirrhopus" recon_no="54555">Deinonychosauria</List>
		<List recon_name="Archaeopteryx_lithographica" recon_no="55487">Archaeopteryx</List>
		<List recon_name="Dromaeosauridae_indet_DGBU_78" recon_no="38561">DGBU_dash_78</List>
		<List recon_name="Troodon_formosus" recon_no="54818">Troodontidae</List>
		<List recon_name="Rahonavis_ostromi" recon_no="64133">Rahonavis</List>
		<List recon_name="Vegavis_iaai" recon_no="81024">Neognathae</List>
	</Taxa>
	<Characters>
		<Molecular/>
		<Morphological number="21">
			<Type>Osteology</Type>
		</Morphological>
		<Behavioural/>
		<Other/>
	</Characters>
	<Analysis>
		<Type>Maximum Parsimony</Type>
	</Analysis>
	<Notes>Based on reanalysis of the original matrix.</Notes>
	<Filename>Kim_etal_2005a</Filename>
	<Parent>Hutchinson_2001a</Parent>
	<Sibling/>
</SourceTree>
