<?xml version="1.0" standalone="yes"?>
<SourceTree>
	<Source>
		<Author>
			<List>Kirkland, J. I.</List>
			<List>Zanno, L. E.</List>
			<List>Sampson, S. D.</List>
			<List>Clark, J. M.</List>
			<List>Deblieux, D. D.</List>
		</Author>
		<Year>2005</Year>
		<Title>A primitive therizinosauroid dinosaur from the Early Cretaceous of Utah</Title>
		<Journal>Nature</Journal>
		<Volume>435</Volume>
		<Pages>84-87</Pages>
		<Booktitle/>
		<Publisher/>
		<City/>
		<Editor/>
	</Source>
	<Taxa number="58">
		<List recon_name="Allosaurus_fragilis" recon_no="52962">Allosaurus</List>
		<List recon_name="Sinraptor_dongi" recon_no="54821">Sinraptor</List>
		<List recon_name="Ornitholestes_hermanni" recon_no="55484">Ornitholestes</List>
		<List recon_name="Ingenia_yanshani" recon_no="96513">Ingenia</List>
		<List recon_name="Oviraptor_mongoliensis" recon_no="57021">Oviraptor_ms</List>
		<List recon_name="Oviraptor_philoceratops" recon_no="55488">Oviraptor_p</List>
		<List recon_name="Conchoraptor_gracilis" recon_no="67259">Conchoraptor</List>
		<List recon_name="Chirostenotes_pergracilis" recon_no="54561">Chirostenotes</List>
		<List recon_name="Microvenator_celer" recon_no="65860">Microvenator</List>
		<List recon_name="Avimimus_portentosus" recon_no="55489">Avimimus</List>
		<List recon_name="Caudipteryx_zoui" recon_no="66066">Caudipteryx</List>
		<List recon_name="Citipati_osmolskae" recon_no="57024">Citipati</List>
		<List recon_name="Incisivosaurus_gauthieri" recon_no="64891">Incisivosaurus</List>
		<List recon_name="Falcarius_utahensis" recon_no="65780">Falcarius</List>
		<List recon_name="Segnosaurus_galbinensis" recon_no="66664">Segnosaurus</List>
		<List recon_name="Erlikosaurus_andrewsi" recon_no="66667">Erlikosaurus</List>
		<List recon_name="Alxasaurus_elesitaiensis" recon_no="64126">Alxasaurus</List>
		<List recon_name="Beipiaosaurus_inexpectus" recon_no="68241">Beipiaosaurus</List>
		<List recon_name="Nothronychus_mckinleyi" recon_no="66508">Nothronychus</List>
		<List recon_name="Rahonavis_ostromi" recon_no="64133">Rahonavis</List>
		<List recon_name="Sinornithosaurus_millenii" recon_no="68205">Sinornithosaurus</List>
		<List recon_name="Microraptor_zhaoianus" recon_no="68239">Microraptor</List>
		<List recon_name="Dromaeosaurus_albertensis" recon_no="54550">Dromaeosaurus</List>
		<List recon_name="Deinonychus_antirrhopus" recon_no="54555">Deinonychus</List>
		<List recon_name="Velociraptor_mongoliensis" recon_no="54554">Velociraptor</List>
		<List recon_name="Unenlagia_comahuensis" recon_no="65422">Unenlagia</List>
		<List recon_name="Utahraptor_ostrommaysi" recon_no="66450">Utahraptor</List>
		<List recon_name="Saurornitholestes_langstoni" recon_no="54556">Saurornitholestes</List>
		<List recon_name="Achillobator_giganticus" recon_no="68418">Achillobator</List>
		<List recon_name="Tsaagan_mangas" recon_no="90550">Ukhaa_dromaeosaur</List>
		<List recon_name="Adasaurus_mongoliensis" recon_no="57261">Adasaurus</List>
		<List recon_name="Archaeopteryx_lithographica" recon_no="55487">Archeopteryx</List>
		<List recon_name="Confuciusornis_sanctus" recon_no="67261">Confuciusornis</List>
		<List recon_name="Sinovenator_changii" recon_no="64889">Sinovenator</List>
		<List recon_name="Troodontidae_indet_IGM_100_44" recon_no="54468">Ek_troodontid</List>
		<List recon_name="Byronosaurus_jaffei" recon_no="57020">Byronosaurus</List>
		<List recon_name="Sinornithoides_youngi" recon_no="64145">Sinornithoides</List>
		<List recon_name="Troodon_formosus" recon_no="54818">Troodon</List>
		<List recon_name="Saurornithoides_mongoliensis" recon_no="54470">Saurornithoides_m</List>
		<List recon_name="Saurornithoides_junior" recon_no="57262">Saurornithoides_j</List>
		<List recon_name="Alvarezsaurus_calvoi" recon_no="64775">Alvarezsaurus</List>
		<List recon_name="Patagonykus_puertai" recon_no="64773">Patagonykus</List>
		<List recon_name="Mononykus_olecranus" recon_no="67288">Mononykus</List>
		<List recon_name="Shuvuuia_deserti" recon_no="66044">Shuuvuia</List>
		<List recon_name="Huaxiagnathus_orientalis" recon_no="68221">Huaxiagnathus</List>
		<List recon_name="Sinosauropteryx_prima" recon_no="54549">Sinosauropteryx</List>
		<List recon_name="Compsognathus_longipes" recon_no="53007">Compsognathus</List>
		<List recon_name="Pelecanimimus_polyodon" recon_no="64118">Pelecanimimus</List>
		<List recon_name="Shenzhousaurus_orientalis" recon_no="68334">Shenzhousaurus</List>
		<List recon_name="Harpymimus_okladnikovi" recon_no="66670">Harpymimus</List>
		<List recon_name="Garudimimus_brevipes" recon_no="57267">Garudimimus</List>
		<List recon_name="Struthiomimus_altus" recon_no="57266">Struthiomimus</List>
		<List recon_name="Gallimimus_bullatus" recon_no="57265">Gallimimus</List>
		<List recon_name="Ornithomimus_edmontonicus" recon_no="63438">Ornithomimus</List>
		<List recon_name="Archaeornithomimus_asiaticus" recon_no="57276">Archaeornithomimus</List>
		<List recon_name="Anserimimus_planinychus" recon_no="66672">Anserimimimus</List>
		<List recon_name="Tyrannosaurus_rex" recon_no="54833">Tyrannosaurus</List>
		<List recon_name="Albertosaurus_sarcophagus" recon_no="56319">Albertosaurus</List>
	</Taxa>
	<Characters>
		<Molecular/>
		<Morphological number="231">
			<Type>Osteology</Type>
		</Morphological>
		<Behavioural/>
		<Other/>
	</Characters>
	<Analysis>
		<Type>Maximum Parsimony</Type>
	</Analysis>
	<Notes>Based on reanalysis of the original matrix.</Notes>
	<Filename>Kirkland_etal_2005a</Filename>
	<Parent>Hwang_etal_2004a</Parent>
	<Sibling/>
</SourceTree>
