<?xml version="1.0" standalone="yes"?>
<SourceTree>
	<Source>
		<Author>
			<List>Kirkland, J. I.</List>
		</Author>
		<Year>1998</Year>
		<Title>A new hadrosaurid from the Upper Cedar Mountain Formation (Albian-Cenomanian: Cretaceous) of Eastern Utah - the oldest known hadrosaurid (lambeosaurine?)</Title>
		<Journal>Bulletin of the New Mexico Museum of Natural History &amp; Science</Journal>
		<Volume>14</Volume>
		<Pages>283-296</Pages>
		<Booktitle/>
		<Publisher/>
		<City/>
		<Editor/>
	</Source>
	<Taxa number="19">
		<List recon_name="DELETE" recon_no="0">OUTGROUP</List>
		<List recon_name="Iguanodon_bernissartensis" recon_no="58905">Iguanodon</List>
		<List recon_name="Ouranosaurus_nigeriensis" recon_no="52877">Ouranosaurus</List>
		<List recon_name="Probactrosaurus_gobiensis" recon_no="52878">Probactrosaurus</List>
		<List recon_name="Telmatosaurus_transsylvanicus" recon_no="68154">Telmatosaurus</List>
		<List recon_name="Gilmoreosaurus_mongoliensis" recon_no="64067">Gilmoreosaurus</List>
		<List recon_name="Gryposaurus_notabilis" recon_no="63251">Gryposaurus</List>
		<List recon_name="Maiasaura_peeblesorum" recon_no="55574">Maiasaura</List>
		<List recon_name="Brachylophosaurus_canadensis" recon_no="65213">Brachylophosaurus</List>
		<List recon_name="Edmontosaurus_regalis" recon_no="63254">Edmontosaurus</List>
		<List recon_name="Anatotitan_copei" recon_no="64302">Anatotitan</List>
		<List recon_name="Prosaurolophus_blackfeetensis,Prosaurolophus_maximus" recon_no="57631;53384">Prosaurolophus</List>
		<List recon_name="Saurolophus_angustirostris" recon_no="64295">Saurolophus</List>
		<List recon_name="Bactrosaurus_johnsoni" recon_no="57344">Bactrosaurus</List>
		<List recon_name="Eolambia_caroljonesa" recon_no="66500">Eolambia</List>
		<List recon_name="Parasaurolophus_cyrtocristatus,Parasaurolophus_tubicen,Parasaurolophus_walkeri" recon_no="66260;64355;63256">Parasaurolophus</List>
		<List recon_name="Lambeosaurus_lambei" recon_no="56724">Lambeosaurus</List>
		<List recon_name="Corythosaurus_casuarius" recon_no="56403">Corythosaurus</List>
		<List recon_name="Hypacrosaurus_altispinus,Hypacrosaurus_stebingeri" recon_no="56406;64339">Hypacrosaurus</List>
	</Taxa>
	<Characters>
		<Molecular/>
		<Morphological number="44">
			<Type>Osteology</Type>
		</Morphological>
		<Behavioural/>
		<Other/>
	</Characters>
	<Analysis>
		<Type>Maximum Parsimony</Type>
	</Analysis>
	<Notes>Based on reanalysis of the original matrix.</Notes>
	<Filename>Kirkland_1998a</Filename>
	<Parent/>
	<Sibling/>
</SourceTree>
