<?xml version="1.0" standalone="yes"?>
<SourceTree>
	<Source>
		<Author>
			<List>Kirkland, J. I.</List>
		</Author>
		<Year>1998</Year>
		<Title>A polacanthine ankylosaur (Ornithischia: Dinosauria) from the Early Cretaceous (Barremian) of Eastern Utah</Title>
		<Journal>Bulletin of the New Mexico Museum of Natural History &amp; Science</Journal>
		<Volume>14</Volume>
		<Pages>271-281</Pages>
		<Booktitle/>
		<Publisher/>
		<City/>
		<Editor/>
	</Source>
	<Taxa number="16">
		<List recon_name="Scelidosaurus_harrisonii" recon_no="53042">Scelidosaurus</List>
		<List recon_name="Minmi_paravertebrata" recon_no="64270">Minmi</List>
		<List recon_name="Shamosaurus_scutatus" recon_no="52795">Shamosaurus</List>
		<List recon_name="Mymoorapelta_maysi" recon_no="57683">Mymoorapelta</List>
		<List recon_name="Polacanthus_foxii,Polacanthus_rudgwickensis" recon_no="52785;66726">Polacanthus</List>
		<List recon_name="Gastonia_burgei" recon_no="63701">Gastonia</List>
		<List recon_name="Pawpawsaurus_campbelli" recon_no="55999">Pawpawsaurus</List>
		<List recon_name="Sauropelta_edwardsorum" recon_no="81248">Sauropelta</List>
		<List recon_name="Edmontonia_longiceps,Edmontonia_rugosidens" recon_no="63920;66027">Edmontonia</List>
		<List recon_name="Panoplosaurus_mirus" recon_no="52788">Panoplosaurus</List>
		<List recon_name="Tsagantegia_longicranialis" recon_no="68199">Tsagantegia</List>
		<List recon_name="Pinacosaurus_grangeri" recon_no="52911">Pinacosaurus</List>
		<List recon_name="Euoplocephalus_tutus" recon_no="63917">Euoplocephalus</List>
		<List recon_name="Ankylosaurus_magniventris" recon_no="52793">Ankylosaurus</List>
		<List recon_name="Saichania_chulsanensis" recon_no="52910">Saichania</List>
		<List recon_name="Tarchia_gigantea" recon_no="52905">Tarchia</List>
	</Taxa>
	<Characters>
		<Molecular/>
		<Morphological number="46">
			<Type>Osteology</Type>
		</Morphological>
		<Behavioural/>
		<Other/>
	</Characters>
	<Analysis>
		<Type>Maximum Parsimony</Type>
	</Analysis>
	<Notes>Based on reanalysis of the original matrix.</Notes>
	<Filename>Kirkland_1998b</Filename>
	<Parent/>
	<Sibling/>
</SourceTree>
