<?xml version="1.0" standalone="yes"?>
<SourceTree>
	<Source>
		<Author>
			<List>Knoll, F.</List>
		</Author>
		<Year>2008</Year>
		<Title>On the <em>Procompsognathus</em> postcranium (Late Triassic, Germany)</Title>
		<Journal>Geobios</Journal>
		<Volume>41</Volume>
		<Pages>779-786</Pages>
		<Booktitle/>
		<Publisher/>
		<City/>
		<Editor/>
	</Source>
	<Taxa number="6">
		<List recon_name="Ceratosaurus_nasicornis" recon_no="54165">Ceratosaurus</List>
		<List recon_name="Dilophosaurus_wetherilli" recon_no="57251">Dilophosaurus</List>
		<List recon_name="Liliensternus_liliensterni" recon_no="56379">Liliensternus</List>
		<List recon_name="Segisaurus_halli" recon_no="55543">Segisaurus</List>
		<List recon_name="Procompsognathus_triassicus" recon_no="56382">Procompsognathus</List>
		<List recon_name="Coelophysis_bauri" recon_no="55477">Coelophysis</List>
	</Taxa>
	<Characters>
		<Molecular/>
		<Morphological/>
		<Behavioural/>
		<Other number="21">
			<Type>Matrix Representation with Parsimony</Type>
		</Other>
	</Characters>
	<Analysis>
		<Type>Maximum Parsimony</Type>
	</Analysis>
	<Notes>Based on reanalysis of the original matrix.</Notes>
	<Filename>Knoll_2008a</Filename>
	<Parent/>
	<Sibling/>
</SourceTree>
