<?xml version="1.0" standalone="yes"?>
<SourceTree>
	<Source>
		<Author>
			<List>Kobayashi, Y.</List>
			<List>Lu, J.-C.</List>
		</Author>
		<Year>2003</Year>
		<Title>A new ornithomimid dinosaur with gregarious habits from the Late Cretaceous of China</Title>
		<Journal>Acta Palaeontologica Polonica</Journal>
		<Volume>48</Volume>
		<Pages>235-259</Pages>
		<Booktitle/>
		<Publisher/>
		<City/>
		<Editor/>
	</Source>
	<Taxa number="12">
		<List recon_name="Allosaurus_fragilis" recon_no="52962">Allosaurus</List>
		<List recon_name="Tyrannosaurus_rex,Albertosaurus_libratus,Daspletosaurus_torosus" recon_no="54833;57255;57258">Tyrannosaurids</List>
		<List recon_name="Pelecanimimus_polyodon" recon_no="64118">Pelecanimimus</List>
		<List recon_name="Harpymimus_okladnikovi" recon_no="66670">Harpymimus</List>
		<List recon_name="Garudimimus_brevipes" recon_no="57267">Garudimimus</List>
		<List recon_name="Archaeornithomimus_asiaticus" recon_no="57276">Archaeornithomimus</List>
		<List recon_name="Sinornithomimus_dongi" recon_no="68342">Sinornithomimus</List>
		<List recon_name="Anserimimus_planinychus" recon_no="66672">Anserimimus</List>
		<List recon_name="Gallimimus_bullatus,Gallimimus_sp_GIN_950818,Gallimimus_sp_GIN_100_slash_14" recon_no="57265;38547;38547">Gallimimus</List>
		<List recon_name="Struthiomimus_altus,Struthiomimus_sp_TMP_90_dot_26_dot_1" recon_no="57266;38545">Struthiomimus</List>
		<List recon_name="Dromiceiomimus_brevitertius,Dromiceiomimus_samueli" recon_no="66907;57272">Dromiceiomimus</List>
		<List recon_name="Ornithomimus_edmontonicus" recon_no="63438">Ornithomimus</List>
	</Taxa>
	<Characters>
		<Molecular/>
		<Morphological number="38">
			<Type>Osteology</Type>
		</Morphological>
		<Behavioural/>
		<Other/>
	</Characters>
	<Analysis>
		<Type>Maximum Parsimony</Type>
	</Analysis>
	<Notes>Based on reanalysis of the original matrix.</Notes>
	<Filename>Kobayashi_et_Lu_2003a</Filename>
	<Parent/>
	<Sibling/>
</SourceTree>
