<?xml version="1.0" standalone="yes"?>
<SourceTree>
	<Source>
		<Author>
			<List>Kobayashi, Y.</List>
			<List>Azuma, Y.</List>
		</Author>
		<Year>2003</Year>
		<Title>A new iguanodontian (Dinosauria: Ornithopoda) from the Lower Cretaceous Kitadani Formation of Fukui Prefecture, Japan</Title>
		<Journal>Journal of Vertebrate Paleontology</Journal>
		<Volume>23</Volume>
		<Pages>166-175</Pages>
		<Booktitle/>
		<Publisher/>
		<City/>
		<Editor/>
	</Source>
	<Taxa number="13">
		<List recon_name="Dryosaurus_altus" recon_no="54253">Dryosaurus</List>
		<List recon_name="Camptosaurus_dispar" recon_no="52880">Camptosaurus</List>
		<List recon_name="Iguanodon_bernissartensis" recon_no="58905">Iguanodon</List>
		<List recon_name="Ouranosaurus_nigeriensis" recon_no="52877">Ouranosaurus</List>
		<List recon_name="Fukuisaurus_tetoriensis" recon_no="68189">Fukuisaurus</List>
		<List recon_name="Altirhinus_kurzanovi" recon_no="58903">Altirhinus</List>
		<List recon_name="Probactrosaurus_gobiensis" recon_no="52878">Probactrosaurus</List>
		<List recon_name="Eolambia_caroljonesa" recon_no="66500">Eolambia</List>
		<List recon_name="Protohadros_byrdi" recon_no="64527">Protohadros</List>
		<List recon_name="Bactrosaurus_johnsoni" recon_no="57344">Bactrosaurus</List>
		<List recon_name="Telmatosaurus_transsylvanicus" recon_no="68154">Telmatosaurus</List>
		<List recon_name="Barsboldia_sicinskii,Corythosaurus_casuarius,Hypacrosaurus_altispinus,Jaxartosaurus_aralensis,Lambeosaurus_lambei,Lambeosaurus_magnicristatus,Lambeosaurus_laticaudus,Nipponosaurus_sachalinensis,Parasaurolophus_cyrtocristatus,Parasaurolophus_tubicen,Parasaurolophus_walkeri" recon_no="67253;56403;56406;65693;56724;65429;68200;56972;66260;64355;63256">Lambeosaurinae</List>
		<List recon_name="Anatotitan_copei,Aralosaurus_tuberiferus,Brachylophosaurus_canadensis,Brachylophosaurus_goodwini,Edmontosaurus_annectens,Edmontosaurus_regalis,Edmontosaurus_saskatchewanensis,Gryposaurus_notabilis,Hadrosaurus_foulkii,Hadrosaurus_notabilis,Kritosaurus_australis,Kritosaurus_incurivmanus,Kritosaurus_navajovius,Lophorhothon_atopus,Maiasaura_peeblesorum,Prosaurolophus_maximus,Saurolophus_angustirostris,Saurolophus_osborni,Shantungosaurus_giganteus" recon_no="64302;67547;65213;64297;64305;63254;64304;63251;52812;95941;66683;76760;53196;67215;55574;53384;64295;53386;69513">Hadrosaurinae</List>
	</Taxa>
	<Characters>
		<Molecular/>
		<Morphological number="23">
			<Type>Osteology</Type>
		</Morphological>
		<Behavioural/>
		<Other/>
	</Characters>
	<Analysis>
		<Type>Maximum Parsimony</Type>
	</Analysis>
	<Notes>Based on reanalysis of the original matrix.</Notes>
	<Filename>Kobayashi_et_Azuma_2003a</Filename>
	<Parent/>
	<Sibling/>
</SourceTree>
