<?xml version="1.0" standalone="yes"?>
<SourceTree>
	<Source>
		<Author>
			<List>Kurochkin, E. N.</List>
		</Author>
		<Year>1996</Year>
		<Title>A new enantiornithid of the Mongolian Late Cretaceous, and a general appraisal of the infraclass Enantiornithes (Aves)</Title>
		<Journal>Russian Academy of Sciences: Palaeontological Institute</Journal>
		<Volume> Moscow</Volume>
		<Pages>60pp</Pages>
		<Booktitle/>
		<Publisher/>
		<City/>
		<Editor/>
	</Source>
	<Taxa number="40">
		<List recon_name="Archaeopteryx_lithographica" recon_no="55487">Archaeornithes</List>
		<List recon_name="Noguerornis_gonzalezi" recon_no="137424">N_gonzalezi</List>
		<List recon_name="Iberomesornis_romerali" recon_no="65831">I_romerali</List>
		<List recon_name="Concornis_lacustris" recon_no="100984">C_lacustris</List>
		<List recon_name="Sinornis_santensis" recon_no="137389">S_santensis</List>
		<List recon_name="Cathayornis_yandica" recon_no="137353">C_yandica</List>
		<List recon_name="Boluochia_zhengi" recon_no="119289">B_zhengi</List>
		<List recon_name="Alexornis_antecedens" recon_no="53319">A_antecedens</List>
		<List recon_name="Kizylkumavis_cretacea" recon_no="70298">K_cretacea</List>
		<List recon_name="Sazavis_prisca" recon_no="137281">S_prisca</List>
		<List recon_name="Nanantius_eos" recon_no="81247">Nanantius_eos</List>
		<List recon_name="Nanantius_valifanovi" recon_no="71341">N_valifanovi</List>
		<List recon_name="Gobipteryx_minuta" recon_no="57334">G_minuta</List>
		<List recon_name="Enantiornithes_indet_Mgr_1_slash_34_comma_slash_88" recon_no="53286">embryo_Mgr_1_slash_34_comma_slash_88</List>
		<List recon_name="Neuquenornis_volans" recon_no="100989">N_volans</List>
		<List recon_name="Zhyraornis_kashkarovi" recon_no="70296">Z_kashkarovi</List>
		<List recon_name="Zhyraornis_logunovi" recon_no="137282">Z_logunovi</List>
		<List recon_name="Lenesornis_maltshevskyi" recon_no="71345">L_maltshevskyi</List>
		<List recon_name="Alexornithidae_indet_PO_3473" recon_no="71342">axis_PO_3473</List>
		<List recon_name="Enantiornis_leali" recon_no="53307">Enantiornis_leali</List>
		<List recon_name="Martinavis_vincei" recon_no="109399">humerus_PVL_4054</List>
		<List recon_name="Enantiornis_leali" recon_no="53307">scapula_PVL_4039</List>
		<List recon_name="Enantiornis_leali" recon_no="53307">metacarpus_PVL_4049</List>
		<List recon_name="Martinavis_sp_PVL_4037" recon_no="109397">femur_PVL_4037</List>
		<List recon_name="Soroavisaurus_australis" recon_no="100991">tibiotarsus_PVL_4033</List>
		<List recon_name="Enantiornis_sp_PVL_4042" recon_no="39258">pelvis_PVL_4042</List>
		<List recon_name="Avisaurus_archibaldi" recon_no="64064">Avisaurus_archibaldi</List>
		<List recon_name="Avisaurus_gloriae" recon_no="66860">A_gloriae</List>
		<List recon_name="Soroavisaurus_australis" recon_no="100991">S_australis</List>
		<List recon_name="Explorornis_walkeri" recon_no="194797">E_walkeri</List>
		<List recon_name="Enantiornis_martini" recon_no="194800">E_martini</List>
		<List recon_name="Abavornis_bonaparti" recon_no="194803">coracoid_56_slash_11915</List>
		<List recon_name="Yungavolucris_brevipedalis" recon_no="100988">Y_brevipedalis</List>
		<List recon_name="Lectavis_bretincola" recon_no="100986">L_bretincola</List>
		<List recon_name="Alexornithiformes_indet_PO_3394" recon_no="71346">metatarsus_PO_3394</List>
		<List recon_name="Explorornis_nessovi" recon_no="194795">coracoid_PO_4819</List>
		<List recon_name="Enantiornithes_indet_PO_4818" recon_no="53286">coracoid_PO_4818</List>
		<List recon_name="Halimornis_thompsoni" recon_no="122607">Alabama_specimen</List>
		<List recon_name="Ichthyornis_dispar" recon_no="54877">Ichthyornithes</List>
		<List recon_name="Anas_platyrhynchos,Gallus_gallus" recon_no="83434;368033">Neornithes</List>
	</Taxa>
	<Characters>
		<Molecular/>
		<Morphological number="122">
			<Type>Osteology</Type>
		</Morphological>
		<Behavioural/>
		<Other/>
	</Characters>
	<Analysis>
		<Type>Maximum Parsimony</Type>
	</Analysis>
	<Notes>Based on reanalysis of the original matrix (first 100,000 mpts only).</Notes>
	<Filename>Kurochkin_1996a</Filename>
	<Parent/>
	<Sibling/>
</SourceTree>
