<?xml version="1.0" standalone="yes"?>
<SourceTree>
	<Source>
		<Author>
			<List>Kutty, T. S.</List>
			<List>Chatterjee, S.</List>
			<List>Galton, P. M.</List>
			<List>Upchurch, P.</List>
		</Author>
		<Year>2007</Year>
		<Title>Basal sauropodomorphs (Dinosauria: Saurischia) from the Lower Jurassic of India: their anatomy and relationships</Title>
		<Journal>Journal of Paleontology</Journal>
		<Volume>81</Volume>
		<Pages>1218-1240</Pages>
		<Booktitle/>
		<Publisher/>
		<City/>
		<Editor/>
	</Source>
	<Taxa number="27">
		<List recon_name="DELETE" recon_no="0">Ancestor</List>
		<List recon_name="Thecodontosaurus_antiquus" recon_no="56627">Thecodontosaurus</List>
		<List recon_name="Saturnalia_tupiniquim" recon_no="68124">Saturnalia</List>
		<List recon_name="Ammosaurus_major" recon_no="54161">Ammosaurus</List>
		<List recon_name="Anchisaurus_polyzelus" recon_no="64382">Anchisaurus</List>
		<List recon_name="Blikanasaurus_cromptoni" recon_no="55644">Blikanasaurus</List>
		<List recon_name="Camelotia_borealis" recon_no="56586">Camelotia</List>
		<List recon_name="Pradhania_gracilis" recon_no="110386">PRADHANIA</List>
		<List recon_name="Sauropodomorpha_indet_ISI_R260" recon_no="91972">ISIR</List>
		<List recon_name="Coloradisaurus_brevis" recon_no="68584">Coloradisaurus</List>
		<List recon_name="Euskelosaurus_browni" recon_no="85818">Euskelosaurus</List>
		<List recon_name="Gyposaurus_sinensis" recon_no="64288">Gyposaurus</List>
		<List recon_name="Jingshanosaurus_xinwaensis" recon_no="64138">Jingshanosaurus</List>
		<List recon_name="Lessemsaurus_sauropoides" recon_no="68588">Lessemsaurus</List>
		<List recon_name="Lufengosaurus_huenei" recon_no="56597">Lufengosaurus</List>
		<List recon_name="Massospondylus_carinatus" recon_no="56595">Massospondylus</List>
		<List recon_name="Melanorosaurus_readi" recon_no="54980">Melanorosaurus</List>
		<List recon_name="Mussaurus_patagonicus" recon_no="66682">Mussaurus</List>
		<List recon_name="Plateosaurus_engelhardti,Plateosaurus_longiceps" recon_no="56683;64684">Plateosaurus</List>
		<List recon_name="Riojasaurus_incertus" recon_no="56585">Riojasaurus</List>
		<List recon_name="Sellosaurus_gracilis" recon_no="54996">Sellosaurus</List>
		<List recon_name="Yunnanosaurus_huangi" recon_no="56629">Yunnanosaurus</List>
		<List recon_name="Lamplughsaura_dharmaramensis" recon_no="110384">Lampspl</List>
		<List recon_name="Kotasaurus_yamanpalliensis" recon_no="66498">Kotasaurus</List>
		<List recon_name="Vulcanodon_karibaensis" recon_no="54979">Vulcanodon</List>
		<List recon_name="Barapasaurus_tagorei" recon_no="55547">Barapasaurus</List>
		<List recon_name="Shunosaurus_lii" recon_no="56457">Shunosaurus</List>
	</Taxa>
	<Characters>
		<Molecular/>
		<Morphological number="137">
			<Type>Osteology</Type>
		</Morphological>
		<Behavioural/>
		<Other/>
	</Characters>
	<Analysis>
		<Type>Maximum Parsimony</Type>
	</Analysis>
	<Notes>Based on reanalysis of the original matrix.</Notes>
	<Filename>Kutty_etal_2007aa</Filename>
	<Parent>Galton_et_Upchurch_2004a</Parent>
	<Sibling/>
</SourceTree>
