<?xml version="1.0" standalone="yes"?>
<SourceTree>
	<Source>
		<Author>
			<List>Lamanna, M. C.</List>
			<List>Martinez, R. D.</List>
			<List>Smith, J. B.</List>
		</Author>
		<Year>2002</Year>
		<Title>A definitive abelisaurid theropod dinosaur from the early Late Cretaceous of Patagonia</Title>
		<Journal>Journal of Vertebrate Paleontology</Journal>
		<Volume>22</Volume>
		<Pages>58-69</Pages>
		<Booktitle/>
		<Publisher/>
		<City/>
		<Editor/>
	</Source>
	<Taxa number="8">
		<List recon_name="Coelophysis_bauri" recon_no="55477">Coelophysis</List>
		<List recon_name="Ceratosaurus_nasicornis" recon_no="54165">Ceratosaurus</List>
		<List recon_name="Noasaurus_leali" recon_no="54534">Noasaurus</List>
		<List recon_name="Abelisaurus_comahuensis" recon_no="53945">Abelisaurus</List>
		<List recon_name="Carnotaurus_sastrei" recon_no="54526">Carnotaurus</List>
		<List recon_name="Abelisauridae_indet_AMNH_1955" recon_no="53942">AMNH_1955</List>
		<List recon_name="Majungatholus_athopus" recon_no="190519">Majungatholus</List>
		<List recon_name="Carnotaurinae_indet_UNPSJB_PV247" recon_no="54527">UNPSJB_dash_PV247</List>
	</Taxa>
	<Characters>
		<Molecular/>
		<Morphological number="11">
			<Type>Osteology</Type>
		</Morphological>
		<Behavioural/>
		<Other/>
	</Characters>
	<Analysis>
		<Type>Maximum Parsimony</Type>
	</Analysis>
	<Notes>Based on reanalysis of the original matrix.</Notes>
	<Filename>Lamanna_etal_2002a</Filename>
	<Parent/>
	<Sibling/>
</SourceTree>
