<?xml version="1.0" standalone="yes"?>
<SourceTree>
	<Source>
		<Author>
			<List>Lehman, T. M.</List>
		</Author>
		<Year>1996</Year>
		<Title>A horned dinosaur from the El Picacho Formation of west Texas, and review of ceratopsian dinosaurs from the American southwest</Title>
		<Journal>Journal of Paleontology</Journal>
		<Volume>70</Volume>
		<Pages>494-508</Pages>
		<Booktitle/>
		<Publisher/>
		<City/>
		<Editor/>
	</Source>
	<Taxa number="10">
		<List recon_name="Centrosaurus_apertus,Monoclonius_crassus,Pachyrhinosaurus_canadensis,Styracosaurus_albertensis" recon_no="63911;54486;66023;56144">Centrosaurinae</List>
		<List recon_name="Chasmosaurus_belli" recon_no="66019">Chasmosaurus_belli</List>
		<List recon_name="Chasmosaurus_canadensis" recon_no="63907">Chasmosaurus_canadensis</List>
		<List recon_name="Chasmosaurus_mariscalensis" recon_no="52772">Chasmosaurus_mariscalensis</List>
		<List recon_name="Pentaceratops_sternbergii" recon_no="55033">Pentaceratops_sternbergii</List>
		<List recon_name="Anchiceratops_ornatus" recon_no="63447">Anchiceratops_ornatus</List>
		<List recon_name="Arrhinoceratops_brachyops" recon_no="63401">Arrhinoceratops_brachyops</List>
		<List recon_name="Torosaurus_latus" recon_no="63773">Torosaurus_latus</List>
		<List recon_name="Torosaurus_utahensis" recon_no="65132">Torosaurus_utahensis</List>
		<List recon_name="Triceratops_horridus" recon_no="63759">Trieratops_horridus</List>
	</Taxa>
	<Characters>
		<Molecular/>
		<Morphological number="14">
			<Type>Osteology</Type>
		</Morphological>
		<Behavioural/>
		<Other/>
	</Characters>
	<Analysis>
		<Type>Maximum Parsimony</Type>
	</Analysis>
	<Notes>Based on reanalysis of the original matrix.</Notes>
	<Filename>Lehman_1996a</Filename>
	<Parent/>
	<Sibling/>
</SourceTree>
