<?xml version="1.0" standalone="yes"?>
<SourceTree>
	<Source>
		<Author>
			<List>Li, D.-Q.</List>
			<List>Peng, C.</List>
			<List>You, H.-L.</List>
			<List>Lamanna, M. C.</List>
			<List>Harris, J. D.</List>
			<List>Lacovara, K. J.</List>
			<List>Zhang, J.-P.</List>
		</Author>
		<Year>2007</Year>
		<Title>A large therizinosauroid (Dinosauria: Theropoda) from the Early Cretaceous of northwestern China</Title>
		<Journal>Acta Geologica Sinica</Journal>
		<Volume>81</Volume>
		<Pages>539-549</Pages>
		<Booktitle/>
		<Publisher/>
		<City/>
		<Editor/>
	</Source>
	<Taxa number="18">
		<List recon_name="Incisivosaurus_gauthieri,Avimimus_portentosus,Caudipteryx_dongi,Caudipteryx_zoui,Chirostenotes_elegans,Chirostenotes_pergracilis,Caenagnathasia_martinsoni,Nomingia_gobiensis,Oviraptor_philoceratops,Rinchenia_mongoliensis,Citipati_osmolskae,Heyuannia_huangi,Ingenia_yanshini,Conchoraptor_gracilis,Khaan_mckennai,Microvenator_celer,Elmisaurus_rarus" recon_no="64891;55489;68392;66066;68395;54561;54543;67257;55488;68397;57024;68048;57022;67259;57026;65860;54560">Oviraptorosauria</List>
		<List recon_name="Pelecanimimus_polyodon,Shenzhousaurus_orientalis,Harpymimus_okladnikovi,Garudimimus_brevipes,Ornithomimus_velox,Ornithomimus_edmontonicus,Struthiomimus_altus,Archaeornithomimus_asiaticus,Gallimimus_bullatus,Sinornithomimus_dongi,Anserimimus_planinychus,Deinocheirus_mirificus" recon_no="64118;68334;66670;57267;57269;63438;57266;57276;57265;68342;66672;57246">Ornithomimosauria</List>
		<List recon_name="Alvarezsaurus_calvoi,Mononykus_olecranus,Parvicursor_remotus,Patagonykus_puertai,Shuvuuia_deserti" recon_no="64775;67288;68183;64773;66044">Alvarezsauridae</List>
		<List recon_name="Deinonychus_antirrhopus" recon_no="54555">Dromaeosauridae</List>
		<List recon_name="Troodon_formosus,Saurornithoides_mongoliensis,Saurornithoides_junior,Sinornithoides_youngi,Byronosaurus_jaffei,Borogovia_gracilicrus,Tochisaurus_nemegtensis,Sinovenator_changii" recon_no="54818;54470;57262;64145;57020;64791;66620;64889">Troodontidae</List>
		<List recon_name="Beipiaosaurus_inexpectus" recon_no="68241">Beipiaosaurus</List>
		<List recon_name="Eshanosaurus_deguchiianus" recon_no="66510">Eshanosaurus</List>
		<List recon_name="Falcarius_utahensis" recon_no="65780">Falcarius</List>
		<List recon_name="Alxasaurus_elesitaiensis" recon_no="64126">Alxasaurus</List>
		<List recon_name="Enigmosaurus_mongoliensis" recon_no="68385">Enigmosaurus</List>
		<List recon_name="Erlikosaurus_andrewsi" recon_no="66667">Erlikosaurus</List>
		<List recon_name="Segnosaurus_galbinensis" recon_no="66664">Segnosaurus</List>
		<List recon_name="Nanshiungosaurus_brevispinus" recon_no="54832">N_brevispinus</List>
		<List recon_name="Therizinosaurus_cheloniformis" recon_no="66673">Therizinosaurus</List>
		<List recon_name="Neimongosaurus_yangi" recon_no="68372">Neimongosaurus</List>
		<List recon_name="Nothronychus_mckinleyi" recon_no="66508">Nothronychus</List>
		<List recon_name="Suzhousaurus_megatherioides" recon_no="112902">Suzhousaurus</List>
		<List recon_name="Erliansaurus_bellamanus" recon_no="68374">Erliansaurus</List>
	</Taxa>
	<Characters>
		<Molecular/>
		<Morphological number="40">
			<Type>Osteology</Type>
		</Morphological>
		<Behavioural/>
		<Other/>
	</Characters>
	<Analysis>
		<Type>Maximum Parsimony</Type>
	</Analysis>
	<Notes>Based on reanalysis of the original matrix.</Notes>
	<Filename>Li_etal_2007a</Filename>
	<Parent>Clark_etal_2004a</Parent>
	<Sibling/>
</SourceTree>
