<?xml version="1.0" standalone="yes"?>
<SourceTree>
	<Source>
		<Author>
			<List>Livezey, B. C.</List>
		</Author>
		<Year>1997</Year>
		<Title>A phylogenetic analysis of basal Anseriformes, the fossil <em>Presbyornis</em>, and the interordinal relationships of waterfowl</Title>
		<Journal>Zoological Journal of the Linnean Society</Journal>
		<Volume>121</Volume>
		<Pages>361-428</Pages>
		<Booktitle/>
		<Publisher/>
		<City/>
		<Editor/>
	</Source>
	<Taxa number="10">
		<List recon_name="Crypturellus_undulatus,Tinamotis_ingoufi,Tinamotis_pentlandii" recon_no="368319;399857;399856">Tinamiformes</List>
		<List recon_name="Burhinus_oedicnemus,Chroicocephalus_ridibundus,Cladorhynchus_leucocephalus,Glareola_nordmanni,Haematopus_ostralegus,Himantopus_himantopus,Ibidorhyncha_struthersii,Jacana_jacana,Limnodromus_griseus,Limnodromus_scolopaceus,Phalaropus_tricolor,Pluvialis_dominica,Rostratula_benghalensis,Rynchops_niger,Stercorarius_maccormicki,Thinocorus_rumicivorus,Uria_lomvia" recon_no="401344;367998;402401;402400;83473;379257;400647;401186;369228;368012;369113;368020;401184;402398;372785;369104;276239">Charadriiformes</List>
		<List recon_name="Ardea_herodias,Ciconia_ciconia,Cochlearius_cochlearius,Scopus_umbretta,Threskiornis_aethiopicus" recon_no="110948;369264;399814;373471;373512">Ciconiiformes</List>
		<List recon_name="Phoenicopterus_ruber" recon_no="368490">Phoenicopteriformes</List>
		<List recon_name="Alectura_lathami,Bonasa_umbellus,Colinus_cristatus,Colinus_virginianus,Meleagris_gallopavo,Numida_meleagris,Ortalis_canicollis,Phasianus_colchicus" recon_no="400050;129745;372230;129785;110952;372652;402407;372509">Galliformes</List>
		<List recon_name="Anhima_cornuta" recon_no="401249">Anhima</List>
		<List recon_name="Chauna_torquata" recon_no="321676">Chauna</List>
		<List recon_name="Anseranas_semipalmata" recon_no="369452">Anseranas</List>
		<List recon_name="Presbyornis_pervetus" recon_no="57582">Presbyornis</List>
		<List recon_name="Anas_crecca,Anser_rossii,Branta_bernicla,Branta_canadensis,Branta_hylobadistes,Branta_leucopsis,Branta_ruficollis,Branta_sandvicensis,Stictonetta_naevosa" recon_no="133772;368040;83428;110951;336218;368611;368041;186234;401318">Anatidae</List>
	</Taxa>
	<Characters>
		<Molecular/>
		<Morphological number="123">
			<Type>Osteology</Type>
		</Morphological>
		<Behavioural/>
		<Other/>
	</Characters>
	<Analysis>
		<Type>Maximum Parsimony</Type>
	</Analysis>
	<Notes>Based on reanalysis of the original matrix.</Notes>
	<Filename>Livezey_1997a</Filename>
	<Parent/>
	<Sibling/>
</SourceTree>
