<?xml version="1.0" standalone="yes"?>
<SourceTree>
	<Source>
		<Author>
			<List>Livezey, B. C.</List>
			<List>Zusi, R. L.</List>
		</Author>
		<Year>2007</Year>
		<Title>Higher-order phylogeny of modern birds (Theropoda, Aves: Neornithes) based on comparative anatomy. II. Analysis and discussion</Title>
		<Journal>Zoological Journal of the Linnean Society</Journal>
		<Volume>149</Volume>
		<Pages>1-95</Pages>
		<Booktitle/>
		<Publisher/>
		<City/>
		<Editor/>
	</Source>
	<Taxa number="188">
		<List recon_name="Euparkeria_capensis" recon_no="99170">Non_Archosauromorpha</List>
		<List recon_name="Alligator_mississippiensis,Caiman_latirostris,Crocodylus_niloticus,Gavialis_gangeticus" recon_no="110824;190757;158096;190776">Crocodylia</List>
		<List recon_name="Lesothosaurus_diagnosticus" recon_no="57574">Ornithischia</List>
		<List recon_name="Anchisaurus_polyzelus,Plateosaurus_engelhardti,Riojasaurus_incertus,Thecodontosaurus_antiquus,Yunnanosaurus_huangi" recon_no="64382;56683;56585;56627;56629">Sauropodomorpha</List>
		<List recon_name="Herrerasaurus_ischigualastensis" recon_no="55000">Herrerasaurus</List>
		<List recon_name="Dilophosaurus_wetherilli" recon_no="57251">Dilophosaurus</List>
		<List recon_name="Coelophysis_bauri" recon_no="55477">Coelophysis</List>
		<List recon_name="Abelisaurus_comahuensis,Carnotaurus_sastrei,Indosaurus_matleyi,Indosuchus_raptorius,Majungasaurus_crenatissimus,Majungatholus_atopus,Xenotarsosaurus_bonapartei" recon_no="53945;54526;54099;53958;53957;56395;56394">Abelisauridae</List>
		<List recon_name="Ceratosaurus_nasicornis" recon_no="54165">Ceratosaurusia</List>
		<List recon_name="Allosaurus_fragilis" recon_no="52962">Allosauroidea</List>
		<List recon_name="Dilong_paradoxus,Tyrannosaurus_rex" recon_no="58836;54833">Tyrannosauridae</List>
		<List recon_name="Compsognathus_longipes" recon_no="53007">Compsognathus</List>
		<List recon_name="Sinosauropteryx_prima" recon_no="54549">Sinosauropteryx</List>
		<List recon_name="Beipiaosaurus_inexpectus,Erlikosaurus_andrewsi" recon_no="68241;66667">Therizinosauroidea</List>
		<List recon_name="Caenagnathus_collinsi,Chirostenotes_pergracilis,Citipati_osmolskae,Conchoraptor_gracilis,Incisivosaurus_gauthieri,Ingenia_yanshinii,Khaan_mckennai,Oviraptor_philoceratops,Rinchenia_mongoliensis" recon_no="54545;54561;57024;67259;64891;96688;57026;55488;68397">Oviraptorosauria</List>
		<List recon_name="Caudipteryx_zoui" recon_no="66066">Caudipteryx</List>
		<List recon_name="Protarchaeopteryx_robusta" recon_no="66068">Protoarchaeopteryx</List>
		<List recon_name="Troodon_formosus" recon_no="54818">Troodon</List>
		<List recon_name="Saurornithoides_mongoliensis" recon_no="54470">Saurornithoides</List>
		<List recon_name="Mononykus_olecranus,Parvicursor_remotus,Shuvuuia_deserti" recon_no="67288;68183;66044">Alvarezsauroidea</List>
		<List recon_name="Archaeopteryx_lithographica" recon_no="55487">Archaeopteryx</List>
		<List recon_name="Confuciusornis_sanctus" recon_no="67261">Confuciusornis</List>
		<List recon_name="Alexornis_antecedens,Cathayornis_yandica,Concornis_lacustris,Enantiornis_leali,Gettyia_gloriae,Gobipteryx_minuta,Kizylkumavis_cretacea,Lenesornis_maltshevskyi,Nanantius_eos,Neuquenornis_volans,Noguerornis_gonzalezi,Sazavis_prisca,Sinornis_santensis,Zhyraornis_kashkarovi" recon_no="53319;137353;100984;53307;378787;57334;70298;71345;81247;100989;137424;137281;137389;70296">Enantiornithes</List>
		<List recon_name="Rahonavis_ostromi" recon_no="64133">Rahonavis</List>
		<List recon_name="Apsaravis_ukhaana" recon_no="58898">Apsaravis</List>
		<List recon_name="Hesperornis_regalis" recon_no="96488">Hesperornis</List>
		<List recon_name="Ichthyornis_dispar" recon_no="54877">Ichthyornis</List>
		<List recon_name="Lithornis_celetius,Lithornis_plebius,Lithornis_promiscuus" recon_no="246695;246697;246696">Lithornis</List>
		<List recon_name="Eudromia_elegans" recon_no="399853">Eudromia</List>
		<List recon_name="Apteryx_australis" recon_no="369211">Apteryx</List>
		<List recon_name="Aepyornis_hildebrandti,Aepyornis_maximus,Aepyornis_medius,Mullerornis_agilis,Mullerornis_betsilei,Mullerornis_rudis" recon_no="369788;369786;369787;369784;369783;369785">Aepyornithidae</List>
		<List recon_name="Dinornis_novaezealandiae,Emeus_crassus,Euryapteryx_geranoides,Megalapteryx_didinus,Pachyornis_australis" recon_no="369698;143736;143734;369702;401554">Dinornithiformes</List>
		<List recon_name="Struthio_camelus" recon_no="223891">Struthio</List>
		<List recon_name="Rhea_americana" recon_no="368318">Rhea</List>
		<List recon_name="Casuarius_casuarius" recon_no="399809">Casuarius</List>
		<List recon_name="Dromaius_novaehollandiae" recon_no="53353">Dromaius</List>
		<List recon_name="Chauna_torquata" recon_no="321676">Chauna</List>
		<List recon_name="Anseranas_semipalmata" recon_no="369452">Anseranas</List>
		<List recon_name="Anser_albifrons" recon_no="335665">Anser</List>
		<List recon_name="Anas_crecca" recon_no="133772">Anas</List>
		<List recon_name="Megapodius_freycinet" recon_no="401156">Megapodius</List>
		<List recon_name="Ortalis_canicollis" recon_no="402407">Ortalis</List>
		<List recon_name="Meleagris_gallopavo" recon_no="110952">Meleagris</List>
		<List recon_name="Canachites_canadensis" recon_no="129741">Dendragapus</List>
		<List recon_name="Callipepla_gambelii" recon_no="368034">Lophortyx</List>
		<List recon_name="Francolinus_capensis" recon_no="372758">Francolinus</List>
		<List recon_name="Alectoris_graeca" recon_no="365993">Alectoris</List>
		<List recon_name="Gallus_gallus" recon_no="368033">Gallus</List>
		<List recon_name="Numida_meleagris" recon_no="372652">Numida</List>
		<List recon_name="Eurypyga_helias" recon_no="400287">Eurypyga</List>
		<List recon_name="Rhynochetos_jubatus" recon_no="401278">Rhynochetos</List>
		<List recon_name="Aptornis_defossor,Aptornis_otidiformes" recon_no="143798;381228">Aptornis</List>
		<List recon_name="Sylviornis_neocaledoniae" recon_no="371313">Sylviornis</List>
		<List recon_name="Diatryma_gigantea" recon_no="70379">Diatryma</List>
		<List recon_name="Barawertornis_tedfordi,Bullockornis_planei,Dromornis_australis,Genyornis_newtoni,Ilbandornis_lawsoni,Ilbandornis_woodburnei" recon_no="246680;159179;246676;159184;246681;246682">Dromornithidae</List>
		<List recon_name="Psophia_crepitans" recon_no="400249">Psophia</List>
		<List recon_name="Aramus_guarauna" recon_no="368444">Aramus</List>
		<List recon_name="Antigone_canadensis" recon_no="368179">Grus</List>
		<List recon_name="Afrotis_afra" recon_no="401276">Afrotis</List>
		<List recon_name="Cariama_cristata" recon_no="367992">Cariama</List>
		<List recon_name="Turnix_suscitator" recon_no="370634">Turnix</List>
		<List recon_name="Mesitornis_unicolor,Mesitornis_variegatus" recon_no="401281;401280">Mesitornis</List>
		<List recon_name="Heliornis_fulica" recon_no="400264">Heliornis</List>
		<List recon_name="Porphyrio_martinicus" recon_no="368517">Porphyrula</List>
		<List recon_name="Pedionomus_torquatus" recon_no="369374">Pedionomus</List>
		<List recon_name="Jacana_jacana" recon_no="401186">Jacana</List>
		<List recon_name="Rostratula_benghalensis" recon_no="401184">Rostratula</List>
		<List recon_name="Dromas_ardeola" recon_no="402081">Dromas</List>
		<List recon_name="Pluvialis_dominica" recon_no="368020">Pluvialis</List>
		<List recon_name="Chionis_albus" recon_no="372782">Chionis</List>
		<List recon_name="Burhinus_oedicnemus" recon_no="401344">Burhinus</List>
		<List recon_name="Haematopus_ostralegus" recon_no="83473">Haematopus</List>
		<List recon_name="Ibidorhyncha_struthersii" recon_no="400647">Ibidorhyncha</List>
		<List recon_name="Himantopus_himantopus" recon_no="379257">Himantopus</List>
		<List recon_name="Cladorhynchus_leucocephalus" recon_no="402401">Cladorhynchus</List>
		<List recon_name="Glareola_nordmanni" recon_no="402400">Glareola</List>
		<List recon_name="Cursorius_cursor" recon_no="402399">Cursorius</List>
		<List recon_name="Uria_lomvia" recon_no="276239">Uria</List>
		<List recon_name="Stercorarius_maccormicki" recon_no="372785">Stercorarius</List>
		<List recon_name="Rynchops_niger" recon_no="402398">Rynchops</List>
		<List recon_name="Rissa_tridactyla" recon_no="335307">Rissa</List>
		<List recon_name="Chlidonias_niger" recon_no="369225">Chlidonias</List>
		<List recon_name="Thinocorus_rumicivorus" recon_no="369104">Thinocorus</List>
		<List recon_name="Tringa_incana" recon_no="368016">Heteroscelus</List>
		<List recon_name="Phalaropus_tricolor" recon_no="369113">Phalaropus</List>
		<List recon_name="Cathartes_aura" recon_no="137176">Catharthes</List>
		<List recon_name="Sagittarius_serpentarius" recon_no="399940">Sagittarius</List>
		<List recon_name="Accipiter_striatus" recon_no="129155">Accipiter</List>
		<List recon_name="Gyps_africanus" recon_no="402403">Gyps</List>
		<List recon_name="Pandion_haliaetus" recon_no="368439">Pandion</List>
		<List recon_name="Falco_sparverius" recon_no="133779">Falco</List>
		<List recon_name="Caracara_plancus" recon_no="289546">Polyborus</List>
		<List recon_name="Tyto_alba" recon_no="368069">Tyto</List>
		<List recon_name="Phodilus_badius" recon_no="402386">Phodilus</List>
		<List recon_name="Otus_scops" recon_no="368931">Otus</List>
		<List recon_name="Strix_varia" recon_no="368065">Strix</List>
		<List recon_name="Pterocles_gutturalis" recon_no="399885">Pterocles</List>
		<List recon_name="Columba_livia" recon_no="94497">Columba</List>
		<List recon_name="Zenaida_macroura" recon_no="368077">Zenaida</List>
		<List recon_name="Geopelia_striata" recon_no="402394">Geopelia</List>
		<List recon_name="Ducula_aenea" recon_no="402391">Ducula</List>
		<List recon_name="Didunculus_strigirostris" recon_no="401274">Didunculus</List>
		<List recon_name="Goura_cristata" recon_no="401270">Goura</List>
		<List recon_name="Raphus_cucullatus" recon_no="92329">Raphus</List>
		<List recon_name="Pezophaps_solitaria" recon_no="368080">Pezophaps</List>
		<List recon_name="Melopsittacus_undulatus" recon_no="400298">Melopsittacus</List>
		<List recon_name="Amazona_autumnalis" recon_no="402390">Amazona</List>
		<List recon_name="Trichoglossus_haematodus" recon_no="400299">Trichoglossus</List>
		<List recon_name="Cacatua_galerita" recon_no="399948">Cacatua</List>
		<List recon_name="Aegotheles_cristatus" recon_no="369382">Aegotheles</List>
		<List recon_name="Caprimulgus_europaeus" recon_no="369534">Caprimulgus</List>
		<List recon_name="Nyctibius_griseus" recon_no="400290">Nyctibius</List>
		<List recon_name="Steatornis_caripensis" recon_no="399985">Steatornis</List>
		<List recon_name="Podargus_strigoides" recon_no="369369">Podargus</List>
		<List recon_name="Hemiprocne_comata" recon_no="400294">Hemiprocne</List>
		<List recon_name="Glaucis_hirsutus" recon_no="402385">Glaucis</List>
		<List recon_name="Cypseloides_niger" recon_no="372036">Cypseloides</List>
		<List recon_name="Apus_pallidus" recon_no="369500">Apus</List>
		<List recon_name="Colius_striatus" recon_no="368909">Colius</List>
		<List recon_name="Pharomachrus_mocinno" recon_no="402381">Pharomachrus</List>
		<List recon_name="Trogon_viridis" recon_no="402379">Trogon</List>
		<List recon_name="Momotus_momota" recon_no="373611">Momotus</List>
		<List recon_name="Todus_subulatus" recon_no="372076">Todus</List>
		<List recon_name="Alcedo_atthis" recon_no="372853">Alcedo</List>
		<List recon_name="Todiramphus_sanctus" recon_no="371326">Halcyon</List>
		<List recon_name="Merops_apiaster" recon_no="402378">Merops</List>
		<List recon_name="Coracias_garrulus" recon_no="379255">Coracias</List>
		<List recon_name="Brachypteracias_leptosomus" recon_no="402375">Brachypteracias</List>
		<List recon_name="Leptosomus_discolor" recon_no="373498">Leptosomus</List>
		<List recon_name="Tockus_erythrorhynchus" recon_no="401256">Tockus</List>
		<List recon_name="Upupa_epops" recon_no="371813">Upupa</List>
		<List recon_name="Phoeniculus_purpureus" recon_no="402371">Phoeniculus</List>
		<List recon_name="Galbula_ruficauda" recon_no="402369">Galbula</List>
		<List recon_name="Monasa_nigrifrons" recon_no="402366">Monasa</List>
		<List recon_name="Psilopogon_haemacephalus" recon_no="402363">Megalaima</List>
		<List recon_name="Semnornis_ramphastinus" recon_no="402361">Semornis</List>
		<List recon_name="Aulacorhynchus_prasinus" recon_no="373615">Aulocorhynchus</List>
		<List recon_name="Ramphastos_vitellinus" recon_no="402347">Ramphastos</List>
		<List recon_name="Indicator_variegatus" recon_no="402355">Indicator</List>
		<List recon_name="Jynx_torquilla" recon_no="373318">Jynx</List>
		<List recon_name="Picoides_villosus" recon_no="133787">Picoides</List>
		<List recon_name="Menura_novaehollandiae" recon_no="416946">Menura</List>
		<List recon_name="Erythropitta_erythrogaster" recon_no="416961">Pitta</List>
		<List recon_name="Pitangus_sulphuratus" recon_no="372241">Pitangus</List>
		<List recon_name="Ptilonorhynchus_violaceus" recon_no="368173">Ptilonorhynchus</List>
		<List recon_name="Aphelocoma_ultramarina" recon_no="416907">Aphelocoma</List>
		<List recon_name="Bombycilla_cedrorum" recon_no="369287">Bombycilla</List>
		<List recon_name="Poecile_atricapillus" recon_no="416933">Parus</List>
		<List recon_name="Passer_domesticus" recon_no="373332">Passer</List>
		<List recon_name="Opisthocomus_hoazin" recon_no="399880">Opisthocomus</List>
		<List recon_name="Corythaixoides_concolor" recon_no="399917">Corythaixoides</List>
		<List recon_name="Geococcyx_californianus" recon_no="368474">Geococcyx</List>
		<List recon_name="Centropus_goliath" recon_no="402389">Centropus</List>
		<List recon_name="Crotophaga_ani" recon_no="372083">Crotophaga</List>
		<List recon_name="Cuculus_canorus" recon_no="373061">Cuculus</List>
		<List recon_name="Coccyzus_americanus" recon_no="368081">Coccyzus</List>
		<List recon_name="Spheniscus_magellanicus" recon_no="399816">Spheniscus</List>
		<List recon_name="Pelecanoides_urinatrix" recon_no="143744">Pelecanoides</List>
		<List recon_name="Oceanites_oceanicus" recon_no="372546">Oceanites</List>
		<List recon_name="Pachyptila_desolata" recon_no="372426">Pachyptila</List>
		<List recon_name="Diomedea_nigripes" recon_no="83350">Diomedea</List>
		<List recon_name="Ardenna_pacifica" recon_no="368282">Puffinus</List>
		<List recon_name="Gavia_stellata" recon_no="368750">Gavia</List>
		<List recon_name="Podiceps_cristatus" recon_no="372487">Podiceps</List>
		<List recon_name="Balaeniceps_rex" recon_no="399812">Balaeniceps</List>
		<List recon_name="Phaethon_rubricauda" recon_no="371104">Phaethon</List>
		<List recon_name="Fregata_minor" recon_no="335260">Fregata</List>
		<List recon_name="Pelecanus_thagus" recon_no="402405">Pelecanus</List>
		<List recon_name="Sula_dactylatra" recon_no="186230">Sula</List>
		<List recon_name="Anhinga_anhinga" recon_no="321725">Anhinga</List>
		<List recon_name="Urile_urile" recon_no="401048">Phalacrocorax</List>
		<List recon_name="Cochlearius_cochlearius" recon_no="399814">Cochlearius</List>
		<List recon_name="Ardea_herodias" recon_no="110948">Ardea</List>
		<List recon_name="Nycticorax_nycticorax" recon_no="368423">Nycticorax</List>
		<List recon_name="Tigrisoma_lineatum" recon_no="402404">Tigrisoma</List>
		<List recon_name="Botaurus_lentiginosus" recon_no="368317">Botaurus</List>
		<List recon_name="Scopus_umbretta" recon_no="373471">Scopus</List>
		<List recon_name="Ajaja_ajaja" recon_no="368755">Ajaia</List>
		<List recon_name="Plegadis_falcinellus" recon_no="372358">Plegadis</List>
		<List recon_name="Ciconia_ciconia" recon_no="369264">Ciconia</List>
		<List recon_name="Phoenicopterus_ruber" recon_no="368490">Phoenicopterus</List>
		<List recon_name="Dromaeosaurus_albertensis" recon_no="54550">Dromaeosaurus</List>
		<List recon_name="Velociraptor_mongoliensis" recon_no="54554">Velociraptor</List>
		<List recon_name="Deinonychus_antirrhopus" recon_no="54555">Deinonychus</List>
		<List recon_name="Pelecanimimus_polyodon" recon_no="64118">Pelecanimimus</List>
		<List recon_name="Ornithomimus_edmontonicus" recon_no="63438">Ornithomimosaurus</List>
		<List recon_name="Struthiomimus_altus" recon_no="57266">Struthiomimus</List>
		<List recon_name="Gallimimus_bullatus" recon_no="57265">Gallimimus</List>
	</Taxa>
	<Characters>
		<Molecular/>
		<Morphological number="2954">
			<Type>Osteology</Type>
		</Morphological>
		<Behavioural/>
		<Other/>
	</Characters>
	<Analysis>
		<Type>Maximum Parsimony</Type>
	</Analysis>
	<Notes>Based on reanalysis of the original matrix.</Notes>
	<Filename>Livezey_et_Zusi_2007a</Filename>
	<Parent/>
	<Sibling/>
</SourceTree>
