<?xml version="1.0" standalone="yes"?>
<SourceTree>
	<Source>
		<Author>
			<List>Loewen, M. A.</List>
			<List>Sampson, S. D.</List>
			<List>Lund, E. K.</List>
			<List>Farke, A. A.</List>
			<List>Aguillon-Martinez, M. C.</List>
			<List>De Leon, C. A.</List>
			<List>Rodriguez-De La Rosa, R. A.</List>
			<List>Getty, M. A.</List>
			<List>Eberth, D. A.</List>
		</Author>
		<Year>2010</Year>
		<Title>Horned dinosaurs (Ornithischia: Ceratopsidae) from the Upper Cretaceous (Campanian) Cerro del Pueblo Formation, Coahuila, Mexico</Title>
		<Journal/>
		<Volume/>
		<Pages>99-116</Pages>
		<Booktitle>New Perspectives on Horned Dinosaurs</Booktitle>
		<Publisher>Indiana University Press</Publisher>
		<City>Bloomington</City>
		<Editor>
			<List>Ryan, M. J.</List>
			<List>Chinnery-Allgeier, B. J.</List>
			<List>Eberth, D. A.</List>
		</Editor>
	</Source>
	<Taxa number="18">
		<List recon_name="Protoceratops_andrewsi" recon_no="52824">Protoceratops</List>
		<List recon_name="Zuniceratops_christopheri" recon_no="66591">Zuniceratops</List>
		<List recon_name="Avaceratops_lammersi" recon_no="55539">Avaceratops</List>
		<List recon_name="Einiosaurus_procurvicornis" recon_no="53954">Einiosaurus</List>
		<List recon_name="Achelousaurus_horneri" recon_no="53955">Achelousaurus</List>
		<List recon_name="Pachyrhinosaurus_canadensis" recon_no="66023">Pachyrhinosaurus</List>
		<List recon_name="Centrosaurus_apertus" recon_no="63911">Centrosaurus</List>
		<List recon_name="Styracosaurus_albertensis" recon_no="56144">Styracosaurus</List>
		<List recon_name="Agujaceratops_mariscalensis" recon_no="112569">Agujaceratops</List>
		<List recon_name="Anchiceratops_ornatus" recon_no="63447">Anchiceratops</List>
		<List recon_name="Arrhinoceratops_brachyops" recon_no="63401">Arrhinoceratops</List>
		<List recon_name="Chasmosaurus_belli,Chasmosaurus_irvinensis,Chasmosaurus_mariscalensis,Chasmosaurus_russelli" recon_no="66019;64731;52772;66020">Chasmosaurus</List>
		<List recon_name="Coahuilaceratops_magnacuerna" recon_no="170567">Coahuilaceratops</List>
		<List recon_name="Pentaceratops_sternbergii" recon_no="55033">Pentaceratops</List>
		<List recon_name="Triceratops_horridus" recon_no="63759">Triceratops</List>
		<List recon_name="Eotriceratops_xerinsularis" recon_no="109481">Eotriceratops</List>
		<List recon_name="Diceratops_hatcheri" recon_no="63890">Diceratops</List>
		<List recon_name="Torosaurus_latus" recon_no="63773">Torosaurus</List>
	</Taxa>
	<Characters>
		<Molecular/>
		<Morphological number="76">
			<Type>Osteology</Type>
		</Morphological>
		<Behavioural/>
		<Other/>
	</Characters>
	<Analysis>
		<Type>Maximum Parsimony</Type>
	</Analysis>
	<Notes>Based on reanalysis of the original matrix.</Notes>
	<Filename>Loewen_etal_2010a</Filename>
	<Parent>Wu_etal_2007a</Parent>
	<Sibling/>
</SourceTree>
