<?xml version="1.0" standalone="yes"?>
<SourceTree>
	<Source>
		<Author>
			<List>Longrich, N. R.</List>
			<List>Currie, P. J.</List>
		</Author>
		<Year>2009</Year>
		<Title><em>Albertonykus borealis</em>, a new alvarezsaur (Dinosauria: Theropoda) from the Early Maastrichtian of Alberta, Canada: implications for the systematics and ecology of the Alvarezsauridae</Title>
		<Journal>Cretaceous Research</Journal>
		<Volume>30</Volume>
		<Pages>239-252</Pages>
		<Booktitle/>
		<Publisher/>
		<City/>
		<Editor/>
	</Source>
	<Taxa number="12">
		<List recon_name="Tyrannosaurus_rex" recon_no="54833">Tyrannosauridae</List>
		<List recon_name="Deinonychus_antirrhopus" recon_no="54555">Dromaeosauridae</List>
		<List recon_name="Achillesaurus_manazzonei" recon_no="133926">Achillesaurus_manazzonei</List>
		<List recon_name="Alvarezsaurus_calvoi" recon_no="64775">Alvarezsaurus_calvoi</List>
		<List recon_name="Patagonykus_puertai" recon_no="64773">Patagonykus_puertai</List>
		<List recon_name="Albertonykus_borealis" recon_no="140788">Albertonykus_borealis</List>
		<List recon_name="Mononykus_olecranus" recon_no="67288">Mononykus_olecranus</List>
		<List recon_name="Shuvuuia_deserti" recon_no="66044">Shuvuuia_deserti</List>
		<List recon_name="Parvicursor_remotus" recon_no="68183">Parvicursor_remotus</List>
		<List recon_name="Alvarezsauridae_indet_YPM_1049" recon_no="64116">YPM_1049</List>
		<List recon_name="Parvicursorinae_indet_UCMP_154584" recon_no="162355">UCMP_154584</List>
		<List recon_name="Alvarezsauridae_indet_MPC_100_99and120" recon_no="64116">Tugriken_Shireh_alvarezsaur</List>
	</Taxa>
	<Characters>
		<Molecular/>
		<Morphological number="77">
			<Type>Osteology</Type>
		</Morphological>
		<Behavioural/>
		<Other/>
	</Characters>
	<Analysis>
		<Type>Maximum Parsimony</Type>
	</Analysis>
	<Notes>Based on reanalysis of the original matrix.</Notes>
	<Filename>Longrich_et_Currie_2009a</Filename>
	<Parent/>
	<Sibling/>
</SourceTree>
