<?xml version="1.0" standalone="yes"?>
<SourceTree>
	<Source>
		<Author>
			<List>Longrich, N.</List>
		</Author>
		<Year>2006</Year>
		<Title>An ornithurine bird from the Late Cretaceous of Alberta, Canada</Title>
		<Journal>Canadian Journal of Earth Sciences</Journal>
		<Volume>43</Volume>
		<Pages>1-7</Pages>
		<Booktitle/>
		<Publisher/>
		<City/>
		<Editor/>
	</Source>
	<Taxa number="19">
		<List recon_name="Archaeopteryx_lithographica" recon_no="55487">Archaeopteryx_lithographica</List>
		<List recon_name="Confuciusornis_sanctus" recon_no="67261">Confuciusornis_sanctus</List>
		<List recon_name="Enantiornis_leali" recon_no="53307">Enantiornis_leali</List>
		<List recon_name="Apsaravis_ukhaana" recon_no="58898">Apsaravis_ukhaana</List>
		<List recon_name="Ornithurae_indet_TMP_98_dot_68_dot_145" recon_no="137276">TMP_98_dot_68_dot_145</List>
		<List recon_name="Limenavis_patagonica" recon_no="134885">Limenavis_patagonica</List>
		<List recon_name="Ichthyornis_dispar" recon_no="54877">Ichthyornis_dispar</List>
		<List recon_name="Iaceornis_marshi" recon_no="207940">Iaceornis_marshi</List>
		<List recon_name="Eudromia_elegans" recon_no="399853">Eudromia_elegans</List>
		<List recon_name="Anas_platyrhynchos" recon_no="83434">Anas_platyrhynchos</List>
		<List recon_name="Grus_canadensis" recon_no="105730">Grus_canadensis</List>
		<List recon_name="Larus_delawarensis" recon_no="83390">Larus_delawarensis</List>
		<List recon_name="Columba_livia" recon_no="94497">Columba_livia</List>
		<List recon_name="Puffinus_griseus" recon_no="143753">Puffinus_griseus</List>
		<List recon_name="Buteo_lagopus" recon_no="369152">Buteo_lagopus</List>
		<List recon_name="Cygnus_buccinator" recon_no="161114">Cygnus_buccinator</List>
		<List recon_name="Gavia_immer" recon_no="133768">Gavia_immer</List>
		<List recon_name="Phasianus_colchicus" recon_no="372509">Phasianus_colchicus</List>
		<List recon_name="Corvus_corax" recon_no="133788">Corvus_corax</List>
	</Taxa>
	<Characters>
		<Molecular/>
		<Morphological number="22">
			<Type>Osteology</Type>
		</Morphological>
		<Behavioural/>
		<Other/>
	</Characters>
	<Analysis>
		<Type>Maximum Parsimony</Type>
	</Analysis>
	<Notes>Based on reanalysis of the original matrix.</Notes>
	<Filename>Longrich_2006a</Filename>
	<Parent/>
	<Sibling/>
</SourceTree>
