<?xml version="1.0" standalone="yes"?>
<SourceTree>
	<Source>
		<Author>
			<List>Lu, J.-C.</List>
			<List>Tomida, Y.</List>
			<List>Azuma, Y.</List>
			<List>Dong, Z.-M.</List>
			<List>Lee, Y.-N.</List>
		</Author>
		<Year>2004</Year>
		<Title>New oviraprorid dinosaur (Dinosauria: Oviraptorosauria) from the Nemegt Formation of Southwestern Mongolia</Title>
		<Journal>Bulletin of the National Science Museum, Tokyo, Series C</Journal>
		<Volume>30</Volume>
		<Pages>95-130</Pages>
		<Booktitle/>
		<Publisher/>
		<City/>
		<Editor/>
	</Source>
	<Taxa number="20">
		<List recon_name="Allosaurus_fragilis,Sinraptor_dongi" recon_no="52962;54821">Allosauroidea</List>
		<List recon_name="Gallimimus_bullatus,Pelecanimimus_polyodon,Struthiomimus_altus" recon_no="57265;64118;57266">Ornithomimidae</List>
		<List recon_name="Deinonychus_antirrhopus,Velociraptor_mongoliensis" recon_no="54555;54554">Dromaeosauridae</List>
		<List recon_name="Borogovia_gracilicrus,Byronosaurus_jaffei,Saurornithoides_junior,Saurornithoides_mongoliensis,Sinornithoides_youngi,Troodon_formosus" recon_no="64791;57020;57262;54470;64145;54818">Troodontidae</List>
		<List recon_name="Archaeopteryx_lithographica" recon_no="55487">Archaeopteryx_lithographica</List>
		<List recon_name="Incisivosaurus_gauthieri" recon_no="64891">Incisivosaurus_gautheri</List>
		<List recon_name="Caudipteryx_zoui" recon_no="66066">Caudipteryx_zoui</List>
		<List recon_name="Microvenator_celer" recon_no="65860">Microvenator_celer</List>
		<List recon_name="Avimimus_portentosus" recon_no="55489">Avimimus_portentosus</List>
		<List recon_name="Caenagnathus_collinsi,Chirostenotes_pergracilis,Macrophalangia_canadensis" recon_no="54545;54561;54817">Chirostenotes_pergracilis</List>
		<List recon_name="Khaan_mckennai" recon_no="57026">Khaan_mckennai</List>
		<List recon_name="Conchoraptor_gracilis" recon_no="67259">Conchoraptor_gracilis</List>
		<List recon_name="Ingenia_yanshani" recon_no="96513">Ingenia_yanshini</List>
		<List recon_name="Nomingia_gobiensis" recon_no="67257">Nomingia_gobiensis</List>
		<List recon_name="Oviraptor_mongoliensis" recon_no="57021">Oviraptor_mongoliensis</List>
		<List recon_name="Heyuannia_huangi" recon_no="68048">Heyuannia_huangi</List>
		<List recon_name="Nemegtia_barsboldi" recon_no="68044">Nemegtia_barsboldi</List>
		<List recon_name="Citipati_osmolskae" recon_no="57024">Citipati_osmolskae</List>
		<List recon_name="Citipati_sp_IGM_100_42" recon_no="57023">GIN_100_slash_42</List>
		<List recon_name="Oviraptor_philoceratops" recon_no="55488">Oviraptor_philoceratops</List>
	</Taxa>
	<Characters>
		<Molecular/>
		<Morphological number="200">
			<Type>Osteology</Type>
		</Morphological>
		<Behavioural/>
		<Other/>
	</Characters>
	<Analysis>
		<Type>Maximum Parsimony</Type>
	</Analysis>
	<Notes>Based on reanalysis of the original matrix.</Notes>
	<Filename>Lu_etal_2004a</Filename>
	<Parent>Maryanska_etal_2002a</Parent>
	<Sibling/>
</SourceTree>
