<?xml version="1.0" standalone="yes"?>
<SourceTree>
	<Source>
		<Author>
			<List>Lu, J.-C.</List>
			<List>Dong, Z.-M.</List>
			<List>Azuma, Y.</List>
			<List>Barsbold, R.</List>
			<List>Tomida, Y.</List>
		</Author>
		<Year>2002</Year>
		<Title>Oviraptorosaurs compared to birds</Title>
		<Journal/>
		<Volume/>
		<Pages>175-189</Pages>
		<Booktitle>Proceedings of the 5th Symposium of the Society of Avian Paleontology and Evolution</Booktitle>
		<Publisher>Science Press</Publisher>
		<City>Beijing</City>
		<Editor>
			<List>Zhou, Z.-H.</List>
			<List>Zhang, F.-C.</List>
		</Editor>
	</Source>
	<Taxa number="14">
		<List recon_name="Deinonychus_antirrhopus,Saurornitholestes_langstoni,Utahraptor_ostrommaysi,Velociraptor_mongoliensis" recon_no="54555;54556;66450;54554">Velociraptorinae</List>
		<List recon_name="Archaeopteryx_lithographica" recon_no="55487">Archaeopteryx</List>
		<List recon_name="Caudipteryx_zoui" recon_no="66066">Caudipteryx</List>
		<List recon_name="Alvarezsaurus_calvoi" recon_no="64775">Alvarezsaurus</List>
		<List recon_name="Mononykus_olecranus" recon_no="67288">Mononykus</List>
		<List recon_name="Patagonykus_puertai" recon_no="64773">Patagonykus</List>
		<List recon_name="Microvenator_celer,Caenagnathus_collinsi,Caenagnathus_sternbergi,Conchoraptor_gracilis,Ingenia_yanshini,Oviraptor_philoceratops,Rinchenia_mongoliensis" recon_no="65860;54545;54547;67259;57022;55488;68397">Oviraptorosaurs</List>
		<List recon_name="Iberomesornis_romerali" recon_no="65831">Iberomesornis</List>
		<List recon_name="Confuciusornis_sanctus" recon_no="67261">Confucisornis</List>
		<List recon_name="Alexornis_antecedens,Avisaurus_archibaldi,Cathayornis_yandica,Concornis_lacustris,Enantiornis_leali,Gettyia_gloriae,Gobipteryx_minuta,Kizylkumavis_cretacea,Lectavis_bretincola,Lenesornis_maltshevskyi,Nanantius_eos,Neuquenornis_volans,Noguerornis_gonzalezi,Sazavis_prisca,Sinornis_santensis,Soroavisaurus_australis,Yungavolucris_brevipedalis,Zhyraornis_kashkarovi" recon_no="53319;64064;137353;100984;53307;378787;57334;70298;100986;71345;81247;100989;137424;137281;137389;100991;100988;70296">Enantiornithes</List>
		<List recon_name="Patagopteryx_deferrariisi" recon_no="68529">Patagopteryx</List>
		<List recon_name="Baptornis_advenus,Enaliornis_barretti,Enaliornis_sedgwicki,Hesperornis_altus,Hesperornis_regalis,Neogaeornis_wetzeli,Parahesperornis_alexi" recon_no="52957;67052;137414;137272;96488;53321;137277">Hesperornithiformes</List>
		<List recon_name="Ichthyornis_dispar" recon_no="54877">Ichthyornithiformes</List>
		<List recon_name="Anas_platyrhynchos" recon_no="83434">Neornithes</List>
	</Taxa>
	<Characters>
		<Molecular/>
		<Morphological number="75">
			<Type>Osteology</Type>
		</Morphological>
		<Behavioural/>
		<Other/>
	</Characters>
	<Analysis>
		<Type>Maximum Parsimony</Type>
	</Analysis>
	<Notes>Based on reanalysis of the original matrix.</Notes>
	<Filename>Lu_etal_2002a</Filename>
	<Parent/>
	<Sibling/>
</SourceTree>
