<?xml version="1.0" standalone="yes"?>
<SourceTree>
	<Source>
		<Author>
			<List>Lu, J.-C.</List>
			<List>Ji, Q.</List>
			<List>Gao, Y.</List>
			<List>Li, Z.-X.</List>
		</Author>
		<Year>2007</Year>
		<Title>A new species of the ankylosaurid dinosaur <em>Crichtonsaurus</em> (Ankylosauridae: Ankylosauria) from the Cretaceous of Liaoning Province, China</Title>
		<Journal>Acta Geologica Sinica</Journal>
		<Volume>81</Volume>
		<Pages>883-897</Pages>
		<Booktitle/>
		<Publisher/>
		<City/>
		<Editor/>
	</Source>
	<Taxa number="24">
		<List recon_name="Lesothosaurus_diagnosticus" recon_no="57574">Lesothosaurus</List>
		<List recon_name="Huayangosaurus_taibaii" recon_no="54858">Huayangosaurus</List>
		<List recon_name="Gargoyleosaurus_parkpinorum" recon_no="82609">Gargoyleosaurus</List>
		<List recon_name="Minmi_paravertebrata" recon_no="64270">Minmi</List>
		<List recon_name="Gastonia_burgei" recon_no="63701">Gastonia</List>
		<List recon_name="Tsagantegia_longicranialis" recon_no="68199">Tsagantegia</List>
		<List recon_name="Crichtonsaurus_benxiensis" recon_no="153811">Crichtonsaurus</List>
		<List recon_name="Tarchia_gigantea" recon_no="52905">Tarchia</List>
		<List recon_name="Ankylosaurus_magniventris" recon_no="52793">Ankylosaurus</List>
		<List recon_name="Euoplocephalus_tutus" recon_no="63917">Euoplocephalus</List>
		<List recon_name="Saichania_chulsanensis" recon_no="52910">Saichania</List>
		<List recon_name="Talarurus_plicatospineus" recon_no="52797">Talarurus</List>
		<List recon_name="Pinacosaurus_grangeri" recon_no="52911">Pin_grangeri</List>
		<List recon_name="Pinacosaurus_mephistocephalus" recon_no="57343">Pin_mesphistoce</List>
		<List recon_name="Tianzhenosaurus_youngi" recon_no="66504">Tianzhenosaurus</List>
		<List recon_name="Gobisaurus_domoculus" recon_no="84235">Gobisaurus</List>
		<List recon_name="Shamosaurus_scutatus" recon_no="52795">Shamosaurus</List>
		<List recon_name="Cedarpelta_bilbeyhallorum" recon_no="81294">Cedarpelta</List>
		<List recon_name="Pawpawsaurus_campbelli" recon_no="55999">Pawpawsaurus</List>
		<List recon_name="Sauropelta_edwardsorum" recon_no="81248">Sauropelta</List>
		<List recon_name="Silvisaurus_condrayi" recon_no="52791">Silvisaurus</List>
		<List recon_name="Panoplosaurus_mirus" recon_no="52788">Panoplosaurus</List>
		<List recon_name="Edmontonia_longiceps" recon_no="63920">Ed_longiceps</List>
		<List recon_name="Edmontonia_rugosidens" recon_no="66027">Ed_rugosidens</List>
	</Taxa>
	<Characters>
		<Molecular/>
		<Morphological number="63">
			<Type>Osteology</Type>
		</Morphological>
		<Behavioural/>
		<Other/>
	</Characters>
	<Analysis>
		<Type>Maximum Parsimony</Type>
	</Analysis>
	<Notes>Based on reanalysis of the original matrix.</Notes>
	<Filename>Lu_etal_2007b</Filename>
	<Parent>Vickaryous_etal_2004a</Parent>
	<Sibling/>
</SourceTree>
