<?xml version="1.0" standalone="yes"?>
<SourceTree>
	<Source>
		<Author>
			<List>Maidment, S. C. R.</List>
			<List>Norman, D. B.</List>
			<List>Barrett, P. M.</List>
			<List>Upchurch, P.</List>
		</Author>
		<Year>2008</Year>
		<Title>Systematics and phylogeny of Stegosauria (Dinosauria: Ornithischia)</Title>
		<Journal>Journal of Systematic Palaeontology</Journal>
		<Volume>6</Volume>
		<Pages>367-407</Pages>
		<Booktitle/>
		<Publisher/>
		<City/>
		<Editor/>
	</Source>
	<Taxa number="18">
		<List recon_name="Lesothosaurus_diagnosticus" recon_no="57574">Lesothosaurus</List>
		<List recon_name="Scutellosaurus_lawleri" recon_no="67088">Scutellosaurus</List>
		<List recon_name="Emausaurus_ernsti" recon_no="64406">Emausaurus</List>
		<List recon_name="Scelidosaurus_harrisonii" recon_no="53042">Scelidosaurus</List>
		<List recon_name="Huayangosaurus_taibaii" recon_no="54858">Huayangosaurus</List>
		<List recon_name="Dacentrurus_armatus" recon_no="56505">Dacentrurus_armatus</List>
		<List recon_name="Loricatosaurus_priscus" recon_no="142527">Loricatosaurus</List>
		<List recon_name="Kentrosaurus_aethiopicus" recon_no="56490">Kentrosaurus</List>
		<List recon_name="Paranthodon_africanus" recon_no="56497">Paranthodon</List>
		<List recon_name="Chungkingosaurus_jiangbeiensis" recon_no="56487">Chungkingosaurus</List>
		<List recon_name="Tuojiangosaurus_multispinus" recon_no="54854">Tuojiangosaurus</List>
		<List recon_name="Gigantspinosaurus_sichuanensis" recon_no="89461">Gigantspinosaurus</List>
		<List recon_name="Stegosaurus_homheni" recon_no="142523">Stegosaurus_homheni</List>
		<List recon_name="Stegosaurus_armatus" recon_no="52941">S_armatus</List>
		<List recon_name="Stegosaurus_mjosi" recon_no="142522">S_mjosi</List>
		<List recon_name="Gastonia_burgei" recon_no="63701">Gastonia</List>
		<List recon_name="Sauropelta_edwardsorum" recon_no="81248">Sauropelta</List>
		<List recon_name="Euoplocephalus_tutus" recon_no="63917">Euoplocephalus</List>
	</Taxa>
	<Characters>
		<Molecular/>
		<Morphological number="85">
			<Type>Osteology</Type>
		</Morphological>
		<Behavioural/>
		<Other/>
	</Characters>
	<Analysis>
		<Type>Maximum Parsimony</Type>
	</Analysis>
	<Notes>Based on reanalysis of the original matrix.</Notes>
	<Filename>Maidment_etal_2008a</Filename>
	<Parent/>
	<Sibling/>
</SourceTree>
