<?xml version="1.0" standalone="yes"?>
<SourceTree>
	<Source>
		<Author>
			<List>Makovicky, P. J.</List>
			<List>Norell, M. A.</List>
		</Author>
		<Year>2006</Year>
		<Title><em>Yamaceratops dorngobiensis</em>, a new primitive ceratopsian (Dinosauria: Ornithischia) from the Cretaceous of Mongolia</Title>
		<Journal>American Museum Novitates</Journal>
		<Volume>3530</Volume>
		<Pages>1-42</Pages>
		<Booktitle/>
		<Publisher/>
		<City/>
		<Editor/>
	</Source>
	<Taxa number="20">
		<List recon_name="Hypsilophodon_foxii" recon_no="54190">Hypsilophodon_foxi</List>
		<List recon_name="Stegoceras_validum" recon_no="56570">Stegoceras_validus</List>
		<List recon_name="Liaoceratops_yanzigouensis" recon_no="55582">Liaoceratops_yanzhiguouensis</List>
		<List recon_name="Archaeoceratops_oshimai" recon_no="55576">Archaeoceratops_oshimai</List>
		<List recon_name="Asiaceratops_salsopaludalis" recon_no="66589">Asiaceratops_salsopaludalis</List>
		<List recon_name="Yamaceratops_dorngobiensis" recon_no="85968">Yamaceratops_gobiensis</List>
		<List recon_name="Graciliceratops_mongoliensis" recon_no="67674">Graciliceratops_mongoliensis</List>
		<List recon_name="Bagaceratops_rozhdestvenskyi" recon_no="52826">Bagaceratops_rozhdestvenskyi</List>
		<List recon_name="Protoceratops_andrewsi" recon_no="52824">Protoceratops_andrewsi</List>
		<List recon_name="Zuniceratops_christopheri" recon_no="66591">Zuniceratops_christopheri</List>
		<List recon_name="Centrosaurus_apertus" recon_no="63911">Centrosaurus_apertus</List>
		<List recon_name="Triceratops_horridus" recon_no="63759">Triceratops_horridus</List>
		<List recon_name="Montanoceratops_cerorhynchus" recon_no="52830">Montanoceratops_cerorhynchus</List>
		<List recon_name="Leptoceratops_gracilis" recon_no="52827">Leptoceratops_gracilis</List>
		<List recon_name="Udanoceratops_tschizhovi" recon_no="66585">Udanoceratops_tahizhovi</List>
		<List recon_name="Prenoceratops_pieganensis" recon_no="96089">Prenoceratops_peiganensis</List>
		<List recon_name="Psittacosaurus_mongoliensis" recon_no="52831">Psittacosaurus_mongoliensis</List>
		<List recon_name="Psittacosaurus_sinensis" recon_no="65705">Psittacosaurus_sinensis</List>
		<List recon_name="Chaoyangsaurus_youngi" recon_no="55580">Chaoyangsaurus_youngi</List>
		<List recon_name="Xuanhuaceratops_niei" recon_no="153950">IVPP_V12722</List>
	</Taxa>
	<Characters>
		<Molecular/>
		<Morphological number="133">
			<Type>Osteology</Type>
		</Morphological>
		<Behavioural/>
		<Other/>
	</Characters>
	<Analysis>
		<Type>Maximum Parsimony</Type>
	</Analysis>
	<Notes>Based on reanalysis of the original matrix.</Notes>
	<Filename>Makovicky_et_Norell_2006aa</Filename>
	<Parent/>
	<Sibling>Makovicky_et_Norell_2006ab</Sibling>
</SourceTree>
