<?xml version="1.0" standalone="yes"?>
<SourceTree>
	<Source>
		<Author>
			<List>Makovicky, P. J.</List>
		</Author>
		<Year>2001</Year>
		<Title>A <em>Montanoceratops cerorhynchus</em> (Dinosauria: Ceratopsia) braincase from the Horseshoe Canyon Formation of Alberta</Title>
		<Journal/>
		<Volume/>
		<Pages>243-262</Pages>
		<Booktitle>Mesozoic Vertebrate Life</Booktitle>
		<Publisher>Indiana University Press</Publisher>
		<City>Bloomington</City>
		<Editor>
			<List>Tanke, D. H.</List>
			<List>Carpenter, K.</List>
		</Editor>
	</Source>
	<Taxa number="15">
		<List recon_name="Hypsilophodon_foxii" recon_no="54190">Hypsilophodon_foxii</List>
		<List recon_name="Stegoceras_validum" recon_no="56570">Stegoceras_validum</List>
		<List recon_name="Chaoyangsaurus_youngi" recon_no="55580">Chaoyangsaurus_youngi</List>
		<List recon_name="Psittacosaurus_mongoliensis" recon_no="52831">Psittacosaurus_mongoliensis</List>
		<List recon_name="Archaeoceratops_oshimai" recon_no="55576">Archaeoceratops_oshimai</List>
		<List recon_name="Asiaceratops_salsopaludalis" recon_no="66589">Asiaceratops_salsopaludalis</List>
		<List recon_name="Montanoceratops_cerorhynchus" recon_no="52830">Montanoceratops_ceorhynchus</List>
		<List recon_name="Leptoceratops_gracilis" recon_no="52827">Leptoceratops_gracilis</List>
		<List recon_name="Udanoceratops_tschizhovi" recon_no="66585">Udanoceratops_tschizhovi</List>
		<List recon_name="Microceratops_gobiensis" recon_no="52825">Microceratops_gobiensis</List>
		<List recon_name="Bagaceratops_rozhdestvenskyi" recon_no="52826">Bagaceratops_rozhdestvenskyi</List>
		<List recon_name="Protoceratops_andrewsi" recon_no="52824">Protoceratops_andrewsi</List>
		<List recon_name="Zuniceratops_christopheri" recon_no="66591">Zuniceratops_christopheri</List>
		<List recon_name="Centrosaurus_apertus" recon_no="63911">Centrosaurus_apertus</List>
		<List recon_name="Triceratops_horridus" recon_no="63759">Triceratops_horridus</List>
	</Taxa>
	<Characters>
		<Molecular/>
		<Morphological number="98">
			<Type>Osteology</Type>
		</Morphological>
		<Behavioural/>
		<Other/>
	</Characters>
	<Analysis>
		<Type>Maximum Parsimony</Type>
	</Analysis>
	<Notes>Based on reanalysis of the original matrix.</Notes>
	<Filename>Makovicky_2001a</Filename>
	<Parent/>
	<Sibling/>
</SourceTree>
