<?xml version="1.0" standalone="yes"?>
<SourceTree>
	<Source>
		<Author>
			<List>Makovicky, P. J.</List>
			<List>Apesteguia, S.</List>
			<List>Gianechini, F. A.</List>
		</Author>
		<Year>2012</Year>
		<Title>A new coelurosaurian theropod from the La Buitrera fossil locality of Rio Negro, Argentina</Title>
		<Journal>Fieldiana Life and Earth Sciences</Journal>
		<Volume>5</Volume>
		<Pages>90-98</Pages>
		<Booktitle/>
		<Publisher/>
		<City/>
		<Editor/>
	</Source>
	<Taxa number="80">
		<List recon_name="Dilophosaurus_wetherilli" recon_no="57251">Dilophosaurus</List>
		<List recon_name="Sinraptor_dongi" recon_no="54821">Sinraptor_dongi</List>
		<List recon_name="Ingenia_yanshani" recon_no="96513">Ingenia_yanshani</List>
		<List recon_name="Citipati_osmolskae" recon_no="57024">Citipati_osmolskae</List>
		<List recon_name="Rinchenia_mongoliensis" recon_no="68397">Rinchenia_mongoliense</List>
		<List recon_name="Oviraptor_philoceratops" recon_no="55488">Oviraptor_philoceratops</List>
		<List recon_name="Conchoraptor_gracilis" recon_no="67259">Conchoraptor_gracilis</List>
		<List recon_name="Incisivosaurus_gauthieri" recon_no="64891">Incisivosaurus_gauthieri</List>
		<List recon_name="Microvenator_celer" recon_no="65860">Microvenator_celer</List>
		<List recon_name="Chirostenotes_pergracilis" recon_no="54561">Chirostenotes_pergracilis</List>
		<List recon_name="Dromaeosaurus_albertensis" recon_no="54550">Dromaeosaurus_albertensis</List>
		<List recon_name="Deinonychus_antirrhopus" recon_no="54555">Deinonychus_antirrhopus</List>
		<List recon_name="Velociraptor_mongoliensis" recon_no="54554">Velociraptor_mongoliensis</List>
		<List recon_name="Utahraptor_ostrommaysi" recon_no="66450">Utahraptor_ostrommaysorum</List>
		<List recon_name="Adasaurus_mongoliensis" recon_no="57261">Adasaurus_mongoliensis</List>
		<List recon_name="Achillobator_giganticus" recon_no="68418">Achillobator_giganticus</List>
		<List recon_name="Tsaagan_mangas" recon_no="90550">Tsaagan_mangas</List>
		<List recon_name="Saurornitholestes_langstoni" recon_no="54556">Saurornitholestes_langsto</List>
		<List recon_name="Sinornithosaurus_millenii" recon_no="68205">Sinornithosaurus_millenii</List>
		<List recon_name="Microraptor_zhaoianus" recon_no="68239">Microraptor_zhaoianus</List>
		<List recon_name="Rahonavis_ostromi" recon_no="64133">Rahonavis_ostromi</List>
		<List recon_name="Mononykus_olecranus" recon_no="67288">Mononykus_olecranus</List>
		<List recon_name="Shuvuuia_deserti" recon_no="66044">Shuuvia_deserti</List>
		<List recon_name="Alvarezsaurus_calvoi" recon_no="64775">Alvarezsaurus_calvoi</List>
		<List recon_name="Ornitholestes_hermanni" recon_no="55484">Ornitholestes_hermanni</List>
		<List recon_name="Archaeopteryx_lithographica" recon_no="55487">Archaeopteryx_lithographi</List>
		<List recon_name="Avimimus_portentosus" recon_no="55489">Avimimus_portentosus</List>
		<List recon_name="Caudipteryx_zoui" recon_no="66066">Caudipteryx_zoui</List>
		<List recon_name="Confuciusornis_sanctus" recon_no="67261">Confuciusornis_sanctus</List>
		<List recon_name="Struthiomimus_altus" recon_no="57266">Struthiomimus_altus</List>
		<List recon_name="Gallimimus_bullatus" recon_no="57265">Gallimimus_bullatus</List>
		<List recon_name="Garudimimus_brevipes" recon_no="57267">Garudimimus_brevipes</List>
		<List recon_name="Troodon_formosus" recon_no="54818">Troodon_formosus</List>
		<List recon_name="Saurornithoides_mongoliensis" recon_no="54470">Saurornithoides_mongolien</List>
		<List recon_name="Saurornithoides_junior" recon_no="57262">Saurornithoides_junior</List>
		<List recon_name="Byronosaurus_jaffei" recon_no="57020">Byronosaurus_jaffei</List>
		<List recon_name="Sinornithoides_youngi" recon_no="64145">Sinornithoides_youngi</List>
		<List recon_name="Sinovenator_changii" recon_no="64889">Sinovenator_changii</List>
		<List recon_name="Mei_long" recon_no="68250">Mei_long</List>
		<List recon_name="Troodontidae_indet_IGM_100_44" recon_no="54468">IGM_100_44</List>
		<List recon_name="Segnosaurus_galbinensis" recon_no="66664">Segnosaurus_galbinensis</List>
		<List recon_name="Erlikosaurus_andrewsi" recon_no="66667">Erlikosaurus_andrewsi</List>
		<List recon_name="Alxasaurus_elesitaiensis" recon_no="64126">Alxasaurus_elesitaiensis</List>
		<List recon_name="Harpymimus_okladnikovi" recon_no="66670">Harpymimus_okladnikovi</List>
		<List recon_name="Pelecanimimus_polyodon" recon_no="64118">Pelecanimimus_polydon</List>
		<List recon_name="Beishanlong_grandis" recon_no="146118">Beishanlong_grandis</List>
		<List recon_name="Shenzhousaurus_orientalis" recon_no="68334">Shenzhousaurus_orientalis</List>
		<List recon_name="Ornithomimus_edmontonicus" recon_no="63438">Ornithomimus_edmonticus</List>
		<List recon_name="Archaeornithomimus_asiaticus" recon_no="57276">Archaeornithomimus_asiati</List>
		<List recon_name="Anserimimus_planinychus" recon_no="66672">Anserimimus_planinychus</List>
		<List recon_name="Huaxiagnathus_orientalis" recon_no="68221">Huaxiagnathus_orientalis</List>
		<List recon_name="Dilong_paradoxus" recon_no="58836">Dilong</List>
		<List recon_name="Sinosauropteryx_prima" recon_no="54549">Sinosauropteryx_prima</List>
		<List recon_name="Compsognathus_longipes" recon_no="53007">Compsognathus_longipes</List>
		<List recon_name="Buitreraptor_gonzalezorum" recon_no="68202">Buitreraptor_gonzalozorum</List>
		<List recon_name="Neuquenraptor_argentinus,Unenlagia_comahuensis" recon_no="64531;65422">Neuquen_Unenlagia</List>
		<List recon_name="Shanag_ashile" recon_no="96500">Shanag_ashile</List>
		<List recon_name="Mahakala_omnogovae" recon_no="133919">Mahakala</List>
		<List recon_name="Coelurus_fragilis" recon_no="52986">Coelurus</List>
		<List recon_name="Nqwebasaurus_thwazi" recon_no="66506">Nqwebasaurus</List>
		<List recon_name="Tanycolagreus_topwilsoni" recon_no="68260">Tanycolagreus</List>
		<List recon_name="Proceratosaurus_bradleyi" recon_no="66979">Proceratosaurus</List>
		<List recon_name="Monolophosaurus_jiangi" recon_no="64122">Monolophosaurus</List>
		<List recon_name="Guanlong_wucaii" recon_no="71191">Guanlong</List>
		<List recon_name="Falcarius_utahensis" recon_no="65780">Falcarius</List>
		<List recon_name="Eotyrannus_lengi" recon_no="68317">Eotyrannus</List>
		<List recon_name="Appalachiosaurus_montgomeriensis" recon_no="65080">Appalachiosaurus</List>
		<List recon_name="Xiongguanlong_baimoensis" recon_no="146100">Xiongguanlong</List>
		<List recon_name="Tyrannosaurus_rex" recon_no="54833">Tyrannosaurus_rex</List>
		<List recon_name="Gorgosaurus_libratus" recon_no="53194">Gorgosaurus</List>
		<List recon_name="Allosaurus_fragilis" recon_no="52962">Allosaurus_fragilis</List>
		<List recon_name="Tyrannosauroidea_indet_FMNH_PR_2750" recon_no="58837">Cloverly_tooth</List>
		<List recon_name="Stokesosaurus_clevelandi" recon_no="64493">Stokesosaurus</List>
		<List recon_name="Raptorex_kriegsteini" recon_no="154175">Raptorrex</List>
		<List recon_name="Alnashetri_cerropoliciensis" recon_no="249148">Alnashetri</List>
		<List recon_name="Linhenykus_monodactylus" recon_no="175494">Linhenykus</List>
		<List recon_name="Xixianykus_zhangi" recon_no="165128">Xixianykus</List>
		<List recon_name="Patagonykus_puertai" recon_no="64773">Patagonykus_puertai</List>
		<List recon_name="Bonapartenykus_ultimus" recon_no="243260">Bonapartenykus</List>
		<List recon_name="Albinykus_baatar" recon_no="177465">Albinykus</List>
	</Taxa>
	<Characters>
		<Molecular/>
		<Morphological number="304">
			<Type>Osteology</Type>
		</Morphological>
		<Behavioural/>
		<Other/>
	</Characters>
	<Analysis>
		<Type>Maximum Parsimony</Type>
	</Analysis>
	<Notes>Based on reanalysis of the original matrix.</Notes>
	<Filename>Makovicky_etal_2012a</Filename>
	<Parent>Zanno_et_Makovicky_2011aa</Parent>
	<Sibling/>
</SourceTree>
