<?xml version="1.0" standalone="yes"?>
<SourceTree>
	<Source>
		<Author>
			<List>Makovicky, P. J.</List>
			<List>Sues, H.-D.</List>
		</Author>
		<Year>1998</Year>
		<Title>Anatomy and phylogenetic relationships of the theropod dinosaur <em>Microvenator celer</em> from the Lower Cretaceous of Montana</Title>
		<Journal>American Museum Novitates</Journal>
		<Volume>3240</Volume>
		<Pages>1-27</Pages>
		<Booktitle/>
		<Publisher/>
		<City/>
		<Editor/>
	</Source>
	<Taxa number="14">
		<List recon_name="Herrerasaurus_ischigualastensis" recon_no="55000">Herrerasaurus</List>
		<List recon_name="Coelophysis_bauri" recon_no="55477">Coelophysis</List>
		<List recon_name="Allosaurus_fragilis" recon_no="52962">Allosaurus</List>
		<List recon_name="Albertosaurus_megagracilis,Albertosaurus_sarcophagus,Alectrosaurus_olseni,Alioramus_remotus,Chingkankousaurus_fragilis,Daspletosaurus_torosus,Gorgosaurus_libratus,Maleevosaurus_novojilovi,Nanotyrannus_lancensis,Tarbosaurus_bataar,Tyrannosaurus_luanchuanensis,Tyrannosaurus_rex" recon_no="67649;56319;57253;57259;65684;57258;53194;63709;53213;57254;54835;54833">Tyrannosauridae</List>
		<List recon_name="Anserimimus_planinychus,Archaeornithomimus_asiaticus,Dromiceiomimus_brevetertius,Dromiceiomimus_samueli,Gallimimus_bullatus,Garudimimus_brevipes,Harpymimus_okladnikovi,Ornithomimus_edmontonicus,Ornithomimus_velox,Struthiomimus_altus" recon_no="66672;57276;57274;57272;57265;57267;66670;63438;57269;57266">Ornithomimosauria</List>
		<List recon_name="Ornitholestes_hermanni" recon_no="55484">Ornitholestes</List>
		<List recon_name="Coelurus_fragilis" recon_no="52986">Coelurus</List>
		<List recon_name="Alxasaurus_elesitaiensis,Erlikosaurus_andrewsi,Segnosaurus_galbinensis" recon_no="64126;66667;66664">Therizinosauroidea</List>
		<List recon_name="Microvenator_celer" recon_no="65860">Microvenator</List>
		<List recon_name="Conchoraptor_gracilis,Ingenia_yanshini,Oviraptor_mongoliensis,Oviraptor_philoceratops" recon_no="67259;57022;57021;55488">Oviraptoridae</List>
		<List recon_name="Caenagnathus_collinsi,Caenagnathus_sternbergi" recon_no="54545;54547">Caenagnathidae</List>
		<List recon_name="Archaeopteryx_lithographica" recon_no="55487">Avialae</List>
		<List recon_name="Deinonychus_antirrhopus,Velociraptor_mongoliensis" recon_no="54555;54554">Dromaeosauridae</List>
		<List recon_name="Borogovia_gracilicrus,Pectinodon_bakkeri,Saurornithoides_junior,Saurornithoides_mongoliensis,Stenonychosaurus_inequalis,Tochisaurus_nemegtensis,Troodon_formosus" recon_no="64791;54819;57262;54470;54467;66620;54818">Troodontidae</List>
	</Taxa>
	<Characters>
		<Molecular/>
		<Morphological number="95">
			<Type>Osteology</Type>
		</Morphological>
		<Behavioural/>
		<Other/>
	</Characters>
	<Analysis>
		<Type>Maximum Parsimony</Type>
	</Analysis>
	<Notes>Based on reanalysis of the original matrix.</Notes>
	<Filename>Makovicky_et_Sues_1998a</Filename>
	<Parent/>
	<Sibling/>
</SourceTree>
