<?xml version="1.0" standalone="yes"?>
<SourceTree>
	<Source>
		<Author>
			<List>Mallon, J. C.</List>
			<List>Holmes, R.</List>
			<List>Eberth, D. A.</List>
			<List>Ryan, M. J.</List>
			<List>Anderson, J. S.</List>
		</Author>
		<Year>2011</Year>
		<Title>Variation in the skull of <em>Anchiceratops</em> (Dinosauria, Ceratopsidae) from the Horseshoe Canyon Formation (Upper Cretaceous) of Alberta</Title>
		<Journal>Journal of Vertebrate Paleontology</Journal>
		<Volume>31</Volume>
		<Pages>1047-1071</Pages>
		<Booktitle/>
		<Publisher/>
		<City/>
		<Editor/>
	</Source>
	<Taxa number="25">
		<List recon_name="Leptoceratops_gracilis" recon_no="52827">Leptoceratops_gracilis</List>
		<List recon_name="Protoceratops_andrewsi" recon_no="52824">Protoceratops_andrewsi</List>
		<List recon_name="Zuniceratops_christopheri" recon_no="66591">Zuniceratops_christopheri</List>
		<List recon_name="Turanoceratops_tardabilis" recon_no="67678">Turanoceratops_tardabilis</List>
		<List recon_name="Albertaceratops_nesmoi" recon_no="94776">Albertaceratops_nesmoi</List>
		<List recon_name="Centrosaurus_apertus" recon_no="63911">Centrosaurus_apertus</List>
		<List recon_name="Pachyrhinosaurus_lakustai" recon_no="167138">Pachyrhinosaurus_lakustai</List>
		<List recon_name="Mojoceratops_perifania" recon_no="170959">Mojoceratops_perifania</List>
		<List recon_name="Agujaceratops_mariscalensis" recon_no="112569">Agujaceratops_mariscalensis</List>
		<List recon_name="Coahuilaceratops_magnacuerna" recon_no="170567">Coahuilaceratops_magnacuerna</List>
		<List recon_name="Anchiceratops_ornatus" recon_no="63447">Anchiceratops_ornatus</List>
		<List recon_name="Arrhinoceratops_brachyops" recon_no="63401">Arrhinoceratops_brachyops</List>
		<List recon_name="Chasmosaurus_belli" recon_no="66019">Chasmosaurus_belli</List>
		<List recon_name="Chasmosaurus_russelli" recon_no="66020">Chasmosaurus_russelli</List>
		<List recon_name="Vagaceratops_irvinensis" recon_no="215083">Vagaceratops_irvinensis</List>
		<List recon_name="Kosmoceratops_richardsoni" recon_no="243367">Kosmoceratops_richardsoni</List>
		<List recon_name="Utahceratops_gettyi" recon_no="243365">Utahceratops_gettyi</List>
		<List recon_name="Pentaceratops_sternbergii" recon_no="55033">Pentaceratops_sternbergii</List>
		<List recon_name="Ojoceratops_fowleri" recon_no="170630">Ojoceratops_fowleri</List>
		<List recon_name="Eotriceratops_xerinsularis" recon_no="109481">Eotriceratops_xerinsularis</List>
		<List recon_name="Nedoceratops_hatcheri" recon_no="139256">Nedoceratops_hatcheri</List>
		<List recon_name="Torosaurus_latus" recon_no="63773">Torosaurus_latus</List>
		<List recon_name="Torosaurus_utahensis" recon_no="65132">Torosaurus_utahensis</List>
		<List recon_name="Triceratops_horridus" recon_no="63759">Triceratops_horridus</List>
		<List recon_name="Triceratops_prorsus" recon_no="63770">Triceratops_prorsus</List>
	</Taxa>
	<Characters>
		<Molecular/>
		<Morphological number="149">
			<Type>Osteology</Type>
		</Morphological>
		<Behavioural/>
		<Other/>
	</Characters>
	<Analysis>
		<Type>Maximum Parsimony</Type>
	</Analysis>
	<Notes>Based on reanalysis of the original matrix.</Notes>
	<Filename>Mallon_etal_2011a</Filename>
	<Parent>Sampson_etal_2010a</Parent>
	<Sibling/>
</SourceTree>
