<?xml version="1.0" standalone="yes"?>
<SourceTree>
	<Source>
		<Author>
			<List>Martinez, R. N.</List>
			<List>Sereno, P. C.</List>
			<List>Alcober, O. A.</List>
			<List>Colombi, C. E.</List>
			<List>Renne, P. R.</List>
			<List>Montanez, I. P.</List>
			<List>Currie, B. S.</List>
		</Author>
		<Year>2011</Year>
		<Title>A basal dinosaur from the dawn of the dinosaur era in southwestern Pangaea</Title>
		<Journal>Science</Journal>
		<Volume>331</Volume>
		<Pages>206-210</Pages>
		<Booktitle/>
		<Publisher/>
		<City/>
		<Editor/>
	</Source>
	<Taxa number="20">
		<List recon_name="DELETE" recon_no="0">DINOSAUROMORPH_ANC</List>
		<List recon_name="Dromomeron_romeri,Lagerpeton_chanarensis" recon_no="104966;66341">LAGERPETIDAE</List>
		<List recon_name="Marasuchus_lilloensis" recon_no="66342">Marasuchus</List>
		<List recon_name="Asilisaurus_kongwe,Silesaurus_opolensis" recon_no="164325;81776">SILESAURIDAE</List>
		<List recon_name="Lesothosaurus_diagnosticus" recon_no="57574">Lesothosaurus</List>
		<List recon_name="Heterodontosaurus_tucki,Tianyulong_confuciusi" recon_no="52902;143496">HETERODONTOSAURIDAE</List>
		<List recon_name="Hypsilophodon_foxii,Psittacosaurus_mongoliensis,Scutellosaurus_lawleri" recon_no="54190;52831;67088">GENASAURIA</List>
		<List recon_name="Massospondylus_carinatus,Plateosaurus_engelhardti" recon_no="56595;56683">SAUROPODIFORMES</List>
		<List recon_name="Eoraptor_lunensis" recon_no="57454">Eoraptor</List>
		<List recon_name="Panphagia_protos" recon_no="142534">Panphagia</List>
		<List recon_name="Saturnalia_tupiniquim" recon_no="68124">Saturnalia</List>
		<List recon_name="Herrerasaurus_ischigualastensis" recon_no="55000">Herrerasaurus</List>
		<List recon_name="Staurikosaurus_pricei" recon_no="55001">Staurikosaurus</List>
		<List recon_name="Eodromaeus_murphi" recon_no="174879">Eodromaeus</List>
		<List recon_name="Ceratosaurus_nasicornis" recon_no="54165">Ceratosaurus</List>
		<List recon_name="Tawa_hallae" recon_no="159719">Tawa</List>
		<List recon_name="Dilophosaurus_wetherilli" recon_no="57251">Dilophosaurus</List>
		<List recon_name="Syntarsus_kayentakatae" recon_no="55540">Syntarsus_k</List>
		<List recon_name="Coelophysis_bauri" recon_no="55477">Coelophysis</List>
		<List recon_name="Syntarsus_rhodesiensis" recon_no="55541">Syntarsus_r</List>
	</Taxa>
	<Characters>
		<Molecular/>
		<Morphological number="139">
			<Type>Osteology</Type>
		</Morphological>
		<Behavioural/>
		<Other/>
	</Characters>
	<Analysis>
		<Type>Maximum Parsimony</Type>
	</Analysis>
	<Notes>Based on reanalysis of the original matrix.</Notes>
	<Filename>Martinez_etal_2011a</Filename>
	<Parent/>
	<Sibling/>
</SourceTree>
