<?xml version="1.0" standalone="yes"?>
<SourceTree>
	<Source>
		<Author>
			<List>Martin L.</List>
		</Author>
		<Year>1997</Year>
		<Title>The difference between dinosaurs and birds as applied to <em>Mononykus</em></Title>
		<Journal/>
		<Volume/>
		<Pages>337-343</Pages>
		<Booktitle>Dinofest International: Proceedings of a symposium held at Arizona State University</Booktitle>
		<Publisher>Philadelphia Academy of Natural Sciences</Publisher>
		<City>Phoenix</City>
		<Editor>
			<List>Wolberg, D. L.,</List>
			<List>Stump, E.</List>
			<List>Rosenberg, G.</List>
		</Editor>
	</Source>
	<Taxa number="10">
		<List recon_name="DELETE" recon_no="0">Outgroup</List>
		<List recon_name="Archaeopteryx_lithographica" recon_no="55487">Archaeopteryx</List>
		<List recon_name="Ichthyornis_dispar" recon_no="54877">Ichthyornis</List>
		<List recon_name="Sinornithoides_youngi,Troodon_formosus" recon_no="64145;54818">Troodontids</List>
		<List recon_name="Oviraptor_philoceratops" recon_no="55488">Oviraptor</List>
		<List recon_name="Ornithomimus_edmontonicus" recon_no="63438">Ornithomimus</List>
		<List recon_name="Struthiomimus_altus" recon_no="57266">Struthiomimus</List>
		<List recon_name="Mononykus_olecranus" recon_no="67288">Mononykus</List>
		<List recon_name="Deinonychus_antirrhopus" recon_no="54555">Deinonychus</List>
		<List recon_name="Tyrannosaurus_rex" recon_no="54833">Tyrannosaurus</List>
	</Taxa>
	<Characters>
		<Molecular/>
		<Morphological number="42">
			<Type>Osteology</Type>
		</Morphological>
		<Behavioural/>
		<Other/>
	</Characters>
	<Analysis>
		<Type>Maximum Parsimony</Type>
	</Analysis>
	<Notes>Based on reanalysis of the original matrix.</Notes>
	<Filename>Martin_1997a</Filename>
	<Parent/>
	<Sibling/>
</SourceTree>
