<?xml version="1.0" standalone="yes"?>
<SourceTree>
	<Source>
		<Author>
			<List>Martinez, R. N.</List>
		</Author>
		<Year>2009</Year>
		<Title><em>Adeopapposaurus mognai</em>, gen. et sp. nov. (Dinosauria: Sauropodomorpha), with comments on adaptations of basal Sauropodomorpha</Title>
		<Journal>Journal of Vertebrate Paleontology</Journal>
		<Volume>29</Volume>
		<Pages>142-164</Pages>
		<Booktitle/>
		<Publisher/>
		<City/>
		<Editor/>
	</Source>
	<Taxa number="35">
		<List recon_name="Marasuchus_lilloensis" recon_no="66342">Marasuchus</List>
		<List recon_name="Herrerasaurus_ischigualastensis" recon_no="55000">Herrerasaurus</List>
		<List recon_name="Guaibasaurus_candelariensis" recon_no="66571">Guaibasaurus</List>
		<List recon_name="Coelophysis_bauri" recon_no="55477">Coelophysis</List>
		<List recon_name="Ammosaurus_major" recon_no="54161">Ammosaurus</List>
		<List recon_name="Anchisaurus_polyzelus" recon_no="64382">Anchisaurus</List>
		<List recon_name="Blikanasaurus_cromptoni" recon_no="55644">Blikanasaurus</List>
		<List recon_name="Camelotia_borealis" recon_no="56586">Camelotia</List>
		<List recon_name="Efraasia_minor" recon_no="91403">Efraasia</List>
		<List recon_name="Gyposaurus_sinensis" recon_no="64288">Gyposaurus</List>
		<List recon_name="Jingshanosaurus_xinwaensis" recon_no="64138">Jingshanosaurus</List>
		<List recon_name="Lessemsaurus_sauropoides" recon_no="68588">Lessemsaurus</List>
		<List recon_name="Melanorosaurus_readi" recon_no="54980">Melanorosaurus</List>
		<List recon_name="Mussaurus_patagonicus" recon_no="66682">Mussaurus</List>
		<List recon_name="Saturnalia_tupiniquim" recon_no="68124">Saturnalia</List>
		<List recon_name="Thecodontosaurus_antiquus" recon_no="56627">Thecodontosaurus</List>
		<List recon_name="Eoraptor_lunensis" recon_no="57454">Eoraptor</List>
		<List recon_name="Heterodontosaurus_tucki" recon_no="52902">Heterodontosaurus</List>
		<List recon_name="Lesothosaurus_diagnosticus" recon_no="57574">Lesothosaurus</List>
		<List recon_name="Antetonitrus_ingenipes" recon_no="57754">Antetonitrus</List>
		<List recon_name="Chinshakiangosaurus_chunghoensis" recon_no="68152">Chinshakiangosaurus</List>
		<List recon_name="Kotasaurus_yamanpalliensis" recon_no="66498">Kotasaurus</List>
		<List recon_name="Vulcanodon_karibaensis" recon_no="54979">Vulcanodon</List>
		<List recon_name="Barapasaurus_tagorei" recon_no="55547">Barapasaurus</List>
		<List recon_name="Shunosaurus_lii" recon_no="56457">Shunosaurus</List>
		<List recon_name="Camarasaurus_grandis" recon_no="67181">Camarasaurus</List>
		<List recon_name="Omeisaurus_junghsiensis,Omeisaurus_tianfuensis" recon_no="56461;56462">Omeisaurus</List>
		<List recon_name="Plateosauravus_cullingworthi" recon_no="56592">Plateosauravus</List>
		<List recon_name="Yunnanosaurus_huangi" recon_no="56629">Yunnanosaurus</List>
		<List recon_name="Lufengosaurus_huenei" recon_no="56597">Lufengosaurus</List>
		<List recon_name="Coloradisaurus_brevis" recon_no="68584">Coloradisaurus</List>
		<List recon_name="Plateosaurus_engelhardti,Plateosaurus_longiceps,Plateosaurus_trossingensis" recon_no="56683;64684;64679">Plateosaurus</List>
		<List recon_name="Riojasaurus_incertus" recon_no="56585">Riojasaurus</List>
		<List recon_name="Massospondylus_carinatus" recon_no="56595">Massospondylus</List>
		<List recon_name="Adeopapposaurus_mognai" recon_no="146362">Adeopapposaurus</List>
	</Taxa>
	<Characters>
		<Molecular/>
		<Morphological number="292">
			<Type>Osteology</Type>
		</Morphological>
		<Behavioural/>
		<Other/>
	</Characters>
	<Analysis>
		<Type>Maximum Parsimony</Type>
	</Analysis>
	<Notes>Based on reanalysis of the original matrix.</Notes>
	<Filename>Martinez_2009a</Filename>
	<Parent>Upchurch_etal_2007a</Parent>
	<Sibling/>
</SourceTree>
