<?xml version="1.0" standalone="yes"?>
<SourceTree>
	<Source>
		<Author>
			<List>Maryanska, T.</List>
			<List>Osmolska, H.</List>
			<List>Wolsan, M.</List>
		</Author>
		<Year>2002</Year>
		<Title>Avialan status for Oviraptorosauria</Title>
		<Journal>Acta Palaeontologica Polonica</Journal>
		<Volume>47</Volume>
		<Pages>97-116</Pages>
		<Booktitle/>
		<Publisher/>
		<City/>
		<Editor/>
	</Source>
	<Taxa number="20">
		<List recon_name="Herrerasaurus_ischigualastensis" recon_no="55000">Herrerasaurus_ischigualastensis</List>
		<List recon_name="Coelophysis_bauri" recon_no="55477">Coelophysis_bauri</List>
		<List recon_name="Allosaurus_fragilis,Sinraptor_dongi" recon_no="52962;54821">Allosauroidea</List>
		<List recon_name="Daspletosaurus_torosus,Tarbosaurus_bataar,Tyrannosaurus_rex" recon_no="57258;57254;54833">Tyrannosauridae</List>
		<List recon_name="Gallimimus_bullatus,Pelecanimimus_polyodon,Struthiomimus_altus" recon_no="57265;64118;57266">Ornithomimosauria</List>
		<List recon_name="Deinonychus_antirrhopus,Velociraptor_mongoliensis" recon_no="54555;54554">Dromaeosauridae</List>
		<List recon_name="Borogovia_gracilicrus,Byronosaurus_jaffei,Saurornithoides_junior,Saurornithoides_mongoliensis,Sinornithoides_youngi,Troodon_formosus" recon_no="64791;57020;57262;54470;64145;54818">Troodontidae</List>
		<List recon_name="Mononykus_olecranus,Shuvuuia_deserti" recon_no="67288;66044">Alvarezsauridae</List>
		<List recon_name="Alxasaurus_elesitaiensis,Beipiaosaurus_inexpectus,Erlikosaurus_andrewsi,Nanshiungosaurus_brevispinus,Segnosaurus_galbinensis,Therizinosaurus_cheloniformis" recon_no="64126;68241;66667;54832;66664;66673">Therizinosauria</List>
		<List recon_name="Archaeopteryx_lithographica" recon_no="55487">Archaeopteryx_lithographica</List>
		<List recon_name="Confuciusornis_sanctus" recon_no="67261">Confuciusornis_sanctus</List>
		<List recon_name="Avimimus_portentosus" recon_no="55489">Avimimus_portentosus</List>
		<List recon_name="Caudipteryx_zoui" recon_no="66066">Caudipteryx_zoui</List>
		<List recon_name="Caenagnathus_collinsi,Chirostenotes_pergracilis,Macrophalangia_canadensis" recon_no="54545;54561;54817">Chirostenotes_pergracilis</List>
		<List recon_name="Nomingia_gobiensis" recon_no="67257">Nomingia_gobiensis</List>
		<List recon_name="Microvenator_celer" recon_no="65860">Microvenator_celer</List>
		<List recon_name="Oviraptor_mongoliensis" recon_no="57021">Oviraptor_mongoliensis</List>
		<List recon_name="Oviraptor_philoceratops" recon_no="55488">Oviraptor_philoceratops</List>
		<List recon_name="Conchoraptor_gracilis" recon_no="67259">Conchoraptor_gracilis</List>
		<List recon_name="Ingenia_yanshani" recon_no="96513">Ingenia_yanshini</List>
	</Taxa>
	<Characters>
		<Molecular/>
		<Morphological number="195">
			<Type>Osteology</Type>
		</Morphological>
		<Behavioural/>
		<Other/>
	</Characters>
	<Analysis>
		<Type>Maximum Parsimony</Type>
	</Analysis>
	<Notes>Based on reanalysis of the original matrix.</Notes>
	<Filename>Maryanska_etal_2002a</Filename>
	<Parent/>
	<Sibling/>
</SourceTree>
