<?xml version="1.0" standalone="yes"?>
<SourceTree>
	<Source>
		<Author>
			<List>Maryanska, T.</List>
			<List>Chapman, R. E.</List>
			<List>Weishampel, D. B.</List>
		</Author>
		<Year>2004</Year>
		<Title>Pachycephalosauria</Title>
		<Journal/>
		<Volume/>
		<Pages>464-477</Pages>
		<Booktitle>The Dinosauria (Second Edition)</Booktitle>
		<Publisher>University of California Press</Publisher>
		<City>Berkeley</City>
		<Editor>
			<List>Weishampel, D. B.</List>
			<List>Dodson, P.</List>
			<List>Osmolska, H.</List>
		</Editor>
	</Source>
	<Taxa number="13">
		<List recon_name="DELETE" recon_no="0">Outgroup</List>
		<List recon_name="Abrictosaurus_consors,Echinodon_becklesii,Heterodontosaurus_tucki,Lycorhinus_angustidens,Agilisaurus_louderbacki,Anabisetia_saldiviai,Atlascopcosaurus_loadsi,Bugenasaura_infernalis,Drinker_nisti,Fulgurotherium_australe,Gasparinisaura_cincosaltensis,Hypsilophodon_foxii,Jeholosaurus_shangyuanensis,Leaellynasaura_amicagraphica,Notohypsilophodon_comodorensis,Orodromeus_makelai,Othnielia_rex,Parksosaurus_warreni,Qantassaurus_intrepidus,Thescelosaurus_neglectus,Yandusaurus_hongheensis,Zephyrosaurus_schaffi,Tenontosaurus_dossi,Tenontosaurus_tilletti,Rhabdodon_priscus,Rhabdodon_septimanicus,Zalmoxes_robustus,Zalmoxes_shqiperorum,Dryosaurus_altus,Dryosaurus_lettowvorbecki,Planicoxa_venenica,Valdosaurus_canaliculatus,Valdosaurus_nigeriensis,Camptosaurus_dispar,Camptosaurus_amplus,Camptosaurus_prestwichi,Camptosaurus_hoggi,Camptosaurus_depressus,Draconyx_loureiroi,Altirhinus_kurzanovi,Craspedodon_lonzeensis,Eolambia_caroljonesa,Equijubus_normani,Fukuisaurus_tetoriensis,Iguanodon_anglicus,Iguanodon_atherfieldensis,Iguanodon_bernissartensis,Iguanodon_dawsoni,Iguanodon_fittoni,Iguanodon_lakotaensis,Jinzhousaurus_yangi,Lurdusaurus_arenatus,Muttaburrasaurus_langdoni,Nanyangosaurus_zhugeii,Ouranosaurus_nigeriensis,Probactrosaurus_gobiensis,Probactrosaurus_alashanicus,Probactrosaurus_mazongshanensis,Protohadros_byrdi,Shuangmiaosaurus_gilmorei,Telmatosaurus_transsylvanicus,Bactrosaurus_johnsoni,Gilmoreosaurus_mongoliensis,Tanius_sinensis,Claosaurus_agilis,Secernosaurus_koerneri,Anasazisaurus_horneri,Aralosaurus_tuberiferus,Brachylophosaurus_canadensis,Edmontosaurus_regalis,Edmontosaurus_annectens,Edmontosaurus_saskatchewanensis,Gryposaurus_notabilis,Gryposaurus_incurvimanus,Gryposaurus_latidens,Hadrosaurus_foulkii,Lophorhothon_atopus,Maiasaura_peeblesorum,Naashoibitosaurus_ostromi,Prosaurolophus_blackfeetensis,Prosaurolophus_maximus,Saurolophus_osborni,Saurolophus_angustirostris,Shantungosaurus_giganteus,Amurosaurus_riabinini,Barsboldia_sicinskii,Charonosaurus_jiayinensis,Corythosaurus_casuarius,Hypacrosaurus_altispinus,Hypacrosaurus_stebingeri,Jaxartosaurus_aralensis,Lambeosaurus_lambei,Lambeosaurus_magnicristatus,Lambeosaurus_laticaudus,Nipponosaurus_sachalinensis,Olorotitan_arharensis,Parasaurolophus_cyrtocristatus,Parasaurolophus_tubicen,Parasaurolophus_walkeri,Tsintaosaurus_spinorhinus" recon_no="52903;58901;52902;52899;57223;67279;57104;65024;57650;57105;65254;54190;68237;57102;86837;64338;64495;52894;66576;52897;52892;52889;67272;52887;66745;67672;66743;66744;54253;56515;66518;52886;64647;52880;65781;105927;92686;64513;65336;58903;66257;66500;58927;68189;66729;64255;58905;66721;64508;65389;90097;64411;64271;68243;52877;52878;58906;58883;64527;84662;68154;57344;64067;53379;63264;64065;66593;67547;65213;63254;64305;64304;63251;64298;57630;52812;67215;55574;66595;57631;53384;53386;64295;69513;64251;67253;64259;56403;56406;64339;65693;56724;65429;68200;56972;72095;66260;64355;63256;53387">Ornithopoda</List>
		<List recon_name="Achelousaurus_horneri,Anchiceratops_ornatus,Archaeoceratops_oshimai,Arrhinoceratops_brachyops,Avaceratops_lammersi,Bagaceratops_rozhdestvenskyi,Brachyceratops_montanensis,Centrosaurus_apertus,Chaoyangsaurus_youngi,Chasmosaurus_belli,Chasmosaurus_irvinensis,Chasmosaurus_mariscalensis,Chasmosaurus_russelli,Diceratops_hatcheri,Einiosaurus_procurvicornis,Graciliceratops_mongoliensis,Leptoceratops_gracilis,Liaoceratops_yanzigouensis,Monoclonius_crassus,Montanoceratops_cerorhynchus,Pachyrhinosaurus_canadensis,Pentaceratops_sternbergii,Protoceratops_andrewsi,Protoceratops_hellenikorhinus,Psittacosaurus_guyangensis,Psittacosaurus_mazongshanensis,Psittacosaurus_meileyingensis,Psittacosaurus_mongoliensis,Psittacosaurus_neimongoliensis,Psittacosaurus_ordosensis,Psittacosaurus_osborni,Psittacosaurus_sinensis,Psittacosaurus_xinjiangensis,Psittacosaurus_youngi,Styracosaurus_albertensis,Torosaurus_latus,Triceratops_horridus,Udanoceratops_tschizhovi,Zuniceratops_christopheri" recon_no="53955;63447;55576;63401;55539;52826;63895;63911;55580;66019;64731;52772;66020;63890;53954;67674;52827;55582;54486;52830;66023;55033;52824;57342;65683;58884;65708;52831;64142;64143;65706;65705;65707;65946;56144;63773;63759;66585;66591">Ceratopsia</List>
		<List recon_name="Wannanosaurus_yansiensis" recon_no="52840">Wannanosaurus</List>
		<List recon_name="Goyocephale_lattimorei" recon_no="52838">Goyocephale</List>
		<List recon_name="Homalocephale_calathocercos" recon_no="52836">Homalocephale</List>
		<List recon_name="Ornatotholus_browni" recon_no="56568">Ornathotholus</List>
		<List recon_name="Stygimoloch_spinifer" recon_no="56577">Stygimoloch</List>
		<List recon_name="Stegoceras_validum" recon_no="56570">Stegoceras_validum</List>
		<List recon_name="Stegoceras_edmontonense" recon_no="56571">Stegoceras_edmontonese</List>
		<List recon_name="Tylocephale_gilmorei" recon_no="66451">Tylocephale</List>
		<List recon_name="Prenocephale_prenes" recon_no="52833">Prenocephale</List>
		<List recon_name="Pachycephalosaurus_wyomingensis" recon_no="52835">Pachycephalosaurus</List>
	</Taxa>
	<Characters>
		<Molecular/>
		<Morphological number="35">
			<Type>Osteology</Type>
		</Morphological>
		<Behavioural/>
		<Other/>
	</Characters>
	<Analysis>
		<Type>Maximum Parsimony</Type>
	</Analysis>
	<Notes>Based on reanalysis of the original matrix.</Notes>
	<Filename>Maryanska_etal_2004a</Filename>
	<Parent/>
	<Sibling/>
</SourceTree>
