<?xml version="1.0" standalone="yes"?>
<SourceTree>
	<Source>
		<Author>
			<List>McGarrity, C. T.</List>
			<List>Campione, N. E.</List>
			<List>Evans, D. C.</List>
		</Author>
		<Year>2013</Year>
		<Title>Cranial anatomy and variation in <em>Prosaurolophus maximus</em> (Dinosauria: Hadrosauridae)</Title>
		<Journal>Zoological Journal of the Linnean Society</Journal>
		<Volume>167</Volume>
		<Pages>531-568</Pages>
		<Booktitle/>
		<Publisher/>
		<City/>
		<Editor/>
	</Source>
	<Taxa number="22">
		<List recon_name="Probactrosaurus_gobiensis" recon_no="52878">Probactrosaurus_gobiensis</List>
		<List recon_name="Bactrosaurus_johnsoni" recon_no="57344">Bactrosaurus_johnsoni</List>
		<List recon_name="Parasaurolophus_walkeri" recon_no="63256">Parasaurolophus_walkeri</List>
		<List recon_name="Olorotitan_arharensis" recon_no="72095">Olorotitan_arharensis</List>
		<List recon_name="Maiasaura_peeblesorum" recon_no="55574">Maiasaura_peeblesorum</List>
		<List recon_name="Brachylophosaurus_canadensis" recon_no="65213">Brachylophosaurus_canadensis</List>
		<List recon_name="Acristavus_gagslarsoni" recon_no="205435">Acritavus_gaglarsoni</List>
		<List recon_name="Gryposaurus_notabilis" recon_no="63251">Gryposaurus_notabilis</List>
		<List recon_name="Gryposaurus_monumentensis" recon_no="109448">Gryposaurus_monumentensis</List>
		<List recon_name="Gryposaurus_latidens" recon_no="57630">Gryposaurus_latidens</List>
		<List recon_name="Kritosaurus_navajovius" recon_no="53196">Kritosaurus_navajovius</List>
		<List recon_name="Prosaurolophus_maximus" recon_no="53384">Prosaurolophus_maximus</List>
		<List recon_name="Prosaurolophus_blackfeetensis" recon_no="57631">Prosaurolophus_blackfeetensis</List>
		<List recon_name="Saurolophus_osborni" recon_no="53386">Saurolophus_osborni</List>
		<List recon_name="Saurolophus_angustirostris" recon_no="64295">Saurolophus_angustirostris</List>
		<List recon_name="Edmontosaurus_annectens" recon_no="64305">Edmontosaurus_annectens</List>
		<List recon_name="Edmontosaurus_regalis" recon_no="63254">Edmontosaurus_regalis</List>
		<List recon_name="Hadrosaurus_foulkii" recon_no="52812">Hadrosaurus_foulkii</List>
		<List recon_name="Lophorhothon_atopus" recon_no="67215">Lophorhoton_atopus</List>
		<List recon_name="Wulagasaurus_dongi" recon_no="118313">Wulagasaurus_dongi</List>
		<List recon_name="Kerberosaurus_manakini" recon_no="64257">Kerberosaurus_manakini</List>
		<List recon_name="Kundurosaurus_nagornyi" recon_no="237271">Kundurosaurus_nagornyi</List>
	</Taxa>
	<Characters>
		<Molecular/>
		<Morphological number="176">
			<Type>Osteology</Type>
		</Morphological>
		<Behavioural/>
		<Other/>
	</Characters>
	<Analysis>
		<Type>Maximum Parsimony</Type>
	</Analysis>
	<Notes>Based on reanalysis of the original matrix.</Notes>
	<Filename>McGarrity_etal_2013a</Filename>
	<Parent>Godefroit_etal_2012b</Parent>
	<Sibling/>
</SourceTree>
