<?xml version="1.0" standalone="yes"?>
<SourceTree>
	<Source>
		<Author>
			<List>Munter, R. C.</List>
			<List>Clark, J. M.</List>
		</Author>
		<Year>2006</Year>
		<Title>Theropod dinosaurs from the Early Jurassic of Huizachal Canyon, Mexico</Title>
		<Journal/>
		<Volume/>
		<Pages>53-75</Pages>
		<Booktitle>Amniote Paleobiology: Perspectives on the Evolution of Mammals, Birds, and Reptiles</Booktitle>
		<Publisher>Chicago University Press</Publisher>
		<City>Chicago</City>
		<Editor>
			<List>Carrano, M. T.</List>
			<List>Gaudin, T. J.</List>
			<List>Blob, R. W.</List>
			<List>Wible, J. R.</List>
		</Editor>
	</Source>
	<Taxa number="25">
		<List recon_name="Lesothosaurus_diagnosticus,Technosaurus_smalli,Pisanosaurus_mertii,Scutellosaurus_lawleri,Scelidosaurus_harrisonii,Emausaurus_ernsti" recon_no="57574;67090;64409;67088;53042;64406">Ornithischia</List>
		<List recon_name="Saturnalia_tupiniquim,Plateosaurus_engelhardti,Thecodontosaurus_antiquus,Sellosaurus_gracilis,Massospondylus_carinatus" recon_no="68124;56683;56627;54996;56595">Sauropodomorpha</List>
		<List recon_name="Eoraptor_lunensis" recon_no="57454">Eoraptor</List>
		<List recon_name="Herrerasaurus_ischigualastensis" recon_no="55000">Herrerasaurus</List>
		<List recon_name="Staurikosaurus_pricei" recon_no="55001">Staurikosaurus</List>
		<List recon_name="Coelophysis_bauri" recon_no="55477">Coelophysis</List>
		<List recon_name="Gojirasaurus_quayi" recon_no="65490">Gojirasaurus</List>
		<List recon_name="Lophostropheus_airelensis" recon_no="96666">L_airelensis</List>
		<List recon_name="Liliensternus_liliensterni" recon_no="56379">L_liliensterni</List>
		<List recon_name="Procompsognathus_triassicus" recon_no="56382">Procompsognathus</List>
		<List recon_name="Shuvosaurus_inexpectatus" recon_no="90276">Shuvosaurus</List>
		<List recon_name="Dilophosaurus_wetherilli" recon_no="57251">Dilophosaurus</List>
		<List recon_name="Segisaurus_halli" recon_no="55543">Segisaurus</List>
		<List recon_name="Syntarsus_kayentakatae,Syntarsus_rhodesiensis" recon_no="55540;55541">Syntarsus</List>
		<List recon_name="Magnosaurus_nethercombensis" recon_no="68134">Magnosaurus</List>
		<List recon_name="Metriacanthosaurus_parkeri" recon_no="67739">Metriacanthosaurus</List>
		<List recon_name="Monolophosaurus_jiangi" recon_no="64122">Monolophosaurus</List>
		<List recon_name="Piatnitzkysaurus_floresi" recon_no="54827">Piatnitzkysaurus</List>
		<List recon_name="Piveteausaurus_divesensis" recon_no="66394">Piveteausaurus</List>
		<List recon_name="Proceratosaurus_bradleyi" recon_no="66979">Proceratosaurus</List>
		<List recon_name="Allosaurus_fragilis" recon_no="52962">Allosaurus</List>
		<List recon_name="Ceratosaurus_nasicornis" recon_no="54165">Ceratosaurus</List>
		<List recon_name="Sinraptor_dongi,Sinraptor_hepingensis,Yangchuanosaurus_magnus,Yangchuanosaurus_shangyouensis" recon_no="54821;54824;54825;54826">Sinraptoridae</List>
		<List recon_name="Aristosuchus_pusillus" recon_no="67014">Aristosuchus</List>
		<List recon_name="Coelophysoidea_indet_IGM_6624" recon_no="55476">IGM_6624</List>
	</Taxa>
	<Characters>
		<Molecular/>
		<Morphological number="224">
			<Type>Osteology</Type>
		</Morphological>
		<Behavioural/>
		<Other/>
	</Characters>
	<Analysis>
		<Type>Maximum Parsimony</Type>
	</Analysis>
	<Notes>Based on reanalysis of the original matrix.</Notes>
	<Filename>Munter_et_Clark_2006ab</Filename>
	<Parent>Rauhut_2003a</Parent>
	<Sibling/>
</SourceTree>
