<?xml version="1.0" standalone="yes"?>
<SourceTree>
	<Source>
		<Author>
			<List>Munter, R. C.</List>
			<List>Clark, J. M.</List>
		</Author>
		<Year>2006</Year>
		<Title>Theropod dinosaurs from the Early Jurassic of Huizachal Canyon, Mexico</Title>
		<Journal/>
		<Volume/>
		<Pages>53-75</Pages>
		<Booktitle>Amniote Paleobiology: Perspectives on the Evolution of Mammals, Birds, and Reptiles</Booktitle>
		<Publisher>Chicago University Press</Publisher>
		<City>Chicago</City>
		<Editor>
			<List>Carrano, M. T.</List>
			<List>Gaudin, T. J.</List>
			<List>Blob, R. W.</List>
			<List>Wible, J. R.</List>
		</Editor>
	</Source>
	<Taxa number="24">
		<List recon_name="Eoraptor_lunensis" recon_no="57454">Eoraptor</List>
		<List recon_name="Herrerasaurus_ischigualastensis" recon_no="55000">Herrerasaurus</List>
		<List recon_name="Liliensternus_liliensterni" recon_no="56379">Liliensternus</List>
		<List recon_name="Coelophysoidea_indet_IGM_6624" recon_no="55476">IGM_6624</List>
		<List recon_name="Coelophysis_bauri" recon_no="55477">Coelophysis</List>
		<List recon_name="Syntarsus_kayentakatae,Syntarsus_rhodesiensis" recon_no="55540;55541">Syntarsus</List>
		<List recon_name="Dilophosaurus_wetherilli" recon_no="57251">Dilophosaurus</List>
		<List recon_name="Elaphrosaurus_bambergi" recon_no="55481">Elaphrosaurus</List>
		<List recon_name="Ceratosaurus_nasicornis" recon_no="54165">Ceratosaurus</List>
		<List recon_name="Genusaurus_sisteronis" recon_no="56392">Genusaurus</List>
		<List recon_name="Ilokelesia_aguadagrandensis" recon_no="54532">Ilokelesia</List>
		<List recon_name="Laevisuchus_indicus" recon_no="56390">Laevisuchus</List>
		<List recon_name="Masiakasaurus_knopfleri" recon_no="56389">Masiakasaurus</List>
		<List recon_name="Noasaurus_leali" recon_no="54534">Noasaurus</List>
		<List recon_name="Xenotarsosaurus_bonapartei" recon_no="56394">Xenotarsosaurus</List>
		<List recon_name="Abelisaurus_comahuensis" recon_no="53945">Abelisaurus</List>
		<List recon_name="Carnotaurus_sastrei" recon_no="54526">Carnotaurus</List>
		<List recon_name="Majungatholus_athopus" recon_no="190519">Majungatholus</List>
		<List recon_name="Afrovenator_abakensis" recon_no="56399">Afrovenator</List>
		<List recon_name="Eustreptospondylus_oxoniensis" recon_no="53377">Eustreptospondylus</List>
		<List recon_name="Torvosaurus_tanneri" recon_no="53375">Torvosaurus</List>
		<List recon_name="Ornitholestes_hermanni" recon_no="55484">Ornitholestes</List>
		<List recon_name="Allosaurus_fragilis" recon_no="52962">Allosaurus</List>
		<List recon_name="Sinraptor_dongi" recon_no="54821">Sinraptor</List>
	</Taxa>
	<Characters>
		<Molecular/>
		<Morphological number="159">
			<Type>Osteology</Type>
		</Morphological>
		<Behavioural/>
		<Other/>
	</Characters>
	<Analysis>
		<Type>Maximum Parsimony</Type>
	</Analysis>
	<Notes>Based on reanalysis of the original matrix.</Notes>
	<Filename>Munter_et_Clark_2006aa</Filename>
	<Parent>Carrano_etal_2002a</Parent>
	<Sibling/>
</SourceTree>
