<?xml version="1.0" standalone="yes"?>
<SourceTree>
	<Source>
		<Author>
			<List>Naish, D.</List>
			<List>Martill, D. M.</List>
		</Author>
		<Year>2002</Year>
		<Title>A reappraisal of <em>Thecocoelurus daviesi</em> (Dinosauria: Theropoda) from the Early Cretaceous of the Isle of Wight</Title>
		<Journal>Proceedings of the Geologists' Association</Journal>
		<Volume>113</Volume>
		<Pages>23-30</Pages>
		<Booktitle/>
		<Publisher/>
		<City/>
		<Editor/>
	</Source>
	<Taxa number="20">
		<List recon_name="Herrerasaurus_ischigualastensis" recon_no="55000">Herrerasaurus</List>
		<List recon_name="Coelophysis_bauri" recon_no="55477">Coelophysis</List>
		<List recon_name="Anserimimus_planinychus,Archaeornithomimus_asiaticus,Dromiceiomimus_brevetertius,Dromiceiomimus_samueli,Gallimimus_bullatus,Garudimimus_brevipes,Harpymimus_okladnikovi,Ornithomimus_edmontonicus,Ornithomimus_velox,Struthiomimus_altus" recon_no="66672;57276;57274;57272;57265;57267;66670;63438;57269;57266">Ornithomimid</List>
		<List recon_name="Troodon_formosus" recon_no="54818">Troodon</List>
		<List recon_name="Deinonychus_antirrhopus" recon_no="54555">Deinonychus</List>
		<List recon_name="Coelurus_fragilis" recon_no="52986">Coelurus</List>
		<List recon_name="Ornitholestes_hermanni" recon_no="55484">Ornitholestes</List>
		<List recon_name="Shuvuuia_deserti" recon_no="66044">Shuvuuia</List>
		<List recon_name="Carnotaurus_sastrei" recon_no="54526">Carnotaurus</List>
		<List recon_name="Noasaurus_leali" recon_no="54534">Noasaurus</List>
		<List recon_name="Allosaurus_fragilis" recon_no="52962">Allosaurus</List>
		<List recon_name="Albertosaurus_megagracilis,Albertosaurus_sarcophagus,Alectrosaurus_olseni,Alioramus_remotus,Chingkankousaurus_fragilis,Daspletosaurus_torosus,Gorgosaurus_libratus,Maleevosaurus_novojilovi,Nanotyrannus_lancensis,Tarbosaurus_bataar,Tyrannosaurus_luanchuanensis,Tyrannosaurus_rex" recon_no="67649;56319;57253;57259;65684;57258;53194;63709;53213;57254;54835;54833">Tyrannosaurid</List>
		<List recon_name="Chirostenotes_pergracilis" recon_no="54561">Chirostenotes</List>
		<List recon_name="Conchoraptor_gracilis,Ingenia_yanshini,Oviraptor_mongoliensis,Oviraptor_philoceratops" recon_no="67259;57022;57021;55488">Oviraptoridae</List>
		<List recon_name="Coelurus_fragilis" recon_no="52986">Quarry_9</List>
		<List recon_name="Alxasaurus_elesitaiensis,Erlikosaurus_andrewsi,Segnosaurus_galbinensis" recon_no="64126;66667;66664">Therizinosaurid</List>
		<List recon_name="Noasaurus_sp_MACN_622" recon_no="38630">El_Brete</List>
		<List recon_name="Thecocoelurus_daviesi" recon_no="66737">BMNH_R181</List>
		<List recon_name="Hesperornis_regalis" recon_no="96488">Hesperornis</List>
		<List recon_name="Casuarius_casuarius" recon_no="399809">Casuaris</List>
	</Taxa>
	<Characters>
		<Molecular/>
		<Morphological number="10">
			<Type>Osteology</Type>
		</Morphological>
		<Behavioural/>
		<Other/>
	</Characters>
	<Analysis>
		<Type>Maximum Parsimony</Type>
	</Analysis>
	<Notes>Based on reanalysis of the original matrix.</Notes>
	<Filename>Naish_et_Martill_2002a</Filename>
	<Parent>Frankfurt_et_Chiappe_1999a</Parent>
	<Sibling/>
</SourceTree>
