<?xml version="1.0" standalone="yes"?>
<SourceTree>
	<Source>
		<Author>
			<List>Nesbitt, S. J.</List>
			<List>Turner, A. H.</List>
			<List>Spaulding, M.</List>
			<List>Conrad, J. L.</List>
		</Author>
		<Year>2009</Year>
		<Title>The theropod furcula</Title>
		<Journal>Journal of Morphology</Journal>
		<Volume>270</Volume>
		<Pages>856-879</Pages>
		<Booktitle/>
		<Publisher/>
		<City/>
		<Editor/>
	</Source>
	<Taxa number="50">
		<List recon_name="Euparkeria_capensis" recon_no="99170">Euparkeria_capensis</List>
		<List recon_name="Aetosaurus_ferratus,Desmatosuchus_spurensis,Longosuchus_meadei,Neoaetosauroides_engaeus,Paratypothorax_andressorum,Saurosuchus_galilei,Stagonolepis_robertsoni,Stegomus_arcuatus,Ticinosuchus_ferox,Typothorax_coccinarum" recon_no="156403;100584;159292;66676;281435;119066;119075;156115;119065;64940">Pseudosuchia</List>
		<List recon_name="Leptoceratops_gracilis,Montanoceratops_cerorhynchus,Protoceratops_andrewsi,Psittacosaurus_mongoliensis" recon_no="52827;52830;52824;52831">Ornithischia</List>
		<List recon_name="Massospondylus_carinatus,Plateosaurus_engelhardti,Plateosaurus_longiceps" recon_no="56595;56683;64684">Sauropodomorpha</List>
		<List recon_name="Coelophysis_bauri" recon_no="55477">Coelophysis_bauri</List>
		<List recon_name="Coelophysis_rhodesiensis" recon_no="67921">Coelophysis_rhodesiensis</List>
		<List recon_name="Syntarsus_kayentakatae" recon_no="55540">Syntarsus_kayentakatae</List>
		<List recon_name="Segisaurus_halli" recon_no="55543">Segisaurus_halli</List>
		<List recon_name="Allosaurus_fragilis" recon_no="52962">Allosaurus_fragilis</List>
		<List recon_name="Aerosteon_riocoloradensis" recon_no="148966">Aerosteon_riocoloradensis</List>
		<List recon_name="Suchomimus_tenerensis" recon_no="53368">Suchomimus_tenerensis</List>
		<List recon_name="Huaxiagnathus_orientalis" recon_no="68221">Huaxiagnathus_orientalis</List>
		<List recon_name="Scipionyx_samniticus" recon_no="57428">Scipionyx_samniticus</List>
		<List recon_name="Protarchaeopteryx_robusta" recon_no="66068">Protarchaeopteryx_robusta</List>
		<List recon_name="Tyrannosaurus_rex" recon_no="54833">Tyrannosaurus_rex</List>
		<List recon_name="Albertosaurus_sarcophagus" recon_no="56319">Albertosaurus_sarcophagus</List>
		<List recon_name="Gorgosaurus_libratus" recon_no="53194">Gorgosaurus_libratus</List>
		<List recon_name="Daspletosaurus_torosus" recon_no="57258">Daspltosaurus_torosus</List>
		<List recon_name="Tyrannosauroidea_indet_UUVP_11689" recon_no="58837">UUVP_11689</List>
		<List recon_name="Beipiaosaurus_inexpectus" recon_no="68241">Beipiaosaurus_inexpectus</List>
		<List recon_name="Falcarius_utahensis" recon_no="65780">Falcarius_utahensis</List>
		<List recon_name="Neimongosaurus_yangi" recon_no="68372">Neimongosaurus_yangi</List>
		<List recon_name="Caudipteryx_zoui" recon_no="66066">Caudipteryx_zoui</List>
		<List recon_name="Mei_long" recon_no="68250">Mei_long</List>
		<List recon_name="Sinornithoides_youngi" recon_no="64145">Sinornithoides_youngi</List>
		<List recon_name="Velociraptor_mongoliensis" recon_no="54554">Velociraptor_mongoliensis</List>
		<List recon_name="Sinornithosaurus_millenii" recon_no="68205">Sinornithosaurus_millenii</List>
		<List recon_name="Bambiraptor_feinbergi" recon_no="82048">Bambiraptor_feinbergorum</List>
		<List recon_name="Buitreraptor_gonzalezorum" recon_no="68202">Buitreraptor_gonzalezorum</List>
		<List recon_name="Microraptor_zhaoianus" recon_no="68239">Microraptor_zhaoianus</List>
		<List recon_name="Archaeopteryx_lithographica" recon_no="55487">Archaeopteryx_lithographica</List>
		<List recon_name="Sapeornis_chaoyangensis" recon_no="119249">Sapeornis_chaoyangensis</List>
		<List recon_name="Jeholornis_prima" recon_no="119247">Jeholornis_prima</List>
		<List recon_name="Jixiangornis_orientalis" recon_no="197817">Jixiangornis_orientalis</List>
		<List recon_name="Confuciusornis_sanctus" recon_no="67261">Confuciusornis_sanctus</List>
		<List recon_name="Changchengornis_hengdaoziensis" recon_no="134755">Changchengornis_hengdaoziensis</List>
		<List recon_name="Iberomesornis_romerali" recon_no="65831">Iberomesornis_romerali</List>
		<List recon_name="Concornis_lacustris" recon_no="100984">Concornis_lacustris</List>
		<List recon_name="Yixianornis_grabaui" recon_no="119340">Yixianornis_graubai</List>
		<List recon_name="Yanornis_martini" recon_no="119337">Yanornis_martini</List>
		<List recon_name="Hongshanornis_longicresta" recon_no="119299">Hongshanornis_longicresta</List>
		<List recon_name="Ichthyornis_dispar" recon_no="54877">Ichthyornis_dispar</List>
		<List recon_name="Gansus_yumenensis" recon_no="82617">Gansus_yumenensis</List>
		<List recon_name="Hesperornis_regalis" recon_no="96488">Hesperornis_regalis</List>
		<List recon_name="Iaceornis_marshi" recon_no="207940">Iaceornis_marshi</List>
		<List recon_name="Oviraptor_philoceratops" recon_no="55488">Oviraptor_philoceratops</List>
		<List recon_name="Citipati_osmolskae" recon_no="57024">Citipati_osmolskae</List>
		<List recon_name="Khaan_mckennai" recon_no="57026">Khaan_mckennai</List>
		<List recon_name="Heyuannia_huangi" recon_no="68048">Heyuannia_huangi</List>
		<List recon_name="Ingenia_yanshani" recon_no="96513">Ingenia_yanshini</List>
	</Taxa>
	<Characters>
		<Molecular/>
		<Morphological number="14">
			<Type>Osteology</Type>
		</Morphological>
		<Behavioural/>
		<Other/>
	</Characters>
	<Analysis>
		<Type>Maximum Parsimony</Type>
	</Analysis>
	<Notes>Based on reanalysis of the original matrix (first 100,000 mpts only).</Notes>
	<Filename>Nesbitt_etal_2009c</Filename>
	<Parent/>
	<Sibling/>
</SourceTree>
