<?xml version="1.0" standalone="yes"?>
<SourceTree>
	<Source>
		<Author>
			<List>Nesbitt, S. J.</List>
			<List>Smith, N. D.</List>
			<List>Irmis, R. B.</List>
			<List>Turner, A. H.</List>
			<List>Downs, A.</List>
			<List>Norell, M. A.</List>
		</Author>
		<Year>2009</Year>
		<Title>A complete skeleton of a Late Triassic saurischian and the early evolution of dinosaurs</Title>
		<Journal>Science</Journal>
		<Volume>326</Volume>
		<Pages>1530-1533</Pages>
		<Booktitle/>
		<Publisher/>
		<City/>
		<Editor/>
	</Source>
	<Taxa number="41">
		<List recon_name="Erythrosuchus_africanus" recon_no="163009">Erythrosuchus_africanus</List>
		<List recon_name="Euparkeria_capensis" recon_no="99170">Euparkeria_capensis</List>
		<List recon_name="Revueltosaurus_callenderi" recon_no="64950">Revueltosaurus_callenderi</List>
		<List recon_name="Aetosaurus_ferratus" recon_no="156403">Aetosaurus_ferratus</List>
		<List recon_name="Arizonasaurus_babbitti" recon_no="55052">Arizonasaurus_babbitti</List>
		<List recon_name="Effigia_okeeffeae" recon_no="70615">Effigia_okeeffeae</List>
		<List recon_name="Batrachotomus_kupferzellensis" recon_no="174468">Batrachotomus_kuperferzellensis</List>
		<List recon_name="Postosuchus_kirkpatricki" recon_no="69074">Postosuchus_kirkpatricki</List>
		<List recon_name="Dromicosuchus_grallator" recon_no="53951">Dromicosuchus_grallator</List>
		<List recon_name="Eudimorphodon_ranzii" recon_no="131614">Eudimorphodon_ranzii</List>
		<List recon_name="Dimorphodon_macronyx" recon_no="95810">Dimorphodon_macronyx</List>
		<List recon_name="Lagerpeton_chanarensis" recon_no="66341">Lagerpeton_chanarensis</List>
		<List recon_name="Dromomeron_romeri" recon_no="104966">Dromomeron_romeri</List>
		<List recon_name="Dromomeron_gregorii" recon_no="148224">Dromomeron_gregorii</List>
		<List recon_name="Marasuchus_lilloensis" recon_no="66342">Marasuchus_lilloensis</List>
		<List recon_name="Eucoelophysis_baldwini" recon_no="68126">Eucoelophysis_baldwini</List>
		<List recon_name="Sacisaurus_agudoensis" recon_no="119885">Sacisaurus_agudoensis</List>
		<List recon_name="Silesaurus_opolensis" recon_no="81776">Silesaurus_opolensis</List>
		<List recon_name="Eocursor_parvus" recon_no="104624">Eocursor_parvus</List>
		<List recon_name="Lesothosaurus_diagnosticus" recon_no="57574">Lesothosaurus_dianosticus</List>
		<List recon_name="Scutellosaurus_lawleri" recon_no="67088">Scutellosaurus_lawleri</List>
		<List recon_name="Pisanosaurus_mertii" recon_no="64409">Pisanosaurus_mertii</List>
		<List recon_name="Heterodontosaurus_tucki" recon_no="52902">Heterodontosaurus_tucki</List>
		<List recon_name="Saturnalia_tupiniquim" recon_no="68124">Saturnalia_tupiniquim</List>
		<List recon_name="Plateosaurus_engelhardti" recon_no="56683">Plateosaurus_engelhardti</List>
		<List recon_name="Efraasia_minor" recon_no="91403">Efraasia_minor</List>
		<List recon_name="Staurikosaurus_pricei" recon_no="55001">Staurikosaurus_pricei</List>
		<List recon_name="Herrerasaurus_ischigualastensis" recon_no="55000">Herrerasaurus_ischigualastensis</List>
		<List recon_name="Chindesaurus_bryansmalli" recon_no="66909">Chindesaurus_bryansmalli</List>
		<List recon_name="Eoraptor_lunensis" recon_no="57454">Eoraptor_lunensis</List>
		<List recon_name="Tawa_hallae" recon_no="159719">Tawa_hallae</List>
		<List recon_name="Coelophysis_bauri" recon_no="55477">Coelophysis_bauri</List>
		<List recon_name="Syntarsus_kayentakatae" recon_no="55540">Syntarsus_kayentakatae</List>
		<List recon_name="Liliensternus_liliensterni" recon_no="56379">Liliensternus_liliensterni</List>
		<List recon_name="Zupaysaurus_rougieri" recon_no="54097">Zupaysaurus_rougieri</List>
		<List recon_name="Cryolophosaurus_ellioti" recon_no="64372">Cryolophosaurus_ellioti</List>
		<List recon_name="Dilophosaurus_wetherilli" recon_no="57251">Dilophosaurus_wetherelli</List>
		<List recon_name="Ceratosaurus_nasicornis" recon_no="54165">Ceratosaurus_nasicornis</List>
		<List recon_name="Piatnitzkysaurus_floresi" recon_no="54827">Piatnitzkysaurus_floresi</List>
		<List recon_name="Allosaurus_fragilis" recon_no="52962">Allosaurus_fragilis</List>
		<List recon_name="Velociraptor_mongoliensis" recon_no="54554">Velociraptor_mongoliensis</List>
	</Taxa>
	<Characters>
		<Molecular/>
		<Morphological number="315">
			<Type>Osteology</Type>
		</Morphological>
		<Behavioural/>
		<Other/>
	</Characters>
	<Analysis>
		<Type>Maximum Parsimony</Type>
	</Analysis>
	<Notes>Based on reanalysis of the original matrix.</Notes>
	<Filename>Nesbitt_etal_2009a</Filename>
	<Parent/>
	<Sibling/>
</SourceTree>
