<?xml version="1.0" standalone="yes"?>
<SourceTree>
	<Source>
		<Author>
			<List>Nesbitt, S. J.</List>
		</Author>
		<Year>2007</Year>
		<Title>The anatomy of <em>Effigia okeeffeae</em> (Archosauria, Suchia), theropod-like convergence, and the distribution of related taxa</Title>
		<Journal>Bulletin of the American Museum of Natural History</Journal>
		<Volume>302</Volume>
		<Pages>1-55</Pages>
		<Booktitle/>
		<Publisher/>
		<City/>
		<Editor/>
	</Source>
	<Taxa number="21">
		<List recon_name="Euparkeria_capensis" recon_no="99170">Euparkeria</List>
		<List recon_name="Cerritosaurus_binsfeldi,Chanaresuchus_bonapartei,Gualosuchus_reigi,Proterochampsa_barrionuevoi" recon_no="333704;80890;80891;333703">Proterochampsidae</List>
		<List recon_name="Mystriosuchus_planirostris,Mystriosuchus_westphali,Parasuchus_hislopi,Paleorhinus_bransoni" recon_no="64945;178425;159217;58929">Parasuchia</List>
		<List recon_name="Ornithosuchus_longidens,Riojasuchus_tenuisceps,Venaticosuchus_rusconii" recon_no="146398;66677;269820">Ornithosuchidae</List>
		<List recon_name="Stagonolepis_robertsoni,Aetosaurus_ferratus" recon_no="119075;156403">Stagonolepididae</List>
		<List recon_name="Postosuchus_kirkpatricki" recon_no="69074">Postosuchus</List>
		<List recon_name="Saurosuchus_galilei" recon_no="119066">Crocodylomorpha</List>
		<List recon_name="Eudimorphodon_ranzii,Peteinosaurus_zambelli,Preondactylus_buffarinii" recon_no="131614;163056;131642">Pterosauria</List>
		<List recon_name="Lagerpeton_chanarensis" recon_no="66341">Lagerpeton</List>
		<List recon_name="Marasuchus_lilloensis" recon_no="66342">Marasuchus</List>
		<List recon_name="Gallimimus_bullatus" recon_no="57265">Gallimimus</List>
		<List recon_name="Ammosaurus_major,Anchisaurus_polyzelus,Azendohsaurus_laaroussi,Camelotia_borealis,Coloradisaurus_brevis,Euskelosaurus_browni,Gyposaurus_sinensis,Jingshanosaurus_xinwaensis,Lessemsaurus_sauropoides,Lufengosaurus_huenei,Massospondylus_carinatus,Melanorosaurus_readi,Melanorosaurus_thabanensis,Mussaurus_patagonicus,Plateosaurus_engelhardti,Plateosaurus_longiceps,Riojasaurus_incertus,Ruehleia_bedheimensis,Saturnalia_tupiniquim,Sellosaurus_gracilis,Thecodontosaurus_antiquus,Yunnanosaurus_youngi,Yunnanosaurus_huangi,Blikanasaurus_cromptoni,Gongxianosaurus_shibeiensis,Isanosaurus_attavipachi,Kotasaurus_yamanpalliensis,Ohmdenosaurus_liasicus,Vulcanodon_karibaensis,Cardiodon_rugulosus,Chuanjiesaurus_anaensis,Datousaurus_bashanensis,Dystrophaeus_viaemalae,Klamelisaurus_gobiensis,Oplosaurus_armatus,Rhoetosaurus_brownei,Tendaguria_tanzaniensis,Volkheimeria_chubutensis,Euhelopus_zdanskyi,Lourinhasaurus_alenquerensis,Mamenchisaurus_constructus,Mamenchisaurus_hochuanensis,Mamenchisaurus_sinocanadorum,Mamenchisaurus_anyuensis,Mamenchisaurus_youngi,Mamenchisaurus_jingyanensis,Mamenchisaurus_fuxiensis,Omeisaurus_junghsiensis,Omeisaurus_tianfuensis,Shunosaurus_lii,Tehuelchesaurus_benitezii,Cetiosaurus_oxoniensis,Barapasaurus_tagorei,Patagosaurus_fariasi,Amygdalodon_patagonicus,Aragosaurus_ischiaticus,Hudiesaurus_sinojapanorum,Nemegtosaurus_mongoliensis,Quaesitosaurus_orientalis,Rebbachisaurus_garasbae,Nigersaurus_taqueti,Rayososaurus_agrioensis,Rayososaurus_tessonei,Dicraeosaurus_hansemanni,Dicraeosaurus_sattleri,Amargasaurus_cazaui,Diplodocus_longus,Diplodocus_carnegii,Diplodocus_hayi,Diplodocus_lacustris,Apatosaurus_ajax,Apatosaurus_excelsius,Apatosaurus_louisae,Barosaurus_lentus,Dyslocosaurus_polyonychius,Seismosaurus_halli,Supersaurus_vivianae,Tornieria_africana,Amphicoelias_altus,Cetiosauriscus_stewarti,Dinheirosaurus_lourinhanensis,Losillasaurus_giganteus,Atlasaurus_imelakei,Bellusaurus_sui,Jobaria_tiguidensis,Abrosaurus_dongpoensis,Camarasaurus_supremus,Camarasaurus_grandis,Camarasaurus_lentus,Camarasaurus_lewisi,Haplocanthosaurus_delfsi,Haplocanthosaurus_priscus,Lapparentosaurus_madagascariensis,Ornithopsis_hulkei,Pelorosaurus_conybeari,Pleurocoelus_nanus,Pleurocoelus_altus,Brachiosaurus_altithorax,Brachiosaurus_brancai,Cedarosaurus_weiskopfae,Dystylosaurus_edwini,Sauroposeidon_proteles,Aegyptosaurus_baharijensis,Agustinia_ligabuei,Andesaurus_delgadoi,Argentinosaurus_huinculensis,Argyrosaurus_superbus,Austrosaurus_mckillopi,Chubutisaurus_insignis,Epachthosaurus_sciuttoi,Huabeisaurus_allocotus,Janenschia_robusta,Phuwiangosaurus_sirindhornae,Tangvayosaurus_hoffeti,Venenosaurus_dicrocei,Aeolosaurus_rionegrinus,Alamosaurus_sanjuanensis,Ampelosaurus_atacis,Antarctosaurus_wichmannianus,Gondwanatitan_faustoi,Jainosaurus_septentrionalis,Jiangshanosaurus_lixianensis,Laplatasaurus_araukanicus,Lirainosaurus_astibiae,Magyarosaurus_dacus,Malawisaurus_dixeyi,Paralititan_stromeri,Pellegrinisaurus_powelli,Rapetosaurus_krausei,Rocasaurus_muniozi,Titanosaurus_indicus,Titanosaurus_blanfordi,Saltasaurus_loricatus,Saltasaurus_robustus,Neuquensaurus_australis,Opisthocoelicaudia_skarzynskii" recon_no="54161;64382;90678;56586;68584;85818;64288;64138;68588;56597;56595;54980;56589;66682;56683;64684;56585;65100;68124;54996;56627;106244;56629;55644;66644;65148;66498;65914;54979;67712;71526;52771;52875;66627;67037;57575;71878;66449;54868;71350;56460;56463;56541;71839;71838;56464;56466;56461;56462;56457;66569;66688;55547;66448;66447;70637;58890;54841;66618;65368;57367;71351;70642;65941;65942;53962;52920;65917;65918;57629;52958;368126;57752;54166;157546;66615;56455;64727;53181;67741;65362;57685;63744;54862;57436;184288;54168;67181;71837;67988;66582;64504;66496;54173;54174;54169;63758;54864;64501;64906;63786;66617;66662;66567;58918;66646;66267;55571;53963;57467;71977;66642;56410;58857;66516;58847;63399;65140;66264;66574;81767;66075;64322;65827;64332;57458;64374;66269;57533;66613;54171;64310;58838;64320;64315;57335">Sauropodomorpha</List>
		<List recon_name="Lesothosaurus_diagnosticus,Pisanosaurus_mertii,Technosaurus_smalli,Scutellosaurus_lawleri,Emausaurus_ernsti,Scelidosaurus_harrisonii,Abrictosaurus_consors,Echinodon_becklesii,Heterodontosaurus_tucki,Lycorhinus_angustidens,Agilisaurus_louderbacki,Anabisetia_saldiviai,Atlascopcosaurus_loadsi,Bugenasaura_infernalis,Drinker_nisti,Fulgurotherium_australe,Gasparinisaura_cincosaltensis,Hypsilophodon_foxii,Jeholosaurus_shangyuanensis,Leaellynasaura_amicagraphica,Notohypsilophodon_comodorensis,Orodromeus_makelai,Othnielia_rex,Parksosaurus_warreni,Qantassaurus_intrepidus,Thescelosaurus_neglectus,Yandusaurus_hongheensis,Zephyrosaurus_schaffi,Tenontosaurus_dossi,Tenontosaurus_tilletti,Rhabdodon_priscus,Rhabdodon_septimanicus,Zalmoxes_robustus,Zalmoxes_shqiperorum,Dryosaurus_altus,Dryosaurus_lettowvorbecki,Planicoxa_venenica,Valdosaurus_canaliculatus,Valdosaurus_nigeriensis,Camptosaurus_dispar,Camptosaurus_amplus,Camptosaurus_prestwichi,Camptosaurus_hoggi,Camptosaurus_depressus,Draconyx_loureiroi,Altirhinus_kurzanovi,Craspedodon_lonzeensis,Eolambia_caroljonesa,Equijubus_normani,Fukuisaurus_tetoriensis,Iguanodon_anglicus,Iguanodon_atherfieldensis,Iguanodon_bernissartensis,Iguanodon_dawsoni,Iguanodon_fittoni,Iguanodon_lakotaensis,Jinzhousaurus_yangi,Lurdusaurus_arenatus,Muttaburrasaurus_langdoni,Nanyangosaurus_zhugeii,Ouranosaurus_nigeriensis,Probactrosaurus_gobiensis,Probactrosaurus_alashanicus,Probactrosaurus_mazongshanensis,Protohadros_byrdi,Shuangmiaosaurus_gilmorei,Telmatosaurus_transsylvanicus,Bactrosaurus_johnsoni,Gilmoreosaurus_mongoliensis,Tanius_sinensis,Claosaurus_agilis,Secernosaurus_koerneri,Anasazisaurus_horneri,Aralosaurus_tuberiferus,Brachylophosaurus_canadensis,Edmontosaurus_regalis,Edmontosaurus_annectens,Edmontosaurus_saskatchewanensis,Gryposaurus_notabilis,Gryposaurus_incurvimanus,Gryposaurus_latidens,Hadrosaurus_foulkii,Lophorhothon_atopus,Maiasaura_peeblesorum,Naashoibitosaurus_ostromi,Prosaurolophus_blackfeetensis,Prosaurolophus_maximus,Saurolophus_osborni,Saurolophus_angustirostris,Shantungosaurus_giganteus,Amurosaurus_riabinini,Barsboldia_sicinskii,Charonosaurus_jiayinensis,Corythosaurus_casuarius,Hypacrosaurus_altispinus,Hypacrosaurus_stebingeri,Jaxartosaurus_aralensis,Lambeosaurus_lambei,Lambeosaurus_magnicristatus,Lambeosaurus_laticaudus,Nipponosaurus_sachalinensis,Olorotitan_arharensis,Parasaurolophus_cyrtocristatus,Parasaurolophus_tubicen,Parasaurolophus_walkeri,Tsintaosaurus_spinorhinus,Achelousaurus_horneri,Anchiceratops_ornatus,Archaeoceratops_oshimai,Arrhinoceratops_brachyops,Avaceratops_lammersi,Bagaceratops_rozhdestvenskyi,Brachyceratops_montanensis,Centrosaurus_apertus,Chaoyangsaurus_youngi,Chasmosaurus_belli,Chasmosaurus_irvinensis,Chasmosaurus_mariscalensis,Chasmosaurus_russelli,Diceratops_hatcheri,Einiosaurus_procurvicornis,Graciliceratops_mongoliensis,Leptoceratops_gracilis,Liaoceratops_yanzigouensis,Monoclonius_crassus,Montanoceratops_cerorhynchus,Pachyrhinosaurus_canadensis,Pentaceratops_sternbergii,Protoceratops_andrewsi,Protoceratops_hellenikorhinus,Psittacosaurus_guyangensis,Psittacosaurus_mazongshanensis,Psittacosaurus_meileyingensis,Psittacosaurus_mongoliensis,Psittacosaurus_neimongoliensis,Psittacosaurus_ordosensis,Psittacosaurus_osborni,Psittacosaurus_sinensis,Psittacosaurus_xinjiangensis,Psittacosaurus_youngi,Styracosaurus_albertensis,Torosaurus_latus,Triceratops_horridus,Udanoceratops_tschizhovi,Zuniceratops_christopheri,Goyocephale_lattimorei,Gravitholus_albertae,Homalocephale_calathocercos,Micropachycephalosaurus_hongtuyanensis,Ornatotholus_browni,Pachycephalosaurus_wyomingensis,Prenocephale_prenes,Sphaerotholus_buchholtzae,Sphaerotholus_goodwini,Stegoceras_edmontonense,Stegoceras_validum,Stenopelix_valdensis,Stygimoloch_spinifer,Tylocephale_gilmorei,Wannanosaurus_yansiensis,Yaverlandia_bitholus,Huayangosaurus_taibaii,Chialingosaurus_kuani,Chungkingosaurus_jiangbeiensis,Craterosaurus_pottonensis,Dacentrurus_armatus,Dravidosaurus_blanfordi,Hesperosaurus_mjosi,Kentrosaurus_aethiopicus,Lexovisaurus_durobrivensis,Monkonosaurus_lawulacus,Paranthodon_africanus,Stegosaurus_armatus,Stegosaurus_stenops,Stegosaurus_longispinus,Tuojiangosaurus_multispinus,Wuerhosaurus_homheni,Wuerhosaurus_ordosensis,Gargoyleosaurus_parkpinorum,Minmi_paravertebrata,Gastonia_burgei,Gobisaurus_domoculus,Shamosaurus_scutatus,Tsagantegia_longicranialis,Tarchia_gigantea,Saichania_chulsanensis,Talarurus_plicatospineus,Pinacosaurus_grangeri,Pinacosaurus_mephistocephalus,Tianzhenosaurus_youngi,Ankylosaurus_magniventris,Euoplocephalus_tutus,Nodocephalosaurus_kirtlandensis,Cedarpelta_bilbeyhallorum,Pawpawsaurus_campbelli,Sauropelta_edwardsorum,Silvisaurus_condrayi,Panoplosaurus_mirus,Edmontonia_longiceps,Edmontonia_rugosidens,Animantarx_ramaljonesi,Struthiosaurus_austriacus,Struthiosaurus_languedocensis,Struthiosaurus_transylvanicus,Crichtonsaurus_bohlini,Dracopelta_zbyszewskii,Hoplitosaurus_marshi,Hylaeosaurus_armatus,Mymoorapelta_maysi,Niobrarasaurus_coleii,Nodosaurus_textilis,Polacanthus_foxii,Polacanthus_rudgwickensis,Sarcolestes_leedsi,Stegopelta_landerensis,Texasetes_pleurohalio,Amtosaurus_magnus,Amtosaurus_archibaldi,Anoplosaurus_curtonotus,Liaoningosaurus_paradoxus" recon_no="57574;64409;67090;67088;64406;53042;52903;58901;52902;52899;57223;67279;57104;65024;57650;57105;65254;54190;68237;57102;86837;64338;64495;52894;66576;52897;52892;52889;67272;52887;66745;67672;66743;66744;54253;56515;66518;52886;64647;52880;65781;105927;92686;64513;65336;58903;66257;66500;58927;68189;66729;64255;58905;66721;64508;65389;90097;64411;64271;68243;52877;52878;58906;58883;64527;84662;68154;57344;64067;53379;63264;64065;66593;67547;65213;63254;64305;64304;63251;64298;57630;52812;67215;55574;66595;57631;53384;53386;64295;69513;64251;67253;64259;56403;56406;64339;65693;56724;65429;68200;56972;72095;66260;64355;63256;53387;53955;63447;55576;63401;55539;52826;63895;63911;55580;66019;64731;52772;66020;63890;53954;67674;52827;55582;54486;52830;66023;55033;52824;57342;65683;58884;65708;52831;64142;64143;65706;65705;65707;65946;56144;63773;63759;66585;66591;52838;56566;52836;54840;56568;52835;52833;67683;67682;56571;56570;65431;56577;66451;52840;56581;54858;56486;56487;56488;56505;56489;68159;56490;56501;65696;56497;52941;56491;56492;54854;56493;64144;82609;64270;63701;84235;52795;68199;52905;52910;52797;52911;57343;66504;52793;63917;68008;81294;55999;81248;52791;52788;63920;66027;63699;52792;64793;64748;84233;64525;57577;52782;57683;65208;52780;52785;66726;64524;63886;66852;57226;57227;56558;68245">Ornithischia</List>
		<List recon_name="Effigia_okeeffeae" recon_no="70615">Effigia</List>
		<List recon_name="Arizonasaurus_babbitti" recon_no="55052">Arizonasaurus</List>
		<List recon_name="Shuvosaurus_inexpectatus" recon_no="90276">Shuvosaurus</List>
		<List recon_name="Tyrannosaurus_rex" recon_no="54833">Tyrannosaurus</List>
		<List recon_name="Coelophysis_bauri" recon_no="55477">Coelophysis</List>
		<List recon_name="Lotosaurus_adentus" recon_no="119072">Lotosaurus</List>
		<List recon_name="Saurosuchus_galilei" recon_no="119066">Saurosuchus</List>
		<List recon_name="Sillosuchus_longicervix" recon_no="149850">Sillosuchus</List>
	</Taxa>
	<Characters>
		<Molecular/>
		<Morphological number="83">
			<Type>Osteology</Type>
		</Morphological>
		<Behavioural/>
		<Other/>
	</Characters>
	<Analysis>
		<Type>Maximum Parsimony</Type>
	</Analysis>
	<Notes>Based on reanalysis of the original matrix.</Notes>
	<Filename>Nesbitt_2007a</Filename>
	<Parent>Benton_1999a</Parent>
	<Sibling/>
</SourceTree>
