<?xml version="1.0" standalone="yes"?>
<SourceTree>
	<Source>
		<Author>
			<List>Nesbitt, S. J.</List>
			<List>Irmis, R. B.</List>
			<List>Parker, W. G.</List>
			<List>Smith, N. D.</List>
			<List>Turner, A. H.</List>
			<List>Rowe, T.</List>
		</Author>
		<Year>2009</Year>
		<Title>Hindlimb osteology and distribution of basal dinosauromorphs from the Late Triassic of North America</Title>
		<Journal>Journal of Vertebrate Paleontology</Journal>
		<Volume>29</Volume>
		<Pages>498-516</Pages>
		<Booktitle/>
		<Publisher/>
		<City/>
		<Editor/>
	</Source>
	<Taxa number="27">
		<List recon_name="Euparkeria_capensis" recon_no="99170">Euparkeria</List>
		<List recon_name="Leptosuchus_adamanensis,Leptosuchus_gregorii,Machaeroprosopus_zunii" recon_no="69061;69062;159234">Leptosuchus</List>
		<List recon_name="Aetosaurus_ferratus" recon_no="156403">Aetosaurus</List>
		<List recon_name="Riojasuchus_tenuisceps" recon_no="66677">Riojasuchus</List>
		<List recon_name="Effigia_okeeffeae" recon_no="70615">Effigia</List>
		<List recon_name="Postosuchus_kirkpatricki" recon_no="69074">Postosuchus</List>
		<List recon_name="Hesperosuchus_agilis" recon_no="69077">Hesperosuchus</List>
		<List recon_name="Protosuchus_richardsoni" recon_no="180582">Protosuchus</List>
		<List recon_name="Dimorphodon_macronyx" recon_no="95810">Dimorphodon</List>
		<List recon_name="Eudimorphodon_ranzii,Eudimorphodon_rosenfeldi" recon_no="131614;131698">Eudimorphodon</List>
		<List recon_name="Lagerpeton_chanarensis" recon_no="66341">Lagerpeton</List>
		<List recon_name="Dromomeron_romeri" recon_no="104966">Dromomeron_romeri</List>
		<List recon_name="Dromomeron_gregorii" recon_no="148224">Dromomeron_gregorii</List>
		<List recon_name="Marasuchus_lilloensis" recon_no="66342">Marasuchus</List>
		<List recon_name="Silesaurus_opolensis" recon_no="81776">Silesaurus</List>
		<List recon_name="Eucoelophysis_baldwini" recon_no="68126">Eucoelophysis</List>
		<List recon_name="Pisanosaurus_mertii" recon_no="64409">Pisanosaurus</List>
		<List recon_name="Lesothosaurus_diagnosticus" recon_no="57574">Lesothosaurus</List>
		<List recon_name="Heterodontosaurus_tucki" recon_no="52902">Heterodontosaurus</List>
		<List recon_name="Scutellosaurus_lawleri" recon_no="67088">Scutellosaurus</List>
		<List recon_name="Herrerasaurus_ischigualastensis" recon_no="55000">Herrerasaurus</List>
		<List recon_name="Chindesaurus_bryansmalli" recon_no="66909">Chindesaurus</List>
		<List recon_name="Saturnalia_tupiniquim" recon_no="68124">Saturnalia</List>
		<List recon_name="Efraasia_minor" recon_no="91403">Efraasia</List>
		<List recon_name="Plateosaurus_engelhardti" recon_no="56683">Plateosaurus</List>
		<List recon_name="Coelophysis_bauri" recon_no="55477">Coelophysis</List>
		<List recon_name="Allosaurus_fragilis" recon_no="52962">Allosaurus</List>
	</Taxa>
	<Characters>
		<Molecular/>
		<Morphological number="130">
			<Type>Osteology</Type>
		</Morphological>
		<Behavioural/>
		<Other/>
	</Characters>
	<Analysis>
		<Type>Maximum Parsimony</Type>
	</Analysis>
	<Notes>Based on reanalysis of the original matrix.</Notes>
	<Filename>Nesbitt_etal_2009b</Filename>
	<Parent>Irmis_etal_2007a</Parent>
	<Sibling/>
</SourceTree>
