<?xml version="1.0" standalone="yes"?>
<SourceTree>
	<Source>
		<Author>
			<List>Norell, M. A.</List>
			<List>Makovicky, P. J.</List>
			<List>Clark, J. M.</List>
		</Author>
		<Year>2000</Year>
		<Title>A new troodontid theropod from Ukhaa Tolgod, Mongolia</Title>
		<Journal>Journal of Vertebrate Paleontology</Journal>
		<Volume>20</Volume>
		<Pages>7-11</Pages>
		<Booktitle/>
		<Publisher/>
		<City/>
		<Editor/>
	</Source>
	<Taxa number="10">
		<List recon_name="Garudimimus_brevipes,Pelecanimimus_polyodon" recon_no="57267;64118">Ornithomimidae</List>
		<List recon_name="Velociraptor_mongoliensis" recon_no="54554">Dromaeosauridae</List>
		<List recon_name="Avimimus_portentosus,Caenagnathasia_martinsoni,Caudipteryx_zoui,Chirostenotes_elegans,Chirostenotes_pergracilis,Conchoraptor_gracilis,Elmisaurus_rarus,Ingenia_yanshini,Microvenator_celer,Nomingia_gobiensis,Oviraptor_philoceratops,Rinchenia_mongoliensis" recon_no="55489;54543;66066;68395;54561;67259;54560;57022;65860;67257;55488;68397">Oviraptorosauria</List>
		<List recon_name="Archaeopteryx_lithographica" recon_no="55487">Avialae</List>
		<List recon_name="Troodontidae_indet_IGM_100_44" recon_no="54468">IGM_100_slash_144</List>
		<List recon_name="Sinornithoides_youngi" recon_no="64145">Sinornithoides_youngi</List>
		<List recon_name="Byronosaurus_jaffei" recon_no="57020">Byronosaurus_jaffei</List>
		<List recon_name="Troodon_formosus" recon_no="54818">Troodon_formosus</List>
		<List recon_name="Saurornithoides_mongoliensis" recon_no="54470">Saurornithoides_mongoliensis</List>
		<List recon_name="Saurornithoides_junior" recon_no="57262">Sauronrithoides_junior</List>
	</Taxa>
	<Characters>
		<Molecular/>
		<Morphological number="38">
			<Type>Osteology</Type>
		</Morphological>
		<Behavioural/>
		<Other/>
	</Characters>
	<Analysis>
		<Type>Maximum Parsimony</Type>
	</Analysis>
	<Notes>Based on reanalysis of the original matrix.</Notes>
	<Filename>Norell_etal_2000a</Filename>
	<Parent/>
	<Sibling/>
</SourceTree>
