<?xml version="1.0" standalone="yes"?>
<SourceTree>
	<Source>
		<Author>
			<List>Norman, D. B.</List>
			<List>Witmer, L. M.</List>
			<List>Weishampel, D. B.</List>
		</Author>
		<Year>2004</Year>
		<Title>Basal Thyreophora</Title>
		<Journal/>
		<Volume/>
		<Pages>335-342</Pages>
		<Booktitle>The Dinosauria (Second Edition)</Booktitle>
		<Publisher>University of California Press</Publisher>
		<City>Berkeley</City>
		<Editor>
			<List>Weishampel, D. B.</List>
			<List>Dodson, P.</List>
			<List>Osmolska, H.</List>
		</Editor>
	</Source>
	<Taxa number="7">
		<List recon_name="DELETE" recon_no="0">Outgroup</List>
		<List recon_name="Lesothosaurus_diagnosticus" recon_no="57574">Lesothosaurus</List>
		<List recon_name="Abrictosaurus_consors,Echinodon_becklesii,Heterodontosaurus_tucki,Lycorhinus_angustidens,Agilisaurus_louderbacki,Anabisetia_saldiviai,Atlascopcosaurus_loadsi,Bugenasaura_infernalis,Drinker_nisti,Fulgurotherium_australe,Gasparinisaura_cincosaltensis,Hypsilophodon_foxii,Jeholosaurus_shangyuanensis,Leaellynasaura_amicagraphica,Notohypsilophodon_comodorensis,Orodromeus_makelai,Othnielia_rex,Parksosaurus_warreni,Qantassaurus_intrepidus,Thescelosaurus_neglectus,Yandusaurus_hongheensis,Zephyrosaurus_schaffi,Tenontosaurus_dossi,Tenontosaurus_tilletti,Rhabdodon_priscus,Rhabdodon_septimanicus,Zalmoxes_robustus,Zalmoxes_shqiperorum,Dryosaurus_altus,Dryosaurus_lettowvorbecki,Planicoxa_venenica,Valdosaurus_canaliculatus,Valdosaurus_nigeriensis,Camptosaurus_dispar,Camptosaurus_amplus,Camptosaurus_prestwichi,Camptosaurus_hoggi,Camptosaurus_depressus,Draconyx_loureiroi,Altirhinus_kurzanovi,Craspedodon_lonzeensis,Eolambia_caroljonesa,Equijubus_normani,Fukuisaurus_tetoriensis,Iguanodon_anglicus,Iguanodon_atherfieldensis,Iguanodon_bernissartensis,Iguanodon_dawsoni,Iguanodon_fittoni,Iguanodon_lakotaensis,Jinzhousaurus_yangi,Lurdusaurus_arenatus,Muttaburrasaurus_langdoni,Nanyangosaurus_zhugeii,Ouranosaurus_nigeriensis,Probactrosaurus_gobiensis,Probactrosaurus_alashanicus,Probactrosaurus_mazongshanensis,Protohadros_byrdi,Shuangmiaosaurus_gilmorei,Telmatosaurus_transsylvanicus,Bactrosaurus_johnsoni,Gilmoreosaurus_mongoliensis,Tanius_sinensis,Claosaurus_agilis,Secernosaurus_koerneri,Anasazisaurus_horneri,Aralosaurus_tuberiferus,Brachylophosaurus_canadensis,Edmontosaurus_regalis,Edmontosaurus_annectens,Edmontosaurus_saskatchewanensis,Gryposaurus_notabilis,Gryposaurus_incurvimanus,Gryposaurus_latidens,Hadrosaurus_foulkii,Lophorhothon_atopus,Maiasaura_peeblesorum,Naashoibitosaurus_ostromi,Prosaurolophus_blackfeetensis,Prosaurolophus_maximus,Saurolophus_osborni,Saurolophus_angustirostris,Shantungosaurus_giganteus,Amurosaurus_riabinini,Barsboldia_sicinskii,Charonosaurus_jiayinensis,Corythosaurus_casuarius,Hypacrosaurus_altispinus,Hypacrosaurus_stebingeri,Jaxartosaurus_aralensis,Lambeosaurus_lambei,Lambeosaurus_magnicristatus,Lambeosaurus_laticaudus,Nipponosaurus_sachalinensis,Olorotitan_arharensis,Parasaurolophus_cyrtocristatus,Parasaurolophus_tubicen,Parasaurolophus_walkeri,Tsintaosaurus_spinorhinus,Achelousaurus_horneri,Anchiceratops_ornatus,Archaeoceratops_oshimai,Arrhinoceratops_brachyops,Avaceratops_lammersi,Bagaceratops_rozhdestvenskyi,Brachyceratops_montanensis,Centrosaurus_apertus,Chaoyangsaurus_youngi,Chasmosaurus_belli,Chasmosaurus_irvinensis,Chasmosaurus_mariscalensis,Chasmosaurus_russelli,Diceratops_hatcheri,Einiosaurus_procurvicornis,Graciliceratops_mongoliensis,Leptoceratops_gracilis,Liaoceratops_yanzigouensis,Monoclonius_crassus,Montanoceratops_cerorhynchus,Pachyrhinosaurus_canadensis,Pentaceratops_sternbergii,Protoceratops_andrewsi,Protoceratops_hellenikorhinus,Psittacosaurus_guyangensis,Psittacosaurus_mazongshanensis,Psittacosaurus_meileyingensis,Psittacosaurus_mongoliensis,Psittacosaurus_neimongoliensis,Psittacosaurus_ordosensis,Psittacosaurus_osborni,Psittacosaurus_sinensis,Psittacosaurus_xinjiangensis,Psittacosaurus_youngi,Styracosaurus_albertensis,Torosaurus_latus,Triceratops_horridus,Udanoceratops_tschizhovi,Zuniceratops_christopheri,Goyocephale_lattimorei,Gravitholus_albertae,Homalocephale_calathocercos,Micropachycephalosaurus_hongtuyanensis,Ornatotholus_browni,Pachycephalosaurus_wyomingensis,Prenocephale_prenes,Sphaerotholus_buchholtzae,Sphaerotholus_goodwini,Stegoceras_edmontonense,Stegoceras_validum,Stenopelix_valdensis,Stygimoloch_spinifer,Tylocephale_gilmorei,Wannanosaurus_yansiensis,Yaverlandia_bitholus" recon_no="52903;58901;52902;52899;57223;67279;57104;65024;57650;57105;65254;54190;68237;57102;86837;64338;64495;52894;66576;52897;52892;52889;67272;52887;66745;67672;66743;66744;54253;56515;66518;52886;64647;52880;65781;105927;92686;64513;65336;58903;66257;66500;58927;68189;66729;64255;58905;66721;64508;65389;90097;64411;64271;68243;52877;52878;58906;58883;64527;84662;68154;57344;64067;53379;63264;64065;66593;67547;65213;63254;64305;64304;63251;64298;57630;52812;67215;55574;66595;57631;53384;53386;64295;69513;64251;67253;64259;56403;56406;64339;65693;56724;65429;68200;56972;72095;66260;64355;63256;53387;53955;63447;55576;63401;55539;52826;63895;63911;55580;66019;64731;52772;66020;63890;53954;67674;52827;55582;54486;52830;66023;55033;52824;57342;65683;58884;65708;52831;64142;64143;65706;65705;65707;65946;56144;63773;63759;66585;66591;52838;56566;52836;54840;56568;52835;52833;67683;67682;56571;56570;65431;56577;66451;52840;56581">Cerapoda</List>
		<List recon_name="Scutellosaurus_lawleri" recon_no="67088">Scutellosaurus</List>
		<List recon_name="Emausaurus_ernsti" recon_no="64406">Emausaurus</List>
		<List recon_name="Scelidosaurus_harrisonii" recon_no="53042">Scelidosaurus</List>
		<List recon_name="Huayangosaurus_taibaii,Chialingosaurus_kuani,Chungkingosaurus_jiangbeiensis,Craterosaurus_pottonensis,Dacentrurus_armatus,Dravidosaurus_blanfordi,Hesperosaurus_mjosi,Kentrosaurus_aethiopicus,Lexovisaurus_durobrivensis,Monkonosaurus_lawulacus,Paranthodon_africanus,Stegosaurus_armatus,Stegosaurus_stenops,Stegosaurus_longispinus,Tuojiangosaurus_multispinus,Wuerhosaurus_homheni,Wuerhosaurus_ordosensis,Gargoyleosaurus_parkpinorum,Minmi_paravertebrata,Gastonia_burgei,Gobisaurus_domoculus,Shamosaurus_scutatus,Tsagantegia_longicranialis,Tarchia_gigantea,Saichania_chulsanensis,Talarurus_plicatospineus,Pinacosaurus_grangeri,Pinacosaurus_mephistocephalus,Tianzhenosaurus_youngi,Ankylosaurus_magniventris,Euoplocephalus_tutus,Nodocephalosaurus_kirtlandensis,Cedarpelta_bilbeyhallorum,Pawpawsaurus_campbelli,Sauropelta_edwardsorum,Silvisaurus_condrayi,Panoplosaurus_mirus,Edmontonia_longiceps,Edmontonia_rugosidens,Animantarx_ramaljonesi,Struthiosaurus_austriacus,Struthiosaurus_languedocensis,Struthiosaurus_transylvanicus,Crichtonsaurus_bohlini,Dracopelta_zbyszewskii,Hoplitosaurus_marshi,Hylaeosaurus_armatus,Mymoorapelta_maysi,Niobrarasaurus_coleii,Nodosaurus_textilis,Polacanthus_foxii,Polacanthus_rudgwickensis,Sarcolestes_leedsi,Stegopelta_landerensis,Texasetes_pleurohalio,Amtosaurus_magnus,Amtosaurus_archibaldi,Anoplosaurus_curtonotus,Liaoningosaurus_paradoxus" recon_no="54858;56486;56487;56488;56505;56489;68159;56490;56501;65696;56497;52941;56491;56492;54854;56493;64144;82609;64270;63701;84235;52795;68199;52905;52910;52797;52911;57343;66504;52793;63917;68008;81294;55999;81248;52791;52788;63920;66027;63699;52792;64793;64748;84233;64525;57577;52782;57683;65208;52780;52785;66726;64524;63886;66852;57226;57227;56558;68245">Eurypoda</List>
	</Taxa>
	<Characters>
		<Molecular/>
		<Morphological number="32">
			<Type>Osteology</Type>
		</Morphological>
		<Behavioural/>
		<Other/>
	</Characters>
	<Analysis>
		<Type>Maximum Parsimony</Type>
	</Analysis>
	<Notes>Based on reanalysis of the original matrix.</Notes>
	<Filename>Norman_etal_2004b</Filename>
	<Parent/>
	<Sibling/>
</SourceTree>
