<?xml version="1.0" standalone="yes"?>
<SourceTree>
	<Source>
		<Author>
			<List>Norman, D. B.</List>
		</Author>
		<Year>2002</Year>
		<Title>On Asian ornithopods (Dinosauria: Ornithischia). 4. <em>Probactrosaurus</em> Rozhdestvensky, 1966</Title>
		<Journal>Zoological Journal of the Linnean Society</Journal>
		<Volume>136</Volume>
		<Pages>113-144</Pages>
		<Booktitle/>
		<Publisher/>
		<City/>
		<Editor/>
	</Source>
	<Taxa number="18">
		<List recon_name="Dryosaurus_altus" recon_no="54253">Dryosaurus</List>
		<List recon_name="Camptosaurus_dispar" recon_no="52880">Camptosaurus</List>
		<List recon_name="Lurdusaurus_arenatus" recon_no="64411">Lurdusaurus</List>
		<List recon_name="Equijubus_normani" recon_no="58927">Mazongshan_sp</List>
		<List recon_name="Iguanodon_atherfieldensis" recon_no="64255">Iguanodon_a</List>
		<List recon_name="Iguanodon_bernissartensis" recon_no="58905">Iguanodon_b</List>
		<List recon_name="Ouranosaurus_nigeriensis" recon_no="52877">Ouranosaurus</List>
		<List recon_name="Altirhinus_kurzanovi" recon_no="58903">Altirhinus</List>
		<List recon_name="Eolambia_caroljonesa" recon_no="66500">Eolambia</List>
		<List recon_name="Protohadros_byrdi" recon_no="64527">Protohadros</List>
		<List recon_name="Probactrosaurus_gobiensis" recon_no="52878">Probactrosaurus</List>
		<List recon_name="Telmatosaurus_transsylvanicus" recon_no="68154">Telmatosaurus</List>
		<List recon_name="Bactrosaurus_johnsoni" recon_no="57344">Bactrosaurus</List>
		<List recon_name="Saurolophus_angustirostris,Saurolophus_osborni" recon_no="64295;53386">Saurolophus</List>
		<List recon_name="Edmontosaurus_annectens,Edmontosaurus_regalis,Edmontosaurus_saskatchewanensis" recon_no="64305;63254;64304">Edmontosaurus</List>
		<List recon_name="Brachylophosaurus_canadensis" recon_no="65213">Brachylophosaurus</List>
		<List recon_name="Parasaurolophus_cyrtocristatus,Parasaurolophus_tubicen,Parasaurolophus_walkeri" recon_no="66260;64355;63256">Parasaurolophus</List>
		<List recon_name="Corythosaurus_casuarius" recon_no="56403">Corythosaurus</List>
	</Taxa>
	<Characters>
		<Molecular/>
		<Morphological number="67">
			<Type>Osteology</Type>
		</Morphological>
		<Behavioural/>
		<Other/>
	</Characters>
	<Analysis>
		<Type>Maximum Parsimony</Type>
	</Analysis>
	<Notes>Based on reanalysis of the original matrix.</Notes>
	<Filename>Norman_2002a</Filename>
	<Parent/>
	<Sibling/>
</SourceTree>
