<?xml version="1.0" standalone="yes"?>
<SourceTree>
	<Source>
		<Author>
			<List>Norman, D. B.</List>
		</Author>
		<Year>2004</Year>
		<Title>Basal Iguanodontia</Title>
		<Journal/>
		<Volume/>
		<Pages>413-437</Pages>
		<Booktitle>The Dinosauria (Second Edition)</Booktitle>
		<Publisher>University of California Press</Publisher>
		<City>Berkeley</City>
		<Editor>
			<List>Weishampel, D. B.</List>
			<List>Dodson, P.</List>
			<List>Osmolska, H.</List>
		</Editor>
	</Source>
	<Taxa number="16">
		<List recon_name="Lesothosaurus_diagnosticus" recon_no="57574">L_diagnosticus</List>
		<List recon_name="Hypsilophodon_foxii" recon_no="54190">H_foxii</List>
		<List recon_name="Zalmoxes_robustus" recon_no="66743">Z_robustus</List>
		<List recon_name="Dryosaurus_altus" recon_no="54253">D_altus</List>
		<List recon_name="Camptosaurus_dispar" recon_no="52880">C_dispar</List>
		<List recon_name="Iguanodon_atherfieldensis" recon_no="64255">I_atherfieldensis</List>
		<List recon_name="Iguanodon_bernissartensis" recon_no="58905">I_bernissartensis</List>
		<List recon_name="Ouranosaurus_nigeriensis" recon_no="52877">O_nigeriensis</List>
		<List recon_name="Protohadros_byrdi" recon_no="64527">P_byrdi</List>
		<List recon_name="Probactrosaurus_gobiensis" recon_no="52878">P_mongoliensis</List>
		<List recon_name="Bactrosaurus_johnsoni" recon_no="57344">B_johnsoni</List>
		<List recon_name="Edmontosaurus_regalis" recon_no="63254">E_regalis</List>
		<List recon_name="Altirhinus_kurzanovi" recon_no="58903">A_kurzanovi</List>
		<List recon_name="Eolambia_caroljonesa" recon_no="66500">E_caroljonesa</List>
		<List recon_name="Tenontosaurus_tilletti" recon_no="52887">T_tilletti</List>
		<List recon_name="Tenontosaurus_dossi" recon_no="67272">T_dossi</List>
	</Taxa>
	<Characters>
		<Molecular/>
		<Morphological number="67">
			<Type>Osteology</Type>
		</Morphological>
		<Behavioural/>
		<Other/>
	</Characters>
	<Analysis>
		<Type>Maximum Parsimony</Type>
	</Analysis>
	<Notes>Based on reanalysis of the original matrix.</Notes>
	<Filename>Norman_2004a</Filename>
	<Parent/>
	<Sibling/>
</SourceTree>
