<?xml version="1.0" standalone="yes"?>
<SourceTree>
	<Source>
		<Author>
			<List>Norman, D. B.</List>
			<List>Sues, H.-D.</List>
			<List>Witmer, L. M.</List>
			<List>Coria, R. A.</List>
		</Author>
		<Year>2004</Year>
		<Title>Basal Ornithopoda</Title>
		<Journal/>
		<Volume/>
		<Pages>393-412</Pages>
		<Booktitle>The Dinosauria (Second Edition)</Booktitle>
		<Publisher>University of California Press</Publisher>
		<City>Berkeley</City>
		<Editor>
			<List>Weishampel, D. B.</List>
			<List>Dodson, P.</List>
			<List>Osmolska, H.</List>
		</Editor>
	</Source>
	<Taxa number="12">
		<List recon_name="DELETE" recon_no="0">Outgroup</List>
		<List recon_name="Achelousaurus_horneri,Anchiceratops_ornatus,Archaeoceratops_oshimai,Arrhinoceratops_brachyops,Avaceratops_lammersi,Bagaceratops_rozhdestvenskyi,Brachyceratops_montanensis,Centrosaurus_apertus,Chaoyangsaurus_youngi,Chasmosaurus_belli,Chasmosaurus_irvinensis,Chasmosaurus_mariscalensis,Chasmosaurus_russelli,Diceratops_hatcheri,Einiosaurus_procurvicornis,Goyocephale_lattimorei,Graciliceratops_mongoliensis,Gravitholus_albertae,Homalocephale_calathocercos,Leptoceratops_gracilis,Liaoceratops_yanzigouensis,Micropachycephalosaurus_hongtuyanensis,Monoclonius_crassus,Montanoceratops_cerorhynchus,Ornatotholus_browni,Pachycephalosaurus_wyomingensis,Pachyrhinosaurus_canadensis,Pentaceratops_sternbergii,Prenocephale_prenes,Protoceratops_andrewsi,Protoceratops_hellenikorhinus,Psittacosaurus_guyangensis,Psittacosaurus_mazongshanensis,Psittacosaurus_meileyingensis,Psittacosaurus_mongoliensis,Psittacosaurus_neimongoliensis,Psittacosaurus_ordosensis,Psittacosaurus_osborni,Psittacosaurus_sinensis,Psittacosaurus_xinjiangensis,Psittacosaurus_youngi,Sphaerotholus_buchholtzae,Sphaerotholus_goodwini,Stegoceras_edmontonense,Stegoceras_validum,Stenopelix_valdensis,Stygimoloch_spinifer,Styracosaurus_albertensis,Torosaurus_latus,Triceratops_horridus,Tylocephale_gilmorei,Udanoceratops_tschizhovi,Wannanosaurus_yansiensis,Yaverlandia_bitholus,Zuniceratops_christopheri" recon_no="53955;63447;55576;63401;55539;52826;63895;63911;55580;66019;64731;52772;66020;63890;53954;52838;67674;56566;52836;52827;55582;54840;54486;52830;56568;52835;66023;55033;52833;52824;57342;65683;58884;65708;52831;64142;64143;65706;65705;65707;65946;67683;67682;56571;56570;65431;56577;56144;63773;63759;66451;66585;52840;56581;66591">Marginocephalia</List>
		<List recon_name="Heterodontosaurus_tucki" recon_no="52902">H_tucki</List>
		<List recon_name="Agilisaurus_louderbacki" recon_no="57223">A_louderbacki</List>
		<List recon_name="Agilisaurus_multidens" recon_no="57225">A_multidens</List>
		<List recon_name="Othnielia_rex" recon_no="64495">O_rex</List>
		<List recon_name="Hypsilophodon_foxii" recon_no="54190">H_foxii</List>
		<List recon_name="Zephyrosaurus_schaffi" recon_no="52889">Z_schaffi</List>
		<List recon_name="Orodromeus_makelai" recon_no="64338">O_makelai</List>
		<List recon_name="Gasparinisaura_cincosaltensis" recon_no="65254">G_cincosaltensis</List>
		<List recon_name="Thescelosaurus_neglectus" recon_no="52897">T_neglectus</List>
		<List recon_name="Parksosaurus_warreni" recon_no="52894">P_warreni</List>
	</Taxa>
	<Characters>
		<Molecular/>
		<Morphological number="54">
			<Type>Osteology</Type>
		</Morphological>
		<Behavioural/>
		<Other/>
	</Characters>
	<Analysis>
		<Type>Maximum Parsimony</Type>
	</Analysis>
	<Notes>Based on reanalysis of the original matrix.</Notes>
	<Filename>Norman_etal_2004a</Filename>
	<Parent/>
	<Sibling/>
</SourceTree>
