<?xml version="1.0" standalone="yes"?>
<SourceTree>
	<Source>
		<Author>
			<List>Novas, F. E.</List>
		</Author>
		<Year>1996</Year>
		<Title>Alvarezsauridae, Cretaceous basal birds from Patagonia and Mongolia</Title>
		<Journal>Memoirs of the Queensland Museum</Journal>
		<Volume>39</Volume>
		<Pages>675-702</Pages>
		<Booktitle/>
		<Publisher/>
		<City/>
		<Editor/>
	</Source>
	<Taxa number="8">
		<List recon_name="Albertosaurus_megagracilis,Albertosaurus_sarcophagus,Alectrosaurus_olseni,Alioramus_remotus,Chingkankousaurus_fragilis,Daspletosaurus_torosus,Gorgosaurus_libratus,Maleevosaurus_novojilovi,Nanotyrannus_lancensis,Tarbosaurus_bataar,Tyrannosaurus_luanchuanensis,Tyrannosaurus_rex" recon_no="67649;56319;57253;57259;65684;57258;53194;63709;53213;57254;54835;54833">Tyrannosauridae</List>
		<List recon_name="Anserimimus_planinychus,Archaeornithomimus_asiaticus,Dromiceiomimus_brevetertius,Dromiceiomimus_samueli,Gallimimus_bullatus,Garudimimus_brevipes,Harpymimus_okladnikovi,Ornithomimus_edmontonicus,Ornithomimus_velox,Struthiomimus_altus" recon_no="66672;57276;57274;57272;57265;57267;66670;63438;57269;57266">Ornithomimidae</List>
		<List recon_name="Deinonychus_antirrhopus" recon_no="54555">Deinonychus</List>
		<List recon_name="Archaeopteryx_lithographica" recon_no="55487">Archaeopteryx</List>
		<List recon_name="Hesperornis_regalis,Iberomesornis_romerali,Ichthyornis_dispar,Patagopteryx_deferrariisi" recon_no="96488;65831;54877;68529">Ornithothoraces</List>
		<List recon_name="Alvarezsaurus_calvoi" recon_no="64775">Alvarezsaurus</List>
		<List recon_name="Mononykus_olecranus" recon_no="67288">Mononykus</List>
		<List recon_name="Patagonykus_puertai" recon_no="64773">Patagonykus</List>
	</Taxa>
	<Characters>
		<Molecular/>
		<Morphological number="74">
			<Type>Osteology</Type>
		</Morphological>
		<Behavioural/>
		<Other/>
	</Characters>
	<Analysis>
		<Type>Maximum Parsimony</Type>
	</Analysis>
	<Notes>Based on reanalysis of the original matrix.</Notes>
	<Filename>Novas_1996a</Filename>
	<Parent/>
	<Sibling/>
</SourceTree>
