<?xml version="1.0" standalone="yes"?>
<SourceTree>
	<Source>
		<Author>
			<List>Novas, F. E.</List>
			<List>Ezcurra, M. D.</List>
			<List>Lecuona, A.</List>
		</Author>
		<Year>2008</Year>
		<Title><em>Orkoraptor burkei</em> nov. gen. et sp., a large theropod from the Maastrichtian Pari Aike Formation, Southern Patagonia, Argentina</Title>
		<Journal>Cretaceous Research</Journal>
		<Volume>29</Volume>
		<Pages>468-480</Pages>
		<Booktitle/>
		<Publisher/>
		<City/>
		<Editor/>
	</Source>
	<Taxa number="59">
		<List recon_name="Allosaurus_fragilis" recon_no="52962">Allosaurus_fragilis</List>
		<List recon_name="Sinraptor_dongi" recon_no="54821">Sinraptor_dongi</List>
		<List recon_name="Ornitholestes_hermanni" recon_no="55484">Ornitholestes_hermanni</List>
		<List recon_name="Incisivosaurus_gauthieri" recon_no="64891">Incisivosaurus_gauthieri</List>
		<List recon_name="Caudipteryx_zoui" recon_no="66066">Caudipteryx_zoui</List>
		<List recon_name="Ingenia_yanshani" recon_no="96513">Ingenia_yanshini</List>
		<List recon_name="Oviraptor_mongoliensis" recon_no="57021">Oviraptor_mongoliensis</List>
		<List recon_name="Oviraptor_philoceratops" recon_no="55488">Oviraptor_philoceratops</List>
		<List recon_name="Conchoraptor_gracilis" recon_no="67259">Conchoraptor_gracilis</List>
		<List recon_name="Chirostenotes_pergracilis" recon_no="54561">Chirostenotes_pergracilis</List>
		<List recon_name="Microvenator_celer" recon_no="65860">Microvenator_celer</List>
		<List recon_name="Avimimus_portentosus" recon_no="55489">Avimimus_portentosus</List>
		<List recon_name="Citipati_osmolskae" recon_no="57024">Citipati_osmolskae</List>
		<List recon_name="Segnosaurus_galbinensis" recon_no="66664">Segnosaurus_galbinensis</List>
		<List recon_name="Erlikosaurus_andrewsi" recon_no="66667">Erlikosaurus_andrewsi</List>
		<List recon_name="Alxasaurus_elesitaiensis" recon_no="64126">Alxasaurus_elesitaiensis</List>
		<List recon_name="Rahonavis_ostromi" recon_no="64133">Rahonavis_ostromi</List>
		<List recon_name="Sinornithosaurus_millenii" recon_no="68205">Sinornithosaurus_milleni</List>
		<List recon_name="Microraptor_zhaoianus" recon_no="68239">Microraptor_zhaoianus</List>
		<List recon_name="Buitreraptor_gonzalezorum" recon_no="68202">buitreraptor_combined</List>
		<List recon_name="Unenlagia_comahuensis" recon_no="65422">Unenlagia</List>
		<List recon_name="Neuquenraptor_argentinus" recon_no="64531">Neuquenraptor</List>
		<List recon_name="Dromaeosaurus_albertensis" recon_no="54550">Dromaeosaurus_albertensis</List>
		<List recon_name="Utahraptor_ostrommaysi" recon_no="66450">Utahraptor_ostrommaysorum</List>
		<List recon_name="Saurornitholestes_langstoni" recon_no="54556">Saurornitholestes_langsto</List>
		<List recon_name="Achillobator_giganticus" recon_no="68418">Achillobator_giganticus</List>
		<List recon_name="Adasaurus_mongoliensis" recon_no="57261">Adasaurus_mongoliensis</List>
		<List recon_name="Deinonychus_antirrhopus" recon_no="54555">Deinonychus_antirrhopus</List>
		<List recon_name="Velociraptor_mongoliensis" recon_no="54554">Velociraptor_mongoliensis</List>
		<List recon_name="Tsaagan_mangas" recon_no="90550">Ukhaa_dromaeosaurid</List>
		<List recon_name="Troodontidae_indet_IGM_100_44" recon_no="54468">EK_troodontid</List>
		<List recon_name="Byronosaurus_jaffei" recon_no="57020">Byronosaurus_jaffei</List>
		<List recon_name="Sinornithoides_youngi" recon_no="64145">Sinornithoides_youngi</List>
		<List recon_name="Troodon_formosus" recon_no="54818">Troodon_formosus</List>
		<List recon_name="Saurornithoides_mongoliensis" recon_no="54470">Saurornithoides_mongolien</List>
		<List recon_name="Saurornithoides_junior" recon_no="57262">Saurornithoides_junior</List>
		<List recon_name="Sinovenator_changii" recon_no="64889">Sinovenator_changii</List>
		<List recon_name="Mei_long" recon_no="68250">Meilong</List>
		<List recon_name="Archaeopteryx_lithographica" recon_no="55487">Archeopteryx_lithographic</List>
		<List recon_name="Confuciusornis_sanctus" recon_no="67261">Confuciusornis_sanctus</List>
		<List recon_name="Alvarezsaurus_calvoi" recon_no="64775">Alvarezsaurus_calvoi</List>
		<List recon_name="Patagonykus_puertai" recon_no="64773">Patagonykus_puertai</List>
		<List recon_name="Mononykus_olecranus" recon_no="67288">Mononykus_olecranus</List>
		<List recon_name="Shuvuuia_deserti" recon_no="66044">Shuuvuia_deserti</List>
		<List recon_name="Huaxiagnathus_orientalis" recon_no="68221">Huaxiagnathus_orientalis</List>
		<List recon_name="Sinosauropteryx_prima" recon_no="54549">Sinosauropteryx_prima</List>
		<List recon_name="Compsognathus_longipes" recon_no="53007">Compsognathus_longipes</List>
		<List recon_name="Orkoraptor_burkei" recon_no="122476">Orkoraptor_burkei</List>
		<List recon_name="Pelecanimimus_polyodon" recon_no="64118">Pelecanimimus_polyodon</List>
		<List recon_name="Harpymimus_okladnikovi" recon_no="66670">Harpymimus_okladnikovi</List>
		<List recon_name="Shenzhousaurus_orientalis" recon_no="68334">Shenzhousaurus</List>
		<List recon_name="Archaeornithomimus_asiaticus" recon_no="57276">Archaeornithomimus_asiati</List>
		<List recon_name="Garudimimus_brevipes" recon_no="57267">Garudimimus_brevipes</List>
		<List recon_name="Struthiomimus_altus" recon_no="57266">Struthiomimus_altus</List>
		<List recon_name="Gallimimus_bullatus" recon_no="57265">Gallimimus_bullatus</List>
		<List recon_name="Ornithomimus_edmontonicus" recon_no="63438">Ornithomimus_edmonticus</List>
		<List recon_name="Anserimimus_planinychus" recon_no="66672">Anserimimus_planinychus</List>
		<List recon_name="Tyrannosaurus_rex" recon_no="54833">Tyrannosaurus_rex</List>
		<List recon_name="Albertosaurus_libratus" recon_no="57255">Albertosaurus_libratus</List>
	</Taxa>
	<Characters>
		<Molecular/>
		<Morphological number="238">
			<Type>Osteology</Type>
		</Morphological>
		<Behavioural/>
		<Other/>
	</Characters>
	<Analysis>
		<Type>Maximum Parsimony</Type>
	</Analysis>
	<Notes>Based on reanalysis of the original matrix.</Notes>
	<Filename>Novas_etal_2008a</Filename>
	<Parent>Makovicky_etal_2005aa</Parent>
	<Sibling/>
</SourceTree>
