<?xml version="1.0" standalone="yes"?>
<SourceTree>
	<Source>
		<Author>
			<List>Novas, F. E.</List>
		</Author>
		<Year>1993</Year>
		<Title>New information on the systematics and postcranial skeleton of <em>Herrerasaurus ischigualastensis</em> (Theropoda; Herrerasauridae) from the Ischigualasto Formation (Upper Triassic) of Argentina</Title>
		<Journal>Journal of Vertebrate Paleontology</Journal>
		<Volume>13</Volume>
		<Pages>400-423</Pages>
		<Booktitle/>
		<Publisher/>
		<City/>
		<Editor/>
	</Source>
	<Taxa number="8">
		<List recon_name="Anurognathus_ammoni,Campylognathoides_liasicus,Dimorphodon_macronyx,Dorygnathus_banthensis,Eudimorphodon_ranzii,Peteinosaurus_zambelli,Preondactylus_buffarinii,Rhamphorhynchus_muensteri,Scaphognathus_crassirostris" recon_no="164695;156110;95810;92103;131614;163056;131642;95813;164694">Pterosauria</List>
		<List recon_name="Lagerpeton_chanarensis" recon_no="66341">Lagerpeton</List>
		<List recon_name="Lagosuchus_talampayensis,Lagosuchus_lilloensis" recon_no="53208;53206">Lagosuchus</List>
		<List recon_name="Heterodontosaurus_tucki,Hypsilophodon_foxii,Lesothosaurus_diagnosticus,Scelidosaurus_harrisonii,Scutellosaurus_lawleri" recon_no="52902;54190;57574;53042;67088">Ornithischia</List>
		<List recon_name="Ammosaurus_major,Anchisaurus_polyzelus,Barapasaurus_tagorei,Efraasia_minor,Lufengosaurus_huenei,Massospondylus_carinatus,Plateosaurus_engelhardti,Riojasaurus_incertus,Thecodontosaurus_antiquus,Vulcanodon_karibaensis" recon_no="54161;64382;55547;91403;56597;56595;56683;56585;56627;54979">Sauropodomorpha</List>
		<List recon_name="Eoraptor_lunensis" recon_no="57454">Eoraptor</List>
		<List recon_name="Herrerasaurus_ischigualastensis,Staurikosaurus_pricei" recon_no="55000;55001">Herrerasauridae</List>
		<List recon_name="Acrocanthosaurus_atokensis,Adasaurus_mongoliensis,Albertosaurus_lancensis,Albertosaurus_libratus,Albertosaurus_sarcophagus,Alectrosaurus_olseni,Alioramus_remotus,Allosaurus_fragilis,Archaeopteryx_lithographica,Archaeornithomimus_asiaticus,Ceratosaurus_nasicornis,Coelophysis_bauri,Coelophysis_rhodesiensis,Daspletosaurus_torosus,Deinocheirus_mirificus,Deinonychus_antirrhopus,Dilophosaurus_wetherilli,Dromaeosaurus_albertensis,Dromiceiomimus_brevitertius,Dromiceiomimus_samueli,Dryptosaurus_aquilunguis,Elaphrosaurus_bambergi,Gallimimus_bullatus,Garudimimus_brevipes,Indosaurus_matleyi,Indosuchus_raptorius,Ingenia_yanshini,Ornithomimus_edmontonicus,Ornithomimus_sedens,Ornithomimus_velox,Sarcosaurus_woodi,Saurornithoides_junior,Saurornithoides_mongoliensis,Segisaurus_halli,Struthiomimus_altus,Tarbosaurus_bataar,Troodon_formosus,Tyrannosaurus_rex,Velociraptor_mongoliensis" recon_no="55482;57261;57257;57255;56319;57253;57259;52962;55487;57276;54165;55477;67921;57258;57246;54555;57251;54550;66907;57272;53030;55481;57265;57267;54099;53958;57022;63438;54235;57269;57252;57262;54470;55543;57266;57254;54818;54833;54554">Ceratosauria_et_Tetanurae</List>
	</Taxa>
	<Characters>
		<Molecular/>
		<Morphological number="51">
			<Type>Osteology</Type>
		</Morphological>
		<Behavioural/>
		<Other/>
	</Characters>
	<Analysis>
		<Type>Maximum Parsimony</Type>
	</Analysis>
	<Notes>Based on reanalysis of the original matrix.</Notes>
	<Filename>Novas_1993a</Filename>
	<Parent/>
	<Sibling/>
</SourceTree>
