<?xml version="1.0" standalone="yes"?>
<SourceTree>
	<Source>
		<Author>
			<List>Novas, F. E.</List>
			<List>Cambiaso, A. V.</List>
			<List>Ambrosio, A.</List>
		</Author>
		<Year>2004</Year>
		<Title>A new basal iguanodontian (Dinosauria, Ornithischia) from the Upper Cretaceous of Patagonia</Title>
		<Journal>Ameghiniana</Journal>
		<Volume>41</Volume>
		<Pages>75-82</Pages>
		<Booktitle/>
		<Publisher/>
		<City/>
		<Editor/>
	</Source>
	<Taxa number="13">
		<List recon_name="Lesothosaurus_diagnosticus" recon_no="57574">Lesothosaurus</List>
		<List recon_name="Scutellosaurus_lawleri" recon_no="67088">Scutellosaurus</List>
		<List recon_name="Anchiceratops_ornatus,Arrhinoceratops_brachyops,Avaceratops_lammersi,Bagaceratops_rozhdestvenskyi,Brachyceratops_montanensis,Breviceratops_kozlowskii,Centrosaurus_apertus,Chasmosaurus_belli,Chasmosaurus_canadensis,Chasmosaurus_mariscalensis,Chasmosaurus_russelli,Goyocephale_lattimorei,Gravitholus_albertae,Homalocephale_calathocercos,Leptoceratops_gracilis,Majungatholus_atopus,Microceratops_gobiensis,Micropachycephalosaurus_hongtuyanensis,Monoclonius_crassus,Montanoceratops_cerorhynchus,Ornatotholus_browni,Pachycephalosaurus_wyomingensis,Pachyrhinosaurus_canadensis,Pentaceratops_sternbergii,Prenocephale_prenes,Protoceratops_andrewsi,Psittacosaurus_guyangensis,Psittacosaurus_meileyingensis,Psittacosaurus_mongoliensis,Psittacosaurus_osborni,Psittacosaurus_sinensis,Psittacosaurus_xinjiangensis,Psittacosaurus_youngi,Stegoceras_validum,Stegoceras_edmontonense,Stenopelix_valdensis,Stygimoloch_spinifer,Styracosaurus_albertensis,Styracosaurus_ovatus,Torosaurus_latus,Triceratops_horridus,Tylocephale_gilmorei,Wannanosaurus_yansiensis,Yaverlandia_bitholus" recon_no="63447;63401;55539;52826;63895;58855;63911;66019;63907;52772;66020;52838;56566;52836;52827;56395;52825;54840;54486;52830;56568;52835;66023;55033;52833;52824;65683;65708;52831;65706;65705;65707;65946;56570;56571;65431;56577;56144;56147;63773;63759;66451;52840;56581">Marginocephalia</List>
		<List recon_name="Heterodontosaurus_tucki" recon_no="52902">Heterodontosaurus</List>
		<List recon_name="Talenkauen_santacrucensis" recon_no="67277">Talenkauen</List>
		<List recon_name="Thescelosaurus_neglectus" recon_no="52897">Thescelosaurus</List>
		<List recon_name="Hypsilophodon_foxii" recon_no="54190">Hypsilophodon</List>
		<List recon_name="Gasparinisaura_cincosaltensis" recon_no="65254">Gasparinisaura</List>
		<List recon_name="Anabisetia_saldiviai" recon_no="67279">Anabisetia</List>
		<List recon_name="Muttaburrasaurus_langdoni" recon_no="64271">Muttaburrasaurus</List>
		<List recon_name="Tenontosaurus_dossi,Tenontosaurus_tilletti" recon_no="67272;52887">Tenontosaurus</List>
		<List recon_name="Dryosaurus_altus" recon_no="54253">Dryosaurus</List>
		<List recon_name="Anatotitan_copei,Aralosaurus_tuberiferus,Bactrosaurus_johnsoni,Barsboldia_sicinskii,Brachylophosaurus_canadensis,Brachylophosaurus_goodwini,Camptosaurus_amplus,Camptosaurus_dispar,Camptosaurus_prestwichii,Claosaurus_agilis,Corythosaurus_casuarius,Craspedodon_lonzeensis,Edmontosaurus_annectens,Edmontosaurus_regalis,Edmontosaurus_saskatchewanensis,Gilmoreosaurus_mongoliensis,Gryposaurus_notabilis,Hadrosaurus_foulkii,Hadrosaurus_minor,Hadrosaurus_notabilis,Hypacrosaurus_altispinus,Iguanodon_anglicus,Iguanodon_atherfieldensis,Iguanodon_bernissartensis,Iguanodon_dawsoni,Iguanodon_fittoni,Iguanodon_hoggi,Iguanodon_lakotaensis,Jaxartosaurus_aralensis,Kritosaurus_australis,Kritosaurus_incurvimanus,Kritosaurus_navajovius,Lambeosaurus_lambei,Lambeosaurus_laticaudus,Lambeosaurus_magnicristatus,Lophorhothon_atopus,Maiasaura_peeblesorum,Muttaburrasaurus_langdoni,Nipponosaurus_sachalinensis,Ouranosaurus_nigeriensis,Parasaurolophus_cyrtocristatus,Parasaurolophus_tubicen,Parasaurolophus_walkeri,Probactrosaurus_alashanicus,Probactrosaurus_gobiensis,Prosaurolophus_maximus,Rhabdodon_priscus,Rhabdodon_septimanicus,Saurolophus_angustirostris,Saurolophus_osborni,Secernosaurus_koerneri,Shantungosaurus_giganteus,Tanius_sinensis,Telmatosaurus_transsylvanicus,Tsintaosaurus_spinorhinus" recon_no="64302;67547;57344;67253;65213;64297;65781;52880;64519;63264;56403;66257;64305;63254;64304;64067;63251;52812;54434;95941;56406;66729;64255;58905;66721;64508;110264;65389;65693;66683;63253;53196;56724;68200;65429;67215;55574;64271;56972;52877;66260;64355;63256;58906;52878;53384;66745;67672;64295;53386;64065;69513;53379;68154;53387">Ankylopollexia</List>
	</Taxa>
	<Characters>
		<Molecular/>
		<Morphological number="47">
			<Type>Osteology</Type>
		</Morphological>
		<Behavioural/>
		<Other/>
	</Characters>
	<Analysis>
		<Type>Maximum Parsimony</Type>
	</Analysis>
	<Notes>Based on reanalysis of the original matrix.</Notes>
	<Filename>Novas_etal_2004a</Filename>
	<Parent/>
	<Sibling/>
</SourceTree>
