<?xml version="1.0" standalone="yes"?>
<SourceTree>
	<Source>
		<Author>
			<List>Novas, F. E.</List>
		</Author>
		<Year>1989</Year>
		<Title>The tibia and tarsus in Herrerasauridae (Dinosauria, incertae sedis) and the origin and evolution of the dinosaurian tarsus</Title>
		<Journal>Journal of Paleontology</Journal>
		<Volume>63</Volume>
		<Pages>677-690</Pages>
		<Booktitle/>
		<Publisher/>
		<City/>
		<Editor/>
	</Source>
	<Taxa number="9">
		<List recon_name="Euparkeria_capensis" recon_no="99170">Euparkeria</List>
		<List recon_name="Riojasuchus_tenuisceps" recon_no="66677">Riojasuchus</List>
		<List recon_name="Lagosuchus_lilloensis,Lagosuchus_talampayensis,Pseudolagosuchus_major" recon_no="53206;53208;65486">Lagosuchidae</List>
		<List recon_name="Herrerasaurus_ischigualastensis,Staurikosaurus_pricei" recon_no="55000;55001">Herrerasauridae</List>
		<List recon_name="Plateosaurus_engelhardti" recon_no="56683">Plateosaurus</List>
		<List recon_name="Riojasaurus_incertus" recon_no="56585">Riojasaurus</List>
		<List recon_name="Pisanosaurus_mertii" recon_no="64409">Pisanosaurus</List>
		<List recon_name="Scutellosaurus_lawleri" recon_no="67088">Scutellosaurus</List>
		<List recon_name="Coelophysis_bauri,Syntarsus_kayentakatae,Syntarsus_rhodesiensis" recon_no="55477;55540;55541">Theropoda</List>
	</Taxa>
	<Characters>
		<Molecular/>
		<Morphological number="17">
			<Type>Osteology</Type>
		</Morphological>
		<Behavioural/>
		<Other/>
	</Characters>
	<Analysis>
		<Type>Maximum Parsimony</Type>
	</Analysis>
	<Notes>Based on reanalysis of the original matrix.</Notes>
	<Filename>Novas_1989a</Filename>
	<Parent/>
	<Sibling/>
</SourceTree>
