<?xml version="1.0" standalone="yes"?>
<SourceTree>
	<Source>
		<Author>
			<List>Novas, F. E.</List>
		</Author>
		<Year>1992</Year>
		<Title>Phylogenetic relationships of the basal dinosaurs, the Herrerasauridae</Title>
		<Journal>Palaeontology</Journal>
		<Volume>35</Volume>
		<Pages>51-62</Pages>
		<Booktitle/>
		<Publisher/>
		<City/>
		<Editor/>
	</Source>
	<Taxa number="5">
		<List recon_name="Lagosuchus_talampayensis,Lagosuchus_lilloensis" recon_no="53208;53206">Lagosuchus</List>
		<List recon_name="Pseudolagosuchus_major" recon_no="65486">Pseudolagosuchus</List>
		<List recon_name="Herrerasaurus_ischigualastensis,Staurikosaurus_pricei" recon_no="55000;55001">Herrerasauridae</List>
		<List recon_name="Heterodontosaurus_tucki,Hypsilophodon_foxii,Lesothosaurus_diagnosticus,Scelidosaurus_harrisonii,Scutellosaurus_lawleri" recon_no="52902;54190;57574;53042;67088">Ornithischia</List>
		<List recon_name="Ammosaurus_major,Anchisaurus_polyzelus,Barapasaurus_tagorei,Efraasia_minor,Lufengosaurus_huenei,Massospondylus_carinatus,Plateosaurus_engelhardti,Riojasaurus_incertus,Thecodontosaurus_antiquus,Vulcanodon_karibaensis,Ceratosaurus_nasicornis,Coelophysis_bauri,Coelophysis_rhodesiensis,Dilophosaurus_wetherilli,Sarcosaurus_woodi,Segisaurus_halli,Procompsognathus_triassicus,Liliensternus_liliensterni,Acrocanthosaurus_atokensis,Albertosaurus_sarcophagus,Albertosaurus_lancensis,Albertosaurus_libratus,Alectrosaurus_olseni,Alioramus_remotus,Allosaurus_fragilis,Daspletosaurus_torosus,Dryptosaurus_aquilunguis,Indosaurus_matleyi,Indosuchus_raptorius,Tarbosaurus_bataar,Tyrannosaurus_rex,Archaeornithomimus_asiaticus,Deinocheirus_mirificus,Dromiceiomimus_brevitertius,Dromiceiomimus_samueli,Elaphrosaurus_bambergi,Gallimimus_bullatus,Garudimimus_brevipes,Ingenia_yanshini,Ornithomimus_edmontonicus,Ornithomimus_sedens,Ornithomimus_velox,Struthiomimus_altus,Adasaurus_mongoliensis,Deinonychus_antirrhopus,Dromaeosaurus_albertensis,Saurornithoides_junior,Saurornithoides_mongoliensis,Troodon_formosus,Velociraptor_mongoliensis,Archaeopteryx_lithographica,Ornitholestes_hermanni,Coelurus_fragilis,Compsognathus_longipes,Microvenator_celer,Saurornitholestes_langstoni,Hulsanpes_perlei,Caenagnathus_collinsi,Caenagnathus_sternbergi,Oviraptor_philoceratops,Chirostenotes_pergracilis,Elmisaurus_rarus,Macrophalangia_canadensis" recon_no="54161;64382;55547;91403;56597;56595;56683;56585;56627;54979;54165;55477;67921;57251;57252;55543;56382;56379;55482;56319;57257;57255;57253;57259;52962;57258;53030;54099;53958;57254;54833;57276;57246;66907;57272;55481;57265;57267;57022;63438;54235;57269;57266;57261;54555;54550;57262;54470;54818;54554;55487;55484;52986;53007;65860;54556;67680;54545;54547;55488;54561;54560;54817">Saurischia</List>
	</Taxa>
	<Characters>
		<Molecular/>
		<Morphological number="17">
			<Type>Osteology</Type>
		</Morphological>
		<Behavioural/>
		<Other/>
	</Characters>
	<Analysis>
		<Type>Maximum Parsimony</Type>
	</Analysis>
	<Notes>Based on reanalysis of the original matrix.</Notes>
	<Filename>Novas_1992a</Filename>
	<Parent/>
	<Sibling/>
</SourceTree>
