<?xml version="1.0" standalone="yes"?>
<SourceTree>
	<Source>
		<Author>
			<List>Novas, F. E.</List>
			<List>Agnolin, F. L.</List>
			<List>Ezcurra, M. D.</List>
			<List>Porfiri, J.</List>
			<List>Canale, J. I.</List>
		</Author>
		<Year>2013</Year>
		<Title>Evolution of the carnivorous dinosaurs during the Cretaceous: the evidence from Patagonia</Title>
		<Journal>Cretaceous Research</Journal>
		<Volume>45</Volume>
		<Pages>174-215</Pages>
		<Booktitle/>
		<Publisher/>
		<City/>
		<Editor/>
	</Source>
	<Taxa number="45">
		<List recon_name="Syntarsus_kayentakatae" recon_no="55540">Syntarsus_kayentakae</List>
		<List recon_name="Aerosteon_riocoloradensis" recon_no="148966">Aerosteon_ricocoloradensis</List>
		<List recon_name="Australovenator_wintonensis" recon_no="148973">Australovenator_wintonensis</List>
		<List recon_name="Chilantaisaurus_tashuikouensis" recon_no="54836">Chilantaisaurus_tashuikouensis</List>
		<List recon_name="Fukuiraptor_kitadaniensis" recon_no="66357">Fukuiraptor_kitadanensis</List>
		<List recon_name="Megaraptor_namunhuaiquii" recon_no="65425">Megaraptor_namunhuaiquii</List>
		<List recon_name="Neovenator_salerii" recon_no="64120">Neovenator_salerii</List>
		<List recon_name="Orkoraptor_burkei" recon_no="122476">Orkoraptor_burkei</List>
		<List recon_name="Shaochilong_maortuensis" recon_no="161117">Shaochilong_maortuensis</List>
		<List recon_name="Allosaurus_fragilis" recon_no="52962">Allosaurus_fragilis</List>
		<List recon_name="Eocarcharia_dinops" recon_no="123318">Eocarcharia_dinops</List>
		<List recon_name="Acrocanthosaurus_atokensis" recon_no="55482">Acrocanthosaurus_atokensis</List>
		<List recon_name="Carcharodontosaurus_saharicus" recon_no="65365">Carcharodontosaurus</List>
		<List recon_name="Giganotosaurus_carolinii" recon_no="54541">Giganotosaurus_carolinii</List>
		<List recon_name="Mapusaurus_roseae" recon_no="77206">Mapusaurus_roseae</List>
		<List recon_name="Tyrannotitan_chubutensis" recon_no="77208">Tyrannotitan_chubutensis</List>
		<List recon_name="Aucasaurus_garridoi,Carnotaurus_sastrei,Majungasaurus_crenatissimus" recon_no="54524;54526;53957">ABELISAURIDAE</List>
		<List recon_name="Afrovenator_abakensis" recon_no="56399">Afrovenator_abakensis</List>
		<List recon_name="Baryonyx_walkeri" recon_no="53370">Baryonyx_walkeri</List>
		<List recon_name="Ceratosaurus_nasicornis" recon_no="54165">Ceratosaurus_nasicornis</List>
		<List recon_name="Compsognathus_longipes" recon_no="53007">Compsognathus_longipes</List>
		<List recon_name="Condorraptor_currumili" recon_no="64062">Condorraptor_currumili</List>
		<List recon_name="Dilophosaurus_wetherilli" recon_no="57251">Dilophosaurus_wetherilli</List>
		<List recon_name="Dubreuillosaurus_valesdunensis" recon_no="71333">Dubreuillosaurus_valesdunensis</List>
		<List recon_name="Eustreptospondylus_oxoniensis" recon_no="53377">Eustreptospondylus_oxoniensis</List>
		<List recon_name="Guanlong_wucaii" recon_no="71191">Guanlong_wucaii</List>
		<List recon_name="Irritator_challengeri" recon_no="64273">Irritator_challengeri</List>
		<List recon_name="Lourinhanosaurus_antunesi" recon_no="65334">Lourinhanosaurus_antunesi</List>
		<List recon_name="Magnosaurus_nethercombensis" recon_no="68134">Magnosaurus_nethercombensis</List>
		<List recon_name="Marshosaurus_bicentesimus" recon_no="64497">Marshosaurus_bicentissimus</List>
		<List recon_name="Megalosaurus_bucklandii" recon_no="53025">Megalosaurus_bucklandii</List>
		<List recon_name="Duriavenator_hesperis" recon_no="136691">Duriavenator_hesperis</List>
		<List recon_name="Metriacanthosaurus_parkeri" recon_no="67739">Metriacanthosaurus_parkeri</List>
		<List recon_name="Monolophosaurus_jiangi" recon_no="64122">Monolophosaurus_jiangi</List>
		<List recon_name="Piatnitzkysaurus_floresi" recon_no="54827">Piatnitzkysaurus_floresi</List>
		<List recon_name="Poekilopleuron_bucklandii" recon_no="65369">Poekilopleuron_bucklandii</List>
		<List recon_name="Sinraptor_dongi" recon_no="54821">Sinraptor_dongi</List>
		<List recon_name="Spinosaurus_aegyptiacus" recon_no="53372">Spinosaurus_aegyptiacus</List>
		<List recon_name="Streptospondylus_altdorfensis" recon_no="65373">Streptospondylus_altdorfensis</List>
		<List recon_name="Suchomimus_tenerensis" recon_no="53368">Suchomimus_tenerensis</List>
		<List recon_name="Tanycolagreus_topwilsoni" recon_no="68260">Tanycolagreus_topwilsoni</List>
		<List recon_name="Torvosaurus_tanneri" recon_no="53375">Torvosaurus_tanneri</List>
		<List recon_name="Xuanhanosaurus_qilixiaensis" recon_no="52767">Xuanhanosaurus_qilixianensis</List>
		<List recon_name="Chuandongocoelurus_primitivus" recon_no="65681">Chuandongocoelurus_primitivus</List>
		<List recon_name="Piveteausaurus_divesensis" recon_no="66394">Piveteausaurus_divesensis</List>
	</Taxa>
	<Characters>
		<Molecular/>
		<Morphological number="234">
			<Type>Osteology</Type>
		</Morphological>
		<Behavioural/>
		<Other/>
	</Characters>
	<Analysis>
		<Type>Maximum Parsimony</Type>
	</Analysis>
	<Notes>Based on reanalysis of the original matrix.</Notes>
	<Filename>Novas_etal_2013ab</Filename>
	<Parent>Benson_2010a</Parent>
	<Sibling/>
</SourceTree>
