<?xml version="1.0" standalone="yes"?>
<SourceTree>
	<Source>
		<Author>
			<List>O'Connor, J.</List>
			<List>Chiappe, L. M.</List>
			<List>Bell, A.</List>
		</Author>
		<Year>2011</Year>
		<Title>Pre-modern birds: avian divergences in the Mesozoic</Title>
		<Journal/>
		<Volume/>
		<Pages>39-114</Pages>
		<Booktitle>Living Dinosaurs: The Evolutionary History of Modern Birds</Booktitle>
		<Publisher>Wiley-Blackwell</Publisher>
		<City>Oxford</City>
		<Editor>
			<List>Dyke, G.</List>
			<List>Kaiser, G.</List>
		</Editor>
	</Source>
	<Taxa number="54">
		<List recon_name="Deinonychus_antirrhopus" recon_no="54555">Dromaeosauridae</List>
		<List recon_name="Archaeopteryx_lithographica" recon_no="55487">Archaeopteryx_all_ten</List>
		<List recon_name="Jeholornis_prima" recon_no="119247">Jeholorornis_prima</List>
		<List recon_name="Rahonavis_ostromi" recon_no="64133">Rahonavis_ostromi</List>
		<List recon_name="Shenzhouraptor_sinensis" recon_no="153854">Shenzhouraptor_sinensis</List>
		<List recon_name="Jixiangornis_orientalis" recon_no="197817">Jixiangornis_orientalis</List>
		<List recon_name="Dalianraptor_cuhe" recon_no="243266">Dalianraptor_cuhe</List>
		<List recon_name="Zhongornis_haoae" recon_no="130180">Zhongorrnis_haoae</List>
		<List recon_name="Eoconfuciusornis_zhengi" recon_no="137357">Eoconfuciusornis_zhengi</List>
		<List recon_name="Confuciusornis_sanctus" recon_no="67261">Confuciusornis_sanctus</List>
		<List recon_name="Changchengornis_hengdaoziensis" recon_no="134755">Changchenornis_hengdaoziensis</List>
		<List recon_name="Shenqiornis_mengi" recon_no="166960">Dalianornis_mengi</List>
		<List recon_name="Elsornis_keni" recon_no="133734">Elsornis_keni</List>
		<List recon_name="Eocathayornis_walkeri" recon_no="137351">Eocathay_walkeri_from_single_slab</List>
		<List recon_name="Iberomesornis_romerali" recon_no="65831">Iberomesornis_romerali</List>
		<List recon_name="Longipteryx_chaoyangensis" recon_no="137361">Longipteryx_chaoyangensis</List>
		<List recon_name="Otogornis_genghisi" recon_no="137493">Otogornis_genghisi</List>
		<List recon_name="Protopteryx_fengningensis" recon_no="91349">Protopteryx_fengningensis</List>
		<List recon_name="Cathayornis_yandica" recon_no="137353">Cathyaornis_yandica</List>
		<List recon_name="Concornis_lacustris" recon_no="100984">Concornis_lacustris</List>
		<List recon_name="Eoenantiornis_buhleri" recon_no="119311">Eoenantiornis_buhleri</List>
		<List recon_name="Eoalulavis_hoyasi" recon_no="65829">Eoalulavis_hoyasi</List>
		<List recon_name="Liaoningornis_longidigitris" recon_no="137402">Liaoningornis_longidigitrus</List>
		<List recon_name="Gobipteryx_minuta" recon_no="57334">Gobipteryx_minuta</List>
		<List recon_name="Vescornis_hebeiensis" recon_no="119301">Vescornis_hebeiensis</List>
		<List recon_name="Neuquenornis_volans" recon_no="100989">Neuquenrnis_volans</List>
		<List recon_name="Pengornis_houi" recon_no="166966">Pengornis_houi</List>
		<List recon_name="Longirostravis_hani" recon_no="119305">Longirostravis_hani</List>
		<List recon_name="Rapaxavis_pani" recon_no="148717">Rapaxavis_pani</List>
		<List recon_name="Shanweiniao_cooperorum" recon_no="146357">Shanweiniao_cooperorum</List>
		<List recon_name="Archaeorhynchus_spathula" recon_no="137384">Archaeorhynchus_spathula</List>
		<List recon_name="Vorona_berivotrensis" recon_no="64129">Vorona_berivotrensis</List>
		<List recon_name="Ambiortus_dementjevi" recon_no="137395">Ambiortus_dementjevi</List>
		<List recon_name="Patagopteryx_deferrariisi" recon_no="68529">Patagopteryx_deferrariisi</List>
		<List recon_name="Apsaravis_ukhaana" recon_no="58898">Apsaravis_ukhaana</List>
		<List recon_name="Songlingornis_linghensis" recon_no="197838">Songlingornis_linghensis</List>
		<List recon_name="Yanornis_martini" recon_no="119337">Yanornis_martini</List>
		<List recon_name="Hollanda_luceria" recon_no="166962">Hollanda_luceria</List>
		<List recon_name="Yixianornis_grabaui" recon_no="119340">Yixianornis_grabaui</List>
		<List recon_name="Gansus_yumenensis" recon_no="82617">Gansus_yumenensis</List>
		<List recon_name="Ichthyornis_dispar" recon_no="54877">Ichthyornis_dispar</List>
		<List recon_name="Enaliornis_barretti" recon_no="67052">Enaliornis_baretti</List>
		<List recon_name="Limenavis_patagonica" recon_no="134885">Limenavis_patagonica</List>
		<List recon_name="Baptornis_advenus" recon_no="52957">Baptornis_advenus</List>
		<List recon_name="Baptornis_varneri" recon_no="137269">Baptornis_varneri</List>
		<List recon_name="Hesperornis_regalis" recon_no="96488">Hesperornis_regalis</List>
		<List recon_name="Parahesperornis_alexi" recon_no="137277">Parahesperornis</List>
		<List recon_name="Vegavis_iaai" recon_no="81024">Vegavis_iaai</List>
		<List recon_name="Anas_platyrhynchos" recon_no="83434">Anas</List>
		<List recon_name="Gallus_gallus" recon_no="368033">Gallus</List>
		<List recon_name="Longicrusavis_houi" recon_no="166852">Longicrusavis_houi</List>
		<List recon_name="Hongshanornis_longicresta" recon_no="119299">Hongshanornis_longicresta</List>
		<List recon_name="Sapeornis_chaoyangensis" recon_no="119249">Sapeornis_chaoyangensis</List>
		<List recon_name="Didactylornis_jii" recon_no="153852">Didactylornis_jii</List>
	</Taxa>
	<Characters>
		<Molecular/>
		<Morphological number="245">
			<Type>Osteology</Type>
		</Morphological>
		<Behavioural/>
		<Other/>
	</Characters>
	<Analysis>
		<Type>Maximum Parsimony</Type>
	</Analysis>
	<Notes>Based on reanalysis of the original matrix.</Notes>
	<Filename>OConnor_etal_2011a</Filename>
	<Parent/>
	<Sibling/>
</SourceTree>
