<?xml version="1.0" standalone="yes"?>
<SourceTree>
	<Source>
		<Author>
			<List>O'Connor, J. K.</List>
			<List>Zhang, Y.-G.</List>
			<List>Chiappe, L. M.</List>
			<List>Meng, Q.-J.</List>
			<List>Li, Q.-G.</List>
			<List>Liu, D.</List>
		</Author>
		<Year>2013</Year>
		<Title>A new enantiornithine from the Yixian Formation with the first recognized avian enamel specialization</Title>
		<Journal>Journal of Vertebrate Paleontology</Journal>
		<Volume>33</Volume>
		<Pages>1-12</Pages>
		<Booktitle/>
		<Publisher/>
		<City/>
		<Editor/>
	</Source>
	<Taxa number="60">
		<List recon_name="Deinonychus_antirrhopus" recon_no="54555">Dromaeo</List>
		<List recon_name="Archaeopteryx_lithographica" recon_no="55487">Archaeo</List>
		<List recon_name="Jeholornis_prima" recon_no="119247">Jeholor</List>
		<List recon_name="Rahonavis_ostromi" recon_no="64133">Raho</List>
		<List recon_name="Shenzhouraptor_sinensis" recon_no="153854">Shenzhou</List>
		<List recon_name="Jixiangornis_orientalis" recon_no="197817">Jixiang</List>
		<List recon_name="Sapeornis_chaoyangensis" recon_no="119249">Sapeor</List>
		<List recon_name="Didactylornis_jii" recon_no="153852">Didactyl</List>
		<List recon_name="Confuciusornis_dui" recon_no="67265">Confuc</List>
		<List recon_name="Changchengornis_hengdaoziensis" recon_no="134755">Changchen</List>
		<List recon_name="Eoconfuciusornis_zhengi" recon_no="137357">Eoconfu</List>
		<List recon_name="Jinzhouornis_zhangjiyingia" recon_no="197822">Jinzhouzjy</List>
		<List recon_name="Confuciusornis_dui" recon_no="67265">CduiCast</List>
		<List recon_name="Chaoyangia_beishanensis" recon_no="137355">Chaoyang</List>
		<List recon_name="Zhongjianornis_yangi" recon_no="197824">Zhongjian</List>
		<List recon_name="Boluochia_zhengi" recon_no="119289">Boluo</List>
		<List recon_name="Shenqiornis_mengi" recon_no="166960">shenqi</List>
		<List recon_name="Cathayornis_yandica" recon_no="137353">Cathyaor</List>
		<List recon_name="Concornis_lacustris" recon_no="100984">Concor</List>
		<List recon_name="Elsornis_keni" recon_no="133734">Elsornis</List>
		<List recon_name="Eoalulavis_hoyasi" recon_no="65829">Eoalula</List>
		<List recon_name="Eocathayornis_walkeri" recon_no="137351">Eocathay</List>
		<List recon_name="Eoenantiornis_buhleri" recon_no="119311">Eoenantior</List>
		<List recon_name="Gobipteryx_minuta" recon_no="57334">Gobipt</List>
		<List recon_name="Iberomesornis_romerali" recon_no="65831">Ibero</List>
		<List recon_name="Longipteryx_chaoyangensis" recon_no="137361">Longipt</List>
		<List recon_name="Longirostravis_hani" recon_no="119305">Longir</List>
		<List recon_name="Neuquenornis_volans" recon_no="100989">Neuquen</List>
		<List recon_name="Otogornis_genghisi" recon_no="137493">Otogor</List>
		<List recon_name="Pengornis_houi" recon_no="166966">Pengor</List>
		<List recon_name="Protopteryx_fengningensis" recon_no="91349">Protopt</List>
		<List recon_name="Rapaxavis_pani" recon_no="148717">Rapaxavis</List>
		<List recon_name="Shanweiniao_cooperorum" recon_no="146357">Shanweiniao</List>
		<List recon_name="Vescornis_hebeiensis" recon_no="119301">Vescornis</List>
		<List recon_name="Sulcavis_geeorum" recon_no="255056">BNHMPh</List>
		<List recon_name="Vorona_berivotrensis" recon_no="64129">Vorona</List>
		<List recon_name="Schizooura_lii" recon_no="219826">Schizooura</List>
		<List recon_name="Jianchangornis_microdonta" recon_no="197840">Jianchango</List>
		<List recon_name="Archaeorhynchus_spathula" recon_no="137384">Archaeorhyn</List>
		<List recon_name="Liaoningornis_longidigitris" recon_no="137402">Liaonin</List>
		<List recon_name="Songlingornis_linghensis" recon_no="197838">Songlin</List>
		<List recon_name="Ambiortus_dementjevi" recon_no="137395">Ambiortus</List>
		<List recon_name="Longicrusavis_houi" recon_no="166852">Longicru</List>
		<List recon_name="Apsaravis_ukhaana" recon_no="58898">Apsaravis</List>
		<List recon_name="Hongshanornis_longicresta" recon_no="119299">Hongshan</List>
		<List recon_name="Yanornis_martini" recon_no="119337">Yanornis</List>
		<List recon_name="Patagopteryx_deferrariisi" recon_no="68529">Patagopt</List>
		<List recon_name="Hollanda_luceria" recon_no="166962">Hollanda</List>
		<List recon_name="Yixianornis_grabaui" recon_no="119340">Yixianor</List>
		<List recon_name="Gansus_yumenensis" recon_no="82617">Gansus</List>
		<List recon_name="Ichthyornis_dispar" recon_no="54877">Ichthyornis</List>
		<List recon_name="Hesperornis_regalis" recon_no="96488">Hesperor</List>
		<List recon_name="Parahesperornis_alexi" recon_no="137277">Parahesper</List>
		<List recon_name="Enaliornis_barretti" recon_no="67052">Enalior</List>
		<List recon_name="Baptornis_advenus" recon_no="52957">Baptornis</List>
		<List recon_name="Baptornis_varneri" recon_no="137269">BaptornisVar</List>
		<List recon_name="Limenavis_patagonica" recon_no="134885">Limenavis</List>
		<List recon_name="Vegavis_iaai" recon_no="81024">Vegavis</List>
		<List recon_name="Anas_platyrhynchos" recon_no="83434">Anas</List>
		<List recon_name="Gallus_gallus" recon_no="368033">Gallus</List>
	</Taxa>
	<Characters>
		<Molecular/>
		<Morphological number="246">
			<Type>Osteology</Type>
		</Morphological>
		<Behavioural/>
		<Other/>
	</Characters>
	<Analysis>
		<Type>Maximum Parsimony</Type>
	</Analysis>
	<Notes>Based on reanalysis of the original matrix.</Notes>
	<Filename>OConnor_etal_2013a</Filename>
	<Parent>OConnor_etal_2011a</Parent>
	<Sibling/>
</SourceTree>
