<?xml version="1.0" standalone="yes"?>
<SourceTree>
	<Source>
		<Author>
			<List>Osi, A.</List>
			<List>Prondvai, E.</List>
			<List>Butler, R.</List>
			<List>Weishampel, D. B.</List>
		</Author>
		<Year>2012</Year>
		<Title>Phylogeny, histology and inferred body size evolution in a new rhabdodontid dinosaur from the Late Cretaceous of Hungary</Title>
		<Journal>PLoS One</Journal>
		<Volume>7</Volume>
		<Pages>e44318</Pages>
		<Booktitle/>
		<Publisher/>
		<City/>
		<Editor/>
	</Source>
	<Taxa number="58">
		<List recon_name="Euparkeria_capensis" recon_no="99170">Euparkeria_capensis</List>
		<List recon_name="Marasuchus_lilloensis" recon_no="66342">Marasuchus_liloensis</List>
		<List recon_name="Herrerasaurus_ischigualastensis" recon_no="55000">Herrerasaurus</List>
		<List recon_name="Pisanosaurus_mertii" recon_no="64409">Pisanosaurus_mertii</List>
		<List recon_name="Abrictosaurus_consors" recon_no="52903">Abrictosaurus_consors</List>
		<List recon_name="Heterodontosauridae_indet_NHMUK_RU_A100" recon_no="38722">NHMUKRUA</List>
		<List recon_name="Echinodon_becklesii" recon_no="58901">Echinodon_becklesii</List>
		<List recon_name="Fruitadens_haagarorum" recon_no="157201">Fruitadens_haagarorum</List>
		<List recon_name="Heterodontosaurus_tucki" recon_no="52902">Heterodontosaurus_tucki</List>
		<List recon_name="Lycorhinus_angustidens" recon_no="52899">Lycorhinus_angustidens</List>
		<List recon_name="Eocursor_parvus" recon_no="104624">Eocursor_parvus</List>
		<List recon_name="Lesothosaurus_diagnosticus" recon_no="57574">Lesothosaurus_diagnosticus</List>
		<List recon_name="Stormbergia_dangershoeki" recon_no="68157">Stormbergia_dangershoeki</List>
		<List recon_name="Scutellosaurus_lawleri" recon_no="67088">Scutellosaurus_lawleri</List>
		<List recon_name="Emausaurus_ernsti" recon_no="64406">Emausaurus_ernstii</List>
		<List recon_name="Scelidosaurus_harrisonii" recon_no="53042">Scelidosaurus_harrisonii</List>
		<List recon_name="Chialingosaurus_kauni,Chungkingosaurus_jiangbeiensis,Dacentrurus_armatus,Huayangosaurus_taibaii,Kentrosaurus_aethiopicus,Lexovisaurus_durobrivensis,Tuojiangosaurus_multispinus" recon_no="369587;56487;56505;54858;56490;56501;54854">Stegosauria</List>
		<List recon_name="Animantarx_ramaljonesi,Cedarpelta_bilbeyhallorum,Gastonia_burgei,Liaoningosaurus_paradoxus,Mymoorapelta_maysi,Polacanthus_foxii" recon_no="63699;81294;63701;68245;57683;52785">Ankylosauria</List>
		<List recon_name="Agilisaurus_louderbacki" recon_no="57223">Agilisaurus_louderbacki</List>
		<List recon_name="Hexinlusaurus_multidens" recon_no="71337">Hexinlusaurus_multidens</List>
		<List recon_name="Othnielosaurus_consors" recon_no="104626">Othnieliosaurus_consors</List>
		<List recon_name="Anabisetia_saldiviai" recon_no="67279">Anabisetia_saldiviai</List>
		<List recon_name="Gasparinisaura_cincosaltensis" recon_no="65254">Gasparinisaura_cincosaltensis</List>
		<List recon_name="Hypsilophodon_foxii" recon_no="54190">Hypsilophodon_foxii</List>
		<List recon_name="Orodromeus_makelai" recon_no="64338">Orodromeus_makelai</List>
		<List recon_name="Parksosaurus_warreni" recon_no="52894">Parksosaurus_warreni</List>
		<List recon_name="Thescelosaurus_neglectus" recon_no="52897">Thescelosaurus_neglectus</List>
		<List recon_name="Yandusaurus_hongheensis" recon_no="52892">Yandusaurus_hongheensis</List>
		<List recon_name="Zephyrosaurus_schaffi" recon_no="52889">Zephyrosaurus_schaffi</List>
		<List recon_name="Tenontosaurus_tilletti" recon_no="52887">Tenontosaurus_tilleti</List>
		<List recon_name="Tenontosaurus_dossi" recon_no="67272">Tenontosaurus_dossi</List>
		<List recon_name="Talenkauen_santacrucensis" recon_no="67277">Talenkauen_santacrucensis</List>
		<List recon_name="Rhabdodon_priscus" recon_no="66745">Rhabdodon_priscus</List>
		<List recon_name="Mochlodon_suessii" recon_no="64754">Mochlodon_suessi</List>
		<List recon_name="Mochlodon_vorosi" recon_no="247794">Mochlodon_vorosi</List>
		<List recon_name="Zalmoxes_robustus" recon_no="66743">Zalmoxes_robustus</List>
		<List recon_name="Zalmoxes_shqiperorum" recon_no="66744">Zalmoxes_shqiperorum</List>
		<List recon_name="Dryosaurus_altus,Dysalotosaurus_lettowvorbecki,Valdosaurus_canaliculatus,Valdosaurus_nigeriensis" recon_no="54253;56514;52886;64647">Dryosauridae</List>
		<List recon_name="Altirhinus_kurzanovi,Bactrosaurus_johnsoni,Camptosaurus_dispar,Cumnoria_prestwichii,Edmontosaurus_regalis,Eolambia_caroljonesa,Iguanodon_atherfieldensis,Iguanodon_bernissartensis,Ouranosaurus_nigeriensis,Probactrosaurus_gobiensis,Protohadros_byrdi,Tenontosaurus_dossi,Tenontosaurus_tilletti" recon_no="58903;57344;52880;64518;63254;66500;64255;58905;52877;52878;64527;67272;52887">Ankylopollexia</List>
		<List recon_name="Micropachycephalosaurus_hongtuyanensis" recon_no="54840">Micropachycephalosaurus_hongtuyanensis</List>
		<List recon_name="Stenopelix_valdensis" recon_no="65431">Stenopelix_valdensis</List>
		<List recon_name="Wannanosaurus_yansiensis" recon_no="52840">Wannanosaurus_yansiensis</List>
		<List recon_name="Goyocephale_lattimorei" recon_no="52838">Goyocephale_lattimorei</List>
		<List recon_name="Homalocephale_calathocercos" recon_no="52836">Homalocephale_calathocercos</List>
		<List recon_name="Colepiocephale_lambei,Goyocephale_lattimorei,Gravitholus_albertae,Hanssuesia_sternbergi,Homalocephale_calathocercos,Ornatotholus_browni,Pachycephalosaurus_wyomingensis,Pachycephalosauridae_indet_SMP_VP_1084,Pachycephalosauridae_indet_UCMP_130051,Prenocephale_prenes,Sphaerotholus_buchholtzae,Sphaerotholus_goodwini,Stegoceras_breve,Stegoceras_edmontonense,Stegoceras_validum,Stygimoloch_spinifer,Tylocephale_gilmorei,Wannanosaurus_yansiensis,Yaverlandia_bitholus" recon_no="67691;52838;56566;67705;52836;56568;52835;38783;38783;52833;67683;67682;86801;56571;56570;56577;66451;52840;56581">Pachycephalosauridae</List>
		<List recon_name="Chaoyangsaurus_youngi" recon_no="55580">Chaoyangosaurus_youngi</List>
		<List recon_name="Hongshanosaurus_houi,Psittacosaurus_meileyingensis,Psittacosaurus_mongoliensis,Psittacosaurus_sinensis" recon_no="68370;65708;52831;65705">Psittacosauridae</List>
		<List recon_name="Liaoceratops_yanzigouensis" recon_no="55582">Liaoceratops_yanzigouensis</List>
		<List recon_name="Archaeoceratops_oshimai" recon_no="55576">Archaeoceratops_oshimai</List>
		<List recon_name="Bagaceratops_rozhdestvenskyi,Centrosaurus_apertus,Leptoceratops_gracilis,Montanoceratops_cerorhynchus,Prenoceratops_pieganensis,Protoceratops_andrewsi,Triceratops_horridus,Turanoceratops_tardabilis,Udanoceratops_tschizhovi,Zuniceratops_christopheri" recon_no="52826;63911;52827;52830;96089;52824;63759;67678;66585;66591">Unnamed_taxon</List>
		<List recon_name="Yinlong_downsi" recon_no="90118">Yinlong_downsi</List>
		<List recon_name="Tianyulong_confuciusi" recon_no="143496">Tianyulong</List>
		<List recon_name="Changchunsaurus_parvus" recon_no="131333">Changchunsaurus_parvus</List>
		<List recon_name="Jeholosaurus_shangyuanensis" recon_no="68237">Jeholosaurus_shangyuanensis</List>
		<List recon_name="Albalophosaurus_yamaguchiorum" recon_no="161140">Albalophosaurus_yamaguchiorum</List>
		<List recon_name="Haya_griva" recon_no="186990">Haya_griva</List>
		<List recon_name="Yueosaurus_tiantaiensis" recon_no="267715">Yueosaurus</List>
		<List recon_name="Koreanosaurus_boseongensis" recon_no="172024">Koreanosaurus</List>
	</Taxa>
	<Characters>
		<Molecular/>
		<Morphological number="234">
			<Type>Osteology</Type>
		</Morphological>
		<Behavioural/>
		<Other/>
	</Characters>
	<Analysis>
		<Type>Maximum Parsimony</Type>
	</Analysis>
	<Notes>Based on reanalysis of the original matrix.</Notes>
	<Filename>Osi_etal_2012ab</Filename>
	<Parent>Han_etal_2012a</Parent>
	<Sibling/>
</SourceTree>
