<?xml version="1.0" standalone="yes"?>
<SourceTree>
	<Source>
		<Author>
			<List>Parrish, J. M.</List>
		</Author>
		<Year>1992</Year>
		<Title>Phylogeny of the Erythrosuchidae (Reptilia: Archosauriformes)</Title>
		<Journal>Journal of Vertebrate Paleontology</Journal>
		<Volume>12</Volume>
		<Pages>93-102</Pages>
		<Booktitle/>
		<Publisher/>
		<City/>
		<Editor/>
	</Source>
	<Taxa number="8">
		<List recon_name="Proterosuchus_fergusi" recon_no="184525">Proterosuchus</List>
		<List recon_name="Arizonasaurus_babbitti,Doswellia_kaltenbachi,Euparkeria_capensis,Halazhaisuchus_qiaoensis,Turfanosuchus_shageduensis" recon_no="55052;94382;99170;173370;173371">Other_archosauriformes</List>
		<List recon_name="Fugusuchus_hejiapanensis" recon_no="174042">Fugusuchus</List>
		<List recon_name="Garjainia_prima" recon_no="200145">Garjainia</List>
		<List recon_name="Erythrosuchus_africanus" recon_no="163009">Erythrosuchus</List>
		<List recon_name="Shansisuchus_shansisuchus" recon_no="174032">Shansisuchus</List>
		<List recon_name="Vjushkovia_triplicostata" recon_no="96153">Vjushkovia_triplicostata</List>
		<List recon_name="Vjushkovia_sinensis" recon_no="100517">Vjushkovia_sinensis</List>
	</Taxa>
	<Characters>
		<Molecular/>
		<Morphological number="16">
			<Type>Osteology</Type>
		</Morphological>
		<Behavioural/>
		<Other/>
	</Characters>
	<Analysis>
		<Type>Maximum Parsimony</Type>
	</Analysis>
	<Notes>Based on reanalysis of the original matrix.</Notes>
	<Filename>Parrish_1992a</Filename>
	<Parent/>
	<Sibling/>
</SourceTree>
