<?xml version="1.0" standalone="yes"?>
<SourceTree>
	<Source>
		<Author>
			<List>Parrish, J. M.</List>
		</Author>
		<Year>1994</Year>
		<Title>Cranial osteology of <em>Longosuchus meadei</em> and the phylogeny and distribution of the Aetosauria</Title>
		<Journal>Journal of Vertebrate Paleontology</Journal>
		<Volume>14</Volume>
		<Pages>196-209</Pages>
		<Booktitle/>
		<Publisher/>
		<City/>
		<Editor/>
	</Source>
	<Taxa number="10">
		<List recon_name="Prestosuchus_chiniquensis,Ticinosuchus_ferox,Saurosuchus_galilei" recon_no="100831;119065;119066">Prestosuchia</List>
		<List recon_name="Batrachotomus_kupferzellensis,Rauisuchus_tiradentes,Fasolasuchus_tenax,Lotosaurus_adentus,Gracilisuchus_stipanicicorum,Poposaurus_gracilis,Postosuchus_kirkpatricki,Teratosaurus_suevicus,Bromsgroveia_walkeri,Pseudhesperosuchus_jachaleri" recon_no="174468;100838;119073;119072;80900;69076;69074;54992;54994;178244">Rauisuchia</List>
		<List recon_name="Aetosaurus_ferratus,Aetosaurus_crassicauda" recon_no="156403;156404">Aetosaurus</List>
		<List recon_name="Stagonolepis_robertsoni" recon_no="119075">Stagonolepis</List>
		<List recon_name="Longosuchus_meadei" recon_no="159292">Longosuchus</List>
		<List recon_name="Desmatosuchus_haploceras" recon_no="159294">Desmatosuchus</List>
		<List recon_name="Typothorax_coccinarum" recon_no="64940">Typothorax</List>
		<List recon_name="Aetosauroides_scagliai" recon_no="157037">Aetosauroides</List>
		<List recon_name="Neoaetosauroides_engaeus" recon_no="66676">Neoaetosauroides</List>
		<List recon_name="Paratypothorax_andressorum" recon_no="281435">Paratypothorax</List>
	</Taxa>
	<Characters>
		<Molecular/>
		<Morphological number="15">
			<Type>Osteology</Type>
		</Morphological>
		<Behavioural/>
		<Other/>
	</Characters>
	<Analysis>
		<Type>Maximum Parsimony</Type>
	</Analysis>
	<Notes>Based on reanalysis of the original matrix.</Notes>
	<Filename>Parrish_1994a</Filename>
	<Parent/>
	<Sibling/>
</SourceTree>
