<?xml version="1.0" standalone="yes"?>
<SourceTree>
	<Source>
		<Author>
			<List>Peters, D.</List>
		</Author>
		<Year>2000</Year>
		<Title>A reexamination of four prolacertiforms with implications for pterosaur phylogenesis</Title>
		<Journal>Rivista Italiana di Paleontologia e Stratigrafia</Journal>
		<Volume>106</Volume>
		<Pages>293-336</Pages>
		<Booktitle/>
		<Publisher/>
		<City/>
		<Editor/>
	</Source>
	<Taxa number="23">
		<List recon_name="Petrolacosaurus_kansensis" recon_no="138231">Petrolacosaurus</List>
		<List recon_name="Youngina_capensis" recon_no="77037">Youngina</List>
		<List recon_name="Planocephalosaurus_robinsonae,Clevosaurus_hudsoni,Clevosaurus_minor,Sphenodon_punctata" recon_no="253695;247715;335278;393586">Sphenodontida</List>
		<List recon_name="Iguana_iguana" recon_no="373787">Iguana</List>
		<List recon_name="Cteniogenys_antiquus,Champsosaurus_gigas,Champsosaurus_natator" recon_no="69385;67578;67587">Choristodera</List>
		<List recon_name="Howesia_browni,Hyperodapedon_gordoni,Mesosuchus_browni,Paradapedon_huxleyi,Paradapedon_indicus" recon_no="141597;146404;139820;100724;251863">Rhynchosaurus</List>
		<List recon_name="Trilophosaurus_buettneri" recon_no="64922">Trilophosaurus</List>
		<List recon_name="Proterosuchus_fergusi" recon_no="184525">Proterosuchus</List>
		<List recon_name="Protorosaurus_speneri" recon_no="95836">Protorosaurus</List>
		<List recon_name="Boreopricea_funerea" recon_no="163341">Boreopricea</List>
		<List recon_name="Prolacerta_broomi" recon_no="138933">Prolacerta</List>
		<List recon_name="Macrocnemus_bassanii" recon_no="141599">Macrocnemus</List>
		<List recon_name="Tanystropheus_longobardicus" recon_no="180927">Tanystropheus</List>
		<List recon_name="Cosesaurus_aviceps" recon_no="329410">Cosesaurus</List>
		<List recon_name="Tanytrachelos_ahynis" recon_no="138947">Tanytrachelos</List>
		<List recon_name="Malerisaurus_robinsonae" recon_no="138926">Malerisaurus</List>
		<List recon_name="Langobardisaurus_pandolfii" recon_no="176500">Langobardisaurus</List>
		<List recon_name="Jesairosaurus_lehmani" recon_no="181736">Jesairosaurus</List>
		<List recon_name="Eudimorphodon_ranzii" recon_no="131614">Eudimorphodon</List>
		<List recon_name="Sharovipteryx_mirabilis" recon_no="197344">Sharoviptryx</List>
		<List recon_name="Longisquama_insignis" recon_no="197349">Longisquama</List>
		<List recon_name="Scleromochlus_taylori" recon_no="63718">Scleromochlus</List>
		<List recon_name="Marasuchus_lilloensis" recon_no="66342">Lagosuchus</List>
	</Taxa>
	<Characters>
		<Molecular/>
		<Morphological number="71">
			<Type>Osteology</Type>
		</Morphological>
		<Behavioural/>
		<Other/>
	</Characters>
	<Analysis>
		<Type>Maximum Parsimony</Type>
	</Analysis>
	<Notes>Based on reanalysis of the original matrix.</Notes>
	<Filename>Peters_2000ab</Filename>
	<Parent>Jalil_1997a</Parent>
	<Sibling/>
</SourceTree>
