<?xml version="1.0" standalone="yes"?>
<SourceTree>
	<Source>
		<Author>
			<List>Pisani, D.</List>
			<List>Yates, A. M.</List>
			<List>Langer, M. C.</List>
			<List>Benton, M. J.</List>
		</Author>
		<Year>2002</Year>
		<Title>A genus-level supertree of the Dinosauria</Title>
		<Journal>Proceedings of the Royal Society of London B</Journal>
		<Volume>269</Volume>
		<Pages>915-921</Pages>
		<Booktitle/>
		<Publisher/>
		<City/>
		<Editor/>
	</Source>
	<Taxa number="276">
		<List recon_name="DELETE" recon_no="0">mrp_outgroup</List>
		<List recon_name="Eoraptor_lunensis" recon_no="57454">Eoraptor</List>
		<List recon_name="Herrerasaurus_ischigualastensis" recon_no="55000">Herrerasaurus</List>
		<List recon_name="Staurikosaurus_pricei" recon_no="55001">Staurikosaurus</List>
		<List recon_name="Chindesaurus_bryansmalli" recon_no="66909">Chindesaurus</List>
		<List recon_name="Megalosaurus_bucklandii" recon_no="53025">Megalosaurus</List>
		<List recon_name="Piatnitzkysaurus_floresi" recon_no="54827">Piatnitzkysaurus</List>
		<List recon_name="Afrovenator_abakensis" recon_no="56399">Afrovenator</List>
		<List recon_name="Gasosaurus_constructus" recon_no="52765">Gasosaurus</List>
		<List recon_name="Marshosaurus_bicentesimus" recon_no="64497">Marshosaurus</List>
		<List recon_name="Fukuiraptor_kitadaniensis" recon_no="66357">Fukuiraptor</List>
		<List recon_name="Sinraptor_dongi" recon_no="54821">Sinraptor</List>
		<List recon_name="Monolophosaurus_jiangi" recon_no="64122">Monolophosaurus</List>
		<List recon_name="Yangchuanosaurus_shangyouensis" recon_no="54826">Yangchuanosaurus</List>
		<List recon_name="Szechuanosaurus_zigongensis" recon_no="143665">Szechuanosaurus</List>
		<List recon_name="Cryolophosaurus_ellioti" recon_no="64372">Cryolophosaurus</List>
		<List recon_name="Allosaurus_fragilis" recon_no="52962">Allosaurus</List>
		<List recon_name="Neovenator_salerii" recon_no="64120">Neovenator</List>
		<List recon_name="Acrocanthosaurus_atokensis" recon_no="55482">Acrocanthosaurus</List>
		<List recon_name="Carcharodontosaurus_saharicus" recon_no="65365">Carcharodontosau</List>
		<List recon_name="Giganotosaurus_carolinii" recon_no="54541">Giganotosaurus</List>
		<List recon_name="Sinosauropteryx_prima" recon_no="54549">Sinosauropteryx</List>
		<List recon_name="Ornitholestes_hermanni" recon_no="55484">Ornitholestes</List>
		<List recon_name="Coelurus_fragilis" recon_no="52986">Coelurus</List>
		<List recon_name="Compsognathus_longipes" recon_no="53007">Compsognathus</List>
		<List recon_name="Proceratosaurus_bradleyi" recon_no="66979">Proceratosaurus</List>
		<List recon_name="Dryptosaurus_aquilunguis" recon_no="53030">Dryptosaurus</List>
		<List recon_name="Scipionyx_samniticus" recon_no="57428">Scipionyx</List>
		<List recon_name="Bagaraatan_ostromi" recon_no="57249">Bagarataan</List>
		<List recon_name="Deltadromeus_agilis" recon_no="65367">Deltadromeus</List>
		<List recon_name="Nqwebasaurus_thwazi" recon_no="66506">Nqwebasaurus</List>
		<List recon_name="Coelurus_fragilis" recon_no="52986">Quarry_9</List>
		<List recon_name="Noasaurus_sp_MACN_622" recon_no="38630">El_Brete</List>
		<List recon_name="Microvenator_celer" recon_no="65860">Microvenator</List>
		<List recon_name="Oviraptor_philoceratops" recon_no="55488">Oviraptor</List>
		<List recon_name="Conchoraptor_gracilis" recon_no="67259">Conchoraptor</List>
		<List recon_name="Ingenia_yanshani" recon_no="96513">Ingenia</List>
		<List recon_name="Chirostenotes_pergracilis" recon_no="54561">Chirostenotes</List>
		<List recon_name="Elmisaurus_rarus" recon_no="54560">Elmisaurus</List>
		<List recon_name="Alxasaurus_elesitaiensis" recon_no="64126">Alxasaurus</List>
		<List recon_name="Beipiaosaurus_inexpectus" recon_no="68241">Beipiaosaurus</List>
		<List recon_name="Erlikosaurus_andrewsi" recon_no="66667">Erlikosaurus</List>
		<List recon_name="Therizinosaurus_cheloniformis" recon_no="66673">Therizinosaurus</List>
		<List recon_name="Segnosaurus_galbinensis" recon_no="66664">Segnosaurus</List>
		<List recon_name="Caudipteryx_zoui" recon_no="66066">Caudipteryx</List>
		<List recon_name="Protarchaeopteryx_robusta" recon_no="66068">Protarchaeoptery</List>
		<List recon_name="Archaeopteryx_lithographica" recon_no="55487">Archaeopteryx</List>
		<List recon_name="Rahonavis_ostromi" recon_no="64133">Rahonavis</List>
		<List recon_name="Unenlagia_comahuensis" recon_no="65422">Unenlagia</List>
		<List recon_name="Microraptor_zhaoianus" recon_no="68239">Microraptor</List>
		<List recon_name="Sinornithosaurus_millenii" recon_no="68205">Sinornithosaurus</List>
		<List recon_name="Dromaeosaurus_albertensis" recon_no="54550">Dromaeosaurus</List>
		<List recon_name="Deinonychus_antirrhopus" recon_no="54555">Deinonychus</List>
		<List recon_name="Velociraptor_mongoliensis" recon_no="54554">Velociraptor</List>
		<List recon_name="Saurornitholestes_langstoni" recon_no="54556">Saurornitholeste</List>
		<List recon_name="Hesperornis_regalis,Iberomesornis_romerali,Ichthyornis_dispar,Patagopteryx_deferrariisi" recon_no="96488;65831;54877;68529">Ornithothoraces</List>
		<List recon_name="Avimimus_portentosus" recon_no="55489">Avimimus</List>
		<List recon_name="Alvarezsaurus_calvoi" recon_no="64775">Alvarezsaurus</List>
		<List recon_name="Patagonykus_puertai" recon_no="64773">Patagonykus</List>
		<List recon_name="Mononykus_olecranus" recon_no="67288">Mononykus</List>
		<List recon_name="Shuvuuia_deserti" recon_no="66044">Shuvuuia</List>
		<List recon_name="Parvicursor_remotus" recon_no="68183">Parvicursor</List>
		<List recon_name="Parvicursorinae_indet_UCMP_154584" recon_no="162355">UCMP_154584</List>
		<List recon_name="Troodontidae_indet_IGM_100_44" recon_no="54468">IGM_100_44</List>
		<List recon_name="Sinornithoides_youngi" recon_no="64145">Sinornithoides</List>
		<List recon_name="Byronosaurus_jaffei" recon_no="57020">Byronosaurus</List>
		<List recon_name="Troodon_formosus" recon_no="54818">Troodon</List>
		<List recon_name="Borogovia_gracilicrus" recon_no="64791">Borogovia</List>
		<List recon_name="Saurornithoides_junior" recon_no="57262">Saur_junior</List>
		<List recon_name="Saurornithoides_mongoliensis" recon_no="54470">Saur_mongoliens</List>
		<List recon_name="Harpymimus_okladnikovi" recon_no="66670">Harpymimus</List>
		<List recon_name="Pelecanimimus_polyodon" recon_no="64118">Pelecanimimus</List>
		<List recon_name="Garudimimus_brevipes" recon_no="57267">Garudimimus</List>
		<List recon_name="Deinocheirus_mirificus" recon_no="57246">Deinocheirus</List>
		<List recon_name="Archaeornithomimus_asiaticus" recon_no="57276">Archaeornithomim</List>
		<List recon_name="Ornithomimus_edmontonicus" recon_no="63438">Ornithomimus</List>
		<List recon_name="Gallimimus_bullatus" recon_no="57265">Gallimimus</List>
		<List recon_name="Anserimimus_planinychus" recon_no="66672">Anserimimus</List>
		<List recon_name="Struthiomimus_altus" recon_no="57266">Struthiomimus</List>
		<List recon_name="Dromiceiomimus_brevitertius,Dromiceiomimus_samueli" recon_no="66907;57272">Dromiceomimus</List>
		<List recon_name="Alioramus_remotus" recon_no="57259">Alioramus</List>
		<List recon_name="Albertosaurus_sarcophagus" recon_no="56319">Albertosaurus</List>
		<List recon_name="Daspletosaurus_torosus" recon_no="57258">Daspletosaurus</List>
		<List recon_name="Albertosaurus_sarcophagus" recon_no="56319">TMP_81_10_1</List>
		<List recon_name="Gorgosaurus_libratus" recon_no="53194">Gorgosaurus</List>
		<List recon_name="Tyrannosaurus_rex" recon_no="54833">Tyrannosaurus</List>
		<List recon_name="Tarbosaurus_bataar" recon_no="57254">Tarbosaurus</List>
		<List recon_name="Torvosaurus_tanneri" recon_no="53375">Torvosaurus</List>
		<List recon_name="Eustreptospondylus_oxoniensis" recon_no="53377">Eustreptospondyl</List>
		<List recon_name="Spinosaurus_aegyptiacus" recon_no="53372">Spinosaurus</List>
		<List recon_name="Irritator_challengeri" recon_no="64273">Irritator</List>
		<List recon_name="Suchomimus_tenerensis" recon_no="53368">Suchomimus</List>
		<List recon_name="Baryonyx_walkeri" recon_no="53370">Baryonyx</List>
		<List recon_name="Dilophosaurus_wetherilli" recon_no="57251">Dilophosaurus</List>
		<List recon_name="Liliensternus_liliensterni" recon_no="56379">Liliensternus</List>
		<List recon_name="Coelophysis_bauri" recon_no="55477">Coelophysis</List>
		<List recon_name="Syntarsus_kayentakatae,Syntarsus_rhodesiensis" recon_no="55540;55541">Syntarsus</List>
		<List recon_name="Procompsognathus_triassicus" recon_no="56382">Procompsognathus</List>
		<List recon_name="Segisaurus_halli" recon_no="55543">Segisaurus</List>
		<List recon_name="Elaphrosaurus_bambergi" recon_no="55481">Elaphrosaurus</List>
		<List recon_name="Ceratosaurus_nasicornis" recon_no="54165">Ceratosaurus</List>
		<List recon_name="Sarcosaurus_woodi" recon_no="57252">Sarcosaurus</List>
		<List recon_name="Noasaurus_leali" recon_no="54534">Noasaurus</List>
		<List recon_name="Ilokelesia_aguadagrandensis" recon_no="54532">Ilokelesia</List>
		<List recon_name="Ligabueino_andesi" recon_no="54537">Ligabueino</List>
		<List recon_name="Masiakasaurus_knopfleri" recon_no="56389">Masiakasaurus</List>
		<List recon_name="Abelisaurus_comahuensis" recon_no="53945">Abelisaurus</List>
		<List recon_name="Carnotaurus_sastrei" recon_no="54526">Carnotaurus</List>
		<List recon_name="Majungatholus_athopus" recon_no="190519">Majungatholus</List>
		<List recon_name="Saturnalia_tupiniquim" recon_no="68124">Saturnalia</List>
		<List recon_name="Thecodontosaurus_antiquus" recon_no="56627">Thecodontosaurus</List>
		<List recon_name="Anchisaurus_polyzelus" recon_no="64382">Anchisaurus</List>
		<List recon_name="Blikanasaurus_cromptoni" recon_no="55644">Blikanasaurus</List>
		<List recon_name="Melanorosaurus_readi" recon_no="54980">Melanorosaurus</List>
		<List recon_name="Riojasaurus_incertus" recon_no="56585">Riojasaurus</List>
		<List recon_name="Camelotia_borealis" recon_no="56586">Camelotia</List>
		<List recon_name="Yunnanosaurus_huangi" recon_no="56629">Yunnanosaurus</List>
		<List recon_name="Massospondylus_carinatus" recon_no="56595">Massospondylus</List>
		<List recon_name="Coloradisaurus_brevis" recon_no="68584">Coloradisaurus</List>
		<List recon_name="Sellosaurus_gracilis" recon_no="54996">Sellosaurus</List>
		<List recon_name="Plateosaurus_engelhardti" recon_no="56683">Plateosaurus</List>
		<List recon_name="Euskelosaurus_browni" recon_no="85818">Euskelosaurus</List>
		<List recon_name="Gyposaurus_sinensis" recon_no="64288">Gyposaurus</List>
		<List recon_name="Lufengosaurus_huenei" recon_no="56597">Lufengosaurus</List>
		<List recon_name="Vulcanodon_karibaensis" recon_no="54979">Vulcanodon</List>
		<List recon_name="Barapasaurus_tagorei" recon_no="55547">Barapasaurus</List>
		<List recon_name="Shunosaurus_lii" recon_no="56457">Shunosaurus</List>
		<List recon_name="Camarasaurus_grandis" recon_no="67181">Camarasaurus</List>
		<List recon_name="Patagosaurus_fariasi" recon_no="66448">Patagosaurus</List>
		<List recon_name="Omeisaurus_tianfuensis" recon_no="56462">Omeisaurus</List>
		<List recon_name="Mamenchisaurus_hochuanensis,Mamenchisaurus_sinocanadorum" recon_no="56463;56541">Mamenchisaurus</List>
		<List recon_name="Cetiosaurus_oxoniensis" recon_no="66688">Cetiosaurus</List>
		<List recon_name="Jobaria_tiguidensis" recon_no="57436">Jobaria</List>
		<List recon_name="Euhelopus_zdanskyi" recon_no="54868">Euhelopus</List>
		<List recon_name="Phuwiangosaurus_sirindhornae" recon_no="56410">Phuwiangosaurus</List>
		<List recon_name="Chubutisaurus_insignis" recon_no="53963">Chubutisaurus</List>
		<List recon_name="Nemegtosaurus_mongoliensis" recon_no="54841">Nemegtosaurus</List>
		<List recon_name="Quaesitosaurus_orientalis" recon_no="66618">Quaesitosaurus</List>
		<List recon_name="Brachiosaurus_altithorax" recon_no="54864">Brachiosaurus</List>
		<List recon_name="Sauroposeidon_proteles" recon_no="66617">Sauroposeidon</List>
		<List recon_name="Lapparentosaurus_madagascariensis" recon_no="66496">Lapparentosaurus</List>
		<List recon_name="Antarctosaurus_wichmannianus" recon_no="66264">Antarctosaurus</List>
		<List recon_name="Rayososaurus_agrioensis" recon_no="71351">Rayososaurus</List>
		<List recon_name="Nigersaurus_taqueti" recon_no="57367">Nigersaurus</List>
		<List recon_name="Apatosaurus_ajax,Apatosaurus_louisae" recon_no="52958;57752">Apatosaurus</List>
		<List recon_name="Barosaurus_lentus" recon_no="54166">Barosaurus</List>
		<List recon_name="Diplodocus_longus" recon_no="52920">Diplodocus</List>
		<List recon_name="Amargasaurus_cazaui" recon_no="53962">Amargasaurus</List>
		<List recon_name="Dicraeosaurus_hansemanni,Dicraeosaurus_sattleri" recon_no="65941;65942">Dicraeosaurus</List>
		<List recon_name="Andesaurus_delgadoi" recon_no="58918">Andesaurus</List>
		<List recon_name="Epachthosaurus_sciuttoi" recon_no="57467">Epachthosaurus</List>
		<List recon_name="Malawisaurus_dixeyi" recon_no="57458">Malawisaurus</List>
		<List recon_name="Argentinosaurus_huinculensis" recon_no="66646">Argentinasaurus</List>
		<List recon_name="Opisthocoelicaudia_skarzynskii" recon_no="57335">Opisthocoelocaud</List>
		<List recon_name="Eutitanosauria_indet_DGM_1487_R,Trigonosaurus_pricei,Baurutitan_britoi" recon_no="58924;85461;85463">Peiropolis_titan</List>
		<List recon_name="Lirainosaurus_astibiae" recon_no="65827">Lirainosaurus</List>
		<List recon_name="Argyrosaurus_superbus" recon_no="66267">Argyrosaurus</List>
		<List recon_name="Aeolosaurus_rionegrinus" recon_no="58847">Aeolosaurus</List>
		<List recon_name="Alamosaurus_sanjuanensis" recon_no="63399">Alamosaurus</List>
		<List recon_name="Saltasaurus_loricatus" recon_no="58838">Saltasaurus</List>
		<List recon_name="Neuquensaurus_australis" recon_no="64315">Nequensaurus</List>
		<List recon_name="Haplocanthosaurus_delfsi" recon_no="66582">Haplo_delfsi</List>
		<List recon_name="Haplocanthosaurus_priscus" recon_no="64504">Haplo_priscus</List>
		<List recon_name="Pisanosaurus_mertii" recon_no="64409">Pisanosaurus</List>
		<List recon_name="Lesothosaurus_diagnosticus" recon_no="57574">Lesothosaurus</List>
		<List recon_name="Agilisaurus_louderbacki" recon_no="57223">Agilisaurus</List>
		<List recon_name="Gongbusaurus_shiyii" recon_no="54860">Gongbusaurus</List>
		<List recon_name="Scutellosaurus_lawleri" recon_no="67088">Scutellosaurus</List>
		<List recon_name="Emausaurus_ernsti" recon_no="64406">Emausaurus</List>
		<List recon_name="Scelidosaurus_harrisonii" recon_no="53042">Scelidosaurus</List>
		<List recon_name="Huayangosaurus_taibaii" recon_no="54858">Huayangosaurus</List>
		<List recon_name="Dacentrurus_armatus" recon_no="56505">Dacentrurus</List>
		<List recon_name="Lexovisaurus_durobrivensis" recon_no="38812">Lexovisaurus</List>
		<List recon_name="Tuojiangosaurus_multispinus" recon_no="54854">Toujiangosaurus</List>
		<List recon_name="Chialingosaurus_kuani,Chungkingosaurus_jiangbeiensis,Kentrosaurus_aethiopicus,Stegosaurus_armatus,Stegosaurus_stenops,Stegosaurus_longispinus,Wuerhosaurus_homheni" recon_no="56486;56487;56490;52941;56491;56492;56493">other_stegosauri</List>
		<List recon_name="Gargoyleosaurus_parkpinorum" recon_no="82609">Gargoyleosaurus</List>
		<List recon_name="Minmi_paravertebrata" recon_no="64270">Minmi</List>
		<List recon_name="Shamosaurus_scutatus" recon_no="52795">Shamosaurus</List>
		<List recon_name="Polacanthus_foxii,Polacanthus_rudgwickensis" recon_no="52785;66726">Polacanthus</List>
		<List recon_name="Mymoorapelta_maysi" recon_no="57683">Mymoorapelta</List>
		<List recon_name="Gastonia_burgei" recon_no="63701">Gastonia</List>
		<List recon_name="Tsagantegia_longicranialis" recon_no="68199">Tsagantegia</List>
		<List recon_name="Talarurus_plicatospineus" recon_no="52797">Talarurus</List>
		<List recon_name="Pinacosaurus_grangeri" recon_no="52911">Pinacosaurus</List>
		<List recon_name="Tarchia_gigantea" recon_no="52905">Tarchia</List>
		<List recon_name="Saichania_chulsanensis" recon_no="52910">Saichania</List>
		<List recon_name="Nodocephalosaurus_kirtlandensis" recon_no="68008">Nodocephalosauru</List>
		<List recon_name="Euoplocephalus_tutus" recon_no="63917">Euoplocephalus</List>
		<List recon_name="Ankylosaurus_magniventris" recon_no="52793">Ankylosaurus</List>
		<List recon_name="Struthiosaurus_languedocensis" recon_no="64793">Struthiosaurus</List>
		<List recon_name="Hylaeosaurus_armatus" recon_no="52782">Hylaeosaurus</List>
		<List recon_name="Pawpawsaurus_campbelli" recon_no="55999">Pawpawsaurus</List>
		<List recon_name="Sauropelta_edwardsorum" recon_no="81248">Sauropelta</List>
		<List recon_name="Silvisaurus_condrayi" recon_no="52791">Silvisaurus</List>
		<List recon_name="Panoplosaurus_mirus" recon_no="52788">Panoplosaurus</List>
		<List recon_name="Edmontonia_longiceps" recon_no="63920">Ed_longiceps</List>
		<List recon_name="Edmontonia_rugosidens" recon_no="66027">Ed_rugosidens</List>
		<List recon_name="Abrictosaurus_consors" recon_no="52903">Abrictosaurus</List>
		<List recon_name="Heterodontosaurus_tucki" recon_no="52902">Heterodontosauru</List>
		<List recon_name="Lycorhinus_angustidens" recon_no="52899">Lycorhinus</List>
		<List recon_name="Thescelosaurus_neglectus" recon_no="52897">Thescelosaurus</List>
		<List recon_name="Zephyrosaurus_schaffi" recon_no="52889">Zephyrosaurus</List>
		<List recon_name="Orodromeus_makelai" recon_no="64338">Orodromeus</List>
		<List recon_name="Hypsilophodon_foxii" recon_no="54190">Hypsilophodon</List>
		<List recon_name="Parksosaurus_warreni" recon_no="52894">Parksosaurus</List>
		<List recon_name="Othnielia_rex" recon_no="64495">Othnielia</List>
		<List recon_name="Yandusaurus_hongheensis" recon_no="52892">Yandusaurus</List>
		<List recon_name="Tenontosaurus_dossi,Tenontosaurus_tilletti" recon_no="67272;52887">Tenontosaurus</List>
		<List recon_name="Muttaburrasaurus_langdoni" recon_no="64271">Muttaburrasaurus</List>
		<List recon_name="Gasparinisaura_cincosaltensis" recon_no="65254">Gasparinisaura</List>
		<List recon_name="Dryosaurus_altus" recon_no="54253">Dryosaurus</List>
		<List recon_name="Camptosaurus_dispar" recon_no="52880">Camptosaurus</List>
		<List recon_name="Iguanodon_atherfieldensis,Iguanodon_bernissartensis" recon_no="64255;58905">Iguanodon</List>
		<List recon_name="Altirhinus_kurzanovi" recon_no="58903">Altirhinus</List>
		<List recon_name="Ouranosaurus_nigeriensis" recon_no="52877">Ouranosaurus</List>
		<List recon_name="Probactrosaurus_gobiensis" recon_no="52878">Probactrosaurus</List>
		<List recon_name="Protohadros_byrdi" recon_no="64527">Protohadros</List>
		<List recon_name="Telmatosaurus_transsylvanicus" recon_no="68154">Telmatosaurus</List>
		<List recon_name="Gilmoreosaurus_mongoliensis" recon_no="64067">Gilmoreosaurus</List>
		<List recon_name="Eolambia_caroljonesa" recon_no="66500">Eolambia</List>
		<List recon_name="Bactrosaurus_johnsoni" recon_no="57344">Bactrosaurus</List>
		<List recon_name="Pararhabdodon_isonensis" recon_no="89226">Pararabdodon</List>
		<List recon_name="Lambeosaurus_lambei,Lambeosaurus_magnicristatus,Lambeosaurus_laticaudus" recon_no="56724;65429;68200">Lambeosaurus</List>
		<List recon_name="Corythosaurus_casuarius" recon_no="56403">Corythosaurus</List>
		<List recon_name="Hypacrosaurus_altispinus" recon_no="56406">Hypacrosaurus</List>
		<List recon_name="Parasaurolophus_cyrtocristatus,Parasaurolophus_tubicen,Parasaurolophus_walkeri" recon_no="66260;64355;63256">Parasaurolophus</List>
		<List recon_name="Charonosaurus_jiayinensis" recon_no="64259">Charonosaurus</List>
		<List recon_name="Lophorhothon_atopus" recon_no="67215">Lophorhothon</List>
		<List recon_name="Prosaurolophus_maximus" recon_no="53384">Prosaurolophus</List>
		<List recon_name="Saurolophus_angustirostris,Saurolophus_osborni" recon_no="64295;53386">Saurolophus</List>
		<List recon_name="Kritosaurus_australis" recon_no="66683">Kritosaurus</List>
		<List recon_name="Anatotitan_copei" recon_no="64302">Anatotitan</List>
		<List recon_name="Edmontosaurus_annectens,Edmontosaurus_regalis,Edmontosaurus_saskatchewanensis" recon_no="64305;63254;64304">Edmontosaurus</List>
		<List recon_name="Shantungosaurus_giganteus" recon_no="69513">Shantungosaurus</List>
		<List recon_name="Maiasaura_peeblesorum" recon_no="55574">Maiasaura</List>
		<List recon_name="Brachylophosaurus_canadensis" recon_no="65213">Brachylophosauru</List>
		<List recon_name="Aralosaurus_tuberiferus" recon_no="67547">Aralosaurus</List>
		<List recon_name="Gryposaurus_notabilis" recon_no="63251">Gryposaurus</List>
		<List recon_name="Stenopelix_valdensis" recon_no="65431">Stenopelix</List>
		<List recon_name="Wannanosaurus_yansiensis" recon_no="52840">Wannanosaurus</List>
		<List recon_name="Goyocephale_lattimorei" recon_no="52838">Goyocephale</List>
		<List recon_name="Homalocephale_calathocercos" recon_no="52836">Homalocephale</List>
		<List recon_name="Yaverlandia_bitholus" recon_no="56581">Yaverlandia</List>
		<List recon_name="Ornatotholus_browni" recon_no="56568">Ornatotholus</List>
		<List recon_name="Stegoceras_validum" recon_no="56570">Stegoceras</List>
		<List recon_name="DELETE" recon_no="0">Dwarf_form</List>
		<List recon_name="Tylocephale_gilmorei" recon_no="66451">Tylocephale</List>
		<List recon_name="Prenocephale_prenes" recon_no="52833">Prenocephale</List>
		<List recon_name="Pachycephalosaurus_wyomingensis" recon_no="52835">Pachycephalosaur</List>
		<List recon_name="Stygimoloch_spinifer" recon_no="56577">Stygimoloch</List>
		<List recon_name="Psittacosaurus_meileyingensis,Psittacosaurus_mongoliensis,Psittacosaurus_neimongoliensis,Psittacosaurus_ordosensis,Psittacosaurus_sinensis,Psittacosaurus_xinjiangensis" recon_no="65708;52831;64142;64143;65705;65707">Psittacosaurus</List>
		<List recon_name="Chaoyangsaurus_youngi" recon_no="55580">Chaoyangsaurus</List>
		<List recon_name="Archaeoceratops_oshimai" recon_no="55576">Archaeoceratops</List>
		<List recon_name="Leptoceratops_gracilis" recon_no="52827">Leptoceratops</List>
		<List recon_name="Udanoceratops_tschizhovi" recon_no="66585">Udanoceratops</List>
		<List recon_name="Bagaceratops_rozhdestvenskyi" recon_no="52826">Bagaceratops</List>
		<List recon_name="Breviceratops_kozlowski" recon_no="351633">Breviceratops</List>
		<List recon_name="Protoceratops_andrewsi" recon_no="52824">Protoceratops</List>
		<List recon_name="Graciliceratops_mongoliensis" recon_no="67674">Graciliceratops</List>
		<List recon_name="Montanoceratops_cerorhynchus" recon_no="52830">Montanoceratops</List>
		<List recon_name="Zuniceratops_christopheri" recon_no="66591">Zuniceratops</List>
		<List recon_name="Turanoceratops_tardabilis" recon_no="67678">Turanoceratops</List>
		<List recon_name="Avaceratops_lammersi" recon_no="55539">Avaceratops</List>
		<List recon_name="Brachyceratops_montanensis" recon_no="63895">Brachyceratops</List>
		<List recon_name="Monoclonius_crassus" recon_no="54486">Monoclonius</List>
		<List recon_name="Centrosaurus_apertus" recon_no="63911">Centrosaurus</List>
		<List recon_name="Styracosaurus_albertensis" recon_no="56144">Styracosaurus</List>
		<List recon_name="Einiosaurus_procurvicornis" recon_no="53954">Einiosaurus</List>
		<List recon_name="Achelousaurus_horneri" recon_no="53955">Achelousaurus</List>
		<List recon_name="Pachyrhinosaurus_canadensis" recon_no="66023">Pachyrhinosaurus</List>
		<List recon_name="Anchiceratops_ornatus" recon_no="63447">Anchiceratops</List>
		<List recon_name="Chasmosaurus_belli,Chasmosaurus_canadensis,Chasmosaurus_mariscalensis,Chasmosaurus_russelli" recon_no="66019;63907;52772;66020">Chasmosaurus</List>
		<List recon_name="Pentaceratops_sternbergii" recon_no="55033">Pentaceratops</List>
		<List recon_name="Triceratops_horridus,Triceratops_prorsus" recon_no="63759;63770">Triceratops</List>
		<List recon_name="Torosaurus_latus,Torosaurus_utahensis" recon_no="63773;65132">Torosaurus</List>
		<List recon_name="Arrhinoceratops_brachyops" recon_no="63401">Arrhinoceratops</List>
	</Taxa>
	<Characters>
		<Molecular/>
		<Morphological/>
		<Behavioural/>
		<Other number="1635">
			<Type>Matrix Representation with Parsimony</Type>
		</Other>
	</Characters>
	<Analysis>
		<Type>Maximum Parsimony</Type>
	</Analysis>
	<Notes>Based on reanalysis of the original matrix (first 100,000 mpts only).</Notes>
	<Filename>Pisani_etal_2002a</Filename>
	<Parent/>
	<Sibling/>
</SourceTree>
