<?xml version="1.0" standalone="yes"?>
<SourceTree>
	<Source>
		<Author>
			<List>Porfiri, J. D.</List>
			<List>Novas, F. E.</List>
			<List>Calvo, J. O.</List>
			<List>Agnolin, F. L.</List>
			<List>Ezcurra, M. D.</List>
			<List>Cerda, I. A.</List>
		</Author>
		<Year>2014</Year>
		<Title>Juvenile specimen of <em>Megaraptor</em> (Dinosauria, Theropoda) sheds light about tyrannosauroid radiation</Title>
		<Journal>Cretaceous Research</Journal>
		<Volume>51</Volume>
		<Pages>35-55</Pages>
		<Booktitle/>
		<Publisher/>
		<City/>
		<Editor/>
	</Source>
	<Taxa number="45">
		<List recon_name="Ceratosaurus_nasicornis" recon_no="54165">Ceratosaurus</List>
		<List recon_name="Allosaurus_fragilis" recon_no="52962">Allosaurus</List>
		<List recon_name="Monolophosaurus_jiangi" recon_no="64122">Monolophosaurus</List>
		<List recon_name="Piatnitzkysaurus_floresi" recon_no="54827">Piatnitzkysaurus</List>
		<List recon_name="Sinraptor_dongi" recon_no="54821">Sinraptor</List>
		<List recon_name="Acrocanthosaurus_atokensis" recon_no="55482">Acrocanthosaurus</List>
		<List recon_name="Afrovenator_abakensis" recon_no="56399">Afrovenator</List>
		<List recon_name="Torvosaurus_tanneri" recon_no="53375">Torvosaurus</List>
		<List recon_name="Megalosaurus_bucklandii" recon_no="53025">Megalosaurus</List>
		<List recon_name="Baryonyx_walkeri" recon_no="53370">Baryonyx</List>
		<List recon_name="Carcharodontosaurus_iguidensis" recon_no="113860">Carcharod_ig</List>
		<List recon_name="Carcharodontosaurus_saharicus" recon_no="65365">Carcharod_sa</List>
		<List recon_name="Giganotosaurus_carolinii" recon_no="54541">Giganotosaurus</List>
		<List recon_name="Mapusaurus_roseae" recon_no="77206">Mapusaurus</List>
		<List recon_name="Suchomimus_tenerensis" recon_no="53368">Suchomimus</List>
		<List recon_name="Tyrannotitan_chubutensis" recon_no="77208">Tyrannotitan</List>
		<List recon_name="Shaochilong_maortuensis" recon_no="161117">Shaochilong</List>
		<List recon_name="Concavenator_corcovatus" recon_no="170754">Concavenator</List>
		<List recon_name="Spinosaurus_aegyptiacus" recon_no="53372">Spinosaurus</List>
		<List recon_name="Irritator_challengeri" recon_no="64273">Irritator</List>
		<List recon_name="Australovenator_wintonensis" recon_no="148973">Australovenator</List>
		<List recon_name="Aerosteon_riocoloradensis" recon_no="148966">Aerosteon</List>
		<List recon_name="Neovenator_salerii" recon_no="64120">Neovenator</List>
		<List recon_name="Orkoraptor_burkei" recon_no="122476">Orkoraptor</List>
		<List recon_name="Fukuiraptor_kitadaniensis" recon_no="66357">Fukuiraptor</List>
		<List recon_name="Eotyrannus_lengi" recon_no="68317">Eotyrannus</List>
		<List recon_name="Tanycolagreus_topwilsoni" recon_no="68260">Tanycolagreus</List>
		<List recon_name="Velociraptor_mongoliensis" recon_no="54554">Velociraptor</List>
		<List recon_name="Tyrannosaurus_rex" recon_no="54833">Tyrannosaurus</List>
		<List recon_name="Compsognathus_longipes" recon_no="53007">Compsognathus</List>
		<List recon_name="Sinosauropteryx_prima" recon_no="54549">Sinosauropteryx</List>
		<List recon_name="Guanlong_wucaii" recon_no="71191">Guanlong</List>
		<List recon_name="Ornithomimus_edmontonicus" recon_no="63438">Ornithomimus</List>
		<List recon_name="Sinornithomimus_dongi" recon_no="68342">Sinornithomimus</List>
		<List recon_name="Caudipteryx_zoui" recon_no="66066">Caudipteryx</List>
		<List recon_name="Dilong_paradoxus" recon_no="58836">Dilong</List>
		<List recon_name="Chilantaisaurus_tashuikouensis" recon_no="54836">Chilantaisaurus</List>
		<List recon_name="Xiongguanlong_baimoensis" recon_no="146100">Xiongguanlong</List>
		<List recon_name="Kileskus_aristotocus" recon_no="185193">Kileskus</List>
		<List recon_name="Proceratosaurus_bradleyi" recon_no="66979">Proceratosaurus</List>
		<List recon_name="Appalachiosaurus_montgomeriensis" recon_no="65080">Appalachiosaurus</List>
		<List recon_name="Albertosaurus_sarcophagus" recon_no="56319">Albertosaurus</List>
		<List recon_name="Santanaraptor_placidus" recon_no="53938">Santanaraptor</List>
		<List recon_name="Eocarcharia_dinops" recon_no="123318">Eocarcharia</List>
		<List recon_name="Megaraptor_namunhuaiquii" recon_no="65425">Megaraptor</List>
	</Taxa>
	<Characters>
		<Molecular/>
		<Morphological number="284">
			<Type>Osteology</Type>
		</Morphological>
		<Behavioural/>
		<Other/>
	</Characters>
	<Analysis>
		<Type>Maximum Parsimony</Type>
	</Analysis>
	<Notes>Based on reanalysis of the original matrix.</Notes>
	<Filename>Porfiri_etal_2014a</Filename>
	<Parent>Novas_etal_2013aa</Parent>
	<Sibling/>
</SourceTree>
