<?xml version="1.0" standalone="yes"?>
<SourceTree>
	<Source>
		<Author>
			<List>Prieto-Marquez, A.</List>
			<List>Dalla Vecchia, F. M.</List>
			<List>Gaete, R.</List>
			<List>Galobart, A.</List>
		</Author>
		<Year>2013</Year>
		<Title>Diversity, relationships, and biogeography of the lambeosaurine dinosaurs from the European Archipelago, with description of the new aralosaurin <em>Canardia garonnensis</em></Title>
		<Journal>PLOS ONE</Journal>
		<Volume>8</Volume>
		<Pages>e69835</Pages>
		<Booktitle/>
		<Publisher/>
		<City/>
		<Editor/>
	</Source>
	<Taxa number="34">
		<List recon_name="Bactrosaurus_johnsoni" recon_no="57344">Bactrosaurus_johnsoni</List>
		<List recon_name="Eolambia_caroljonesa" recon_no="66500">Eolambia_caroljonesa</List>
		<List recon_name="Equijubus_normani" recon_no="58927">Equijubus_normani</List>
		<List recon_name="Lophorhothon_atopus" recon_no="67215">Lophorhothon_atopus</List>
		<List recon_name="Probactrosaurus_gobiensis" recon_no="52878">Probactrosaurus_gobiensis</List>
		<List recon_name="Protohadros_byrdi" recon_no="64527">Protohadros_byrdi</List>
		<List recon_name="Tanius_sinensis" recon_no="53379">Tanius_sinensis</List>
		<List recon_name="Telmatosaurus_transsylvanicus" recon_no="68154">Telmatosaurus_transsylvanicus</List>
		<List recon_name="Tethyshadros_insularis" recon_no="161198">Tethyshadros_insularis</List>
		<List recon_name="Hadrosaurus_foulkii" recon_no="52812">Hadrosaurus_foulkii</List>
		<List recon_name="Brachylophosaurus_canadensis" recon_no="65213">Brachylophosaurus_canadensis</List>
		<List recon_name="Edmontosaurus_annectens" recon_no="64305">Edmontosaurus_annectens</List>
		<List recon_name="Amurosaurus_riabinini" recon_no="64251">Amurosaurus_riabinini</List>
		<List recon_name="Aralosaurus_tuberiferus" recon_no="67547">Aralosaurus_tuberiferus</List>
		<List recon_name="Arenysaurus_ardevoli" recon_no="161196">Arenysaurus_ardevoli</List>
		<List recon_name="Blasisaurus_canudoi" recon_no="243258">Blasisaurus_canudoi</List>
		<List recon_name="Charonosaurus_jiayinensis" recon_no="64259">Charonosaurus_jiayinensis</List>
		<List recon_name="Corythosaurus_casuarius" recon_no="56403">Corythosaurus_casuarius</List>
		<List recon_name="Corythosaurus_intermedius" recon_no="63255">Corythosaurus_intermedius</List>
		<List recon_name="Hypacrosaurus_stebingeri" recon_no="64339">Hypacrosaurus_stebingeri</List>
		<List recon_name="Hypacrosaurus_altispinus" recon_no="56406">Hypacrosaurus_altispinus</List>
		<List recon_name="Jaxartosaurus_aralensis" recon_no="65693">Jaxartosaurus_aralensis</List>
		<List recon_name="Lambeosaurus_lambei" recon_no="56724">Lambeosaurus_lambei</List>
		<List recon_name="Lambeosaurus_magnicristatus" recon_no="65429">Lambeosaurus_magnicristatus</List>
		<List recon_name="Magnapaulia_laticaudus" recon_no="238547">Magnapaulia_laticaudus</List>
		<List recon_name="Olorotitan_arharensis" recon_no="72095">Olorotitan_ararhensis</List>
		<List recon_name="Parasaurolophus_walkeri" recon_no="63256">Parasaurolophus_walkeri</List>
		<List recon_name="Parasaurolophus_cyrtocristatus" recon_no="66260">Parasaurolophus_cyrtocristatus</List>
		<List recon_name="Parasaurolophus_tubicen" recon_no="64355">Parasaurolophus_tubicen</List>
		<List recon_name="Pararhabdodon_isonensis" recon_no="89226">Pararhabdodon_isonensis</List>
		<List recon_name="Sahaliyania_elunchunorum" recon_no="118311">Sahaliyania_elunchunorum</List>
		<List recon_name="Tsintaosaurus_spinorhinus" recon_no="53387">Tsintaosaurus_spinorhinus</List>
		<List recon_name="Velafrons_coahuilensis" recon_no="113862">Velafrons_coahuilensis</List>
		<List recon_name="Canardia_garonnensis" recon_no="274521">Canardia_akripraeceps</List>
	</Taxa>
	<Characters>
		<Molecular/>
		<Morphological number="265">
			<Type>Osteology</Type>
		</Morphological>
		<Behavioural/>
		<Other/>
	</Characters>
	<Analysis>
		<Type>Maximum Parsimony</Type>
	</Analysis>
	<Notes>Based on reanalysis of the original matrix.</Notes>
	<Filename>Prieto-Marquez_etal_2013a</Filename>
	<Parent>Prieto-Marquez_2010a</Parent>
	<Sibling/>
</SourceTree>
