<?xml version="1.0" standalone="yes"?>
<SourceTree>
	<Source>
		<Author>
			<List>Prieto-Marquez, A.</List>
		</Author>
		<Year>2005</Year>
		<Title>New information on the cranium of <em>Brachylophosaurus canadensis</em> (Dinosauria, Hadrosauridae), with a revision of it's phylogenetic position</Title>
		<Journal>Journal of Vertebrate Paleontology</Journal>
		<Volume>25</Volume>
		<Pages>144-156</Pages>
		<Booktitle/>
		<Publisher/>
		<City/>
		<Editor/>
	</Source>
	<Taxa number="10">
		<List recon_name="Iguanodon_bernissartensis" recon_no="58905">I_bernissartensis</List>
		<List recon_name="Protohadros_byrdi" recon_no="64527">P_byrdi</List>
		<List recon_name="Telmatosaurus_transsylvanicus" recon_no="68154">T_transsylvanicus</List>
		<List recon_name="Hypacrosaurus_stebingeri" recon_no="64339">H_stebingeri</List>
		<List recon_name="Edmontosaurus_annectens" recon_no="64305">E_annectens</List>
		<List recon_name="Prosaurolophus_blackfeetensis" recon_no="57631">P_blackfeetensis</List>
		<List recon_name="Saurolophus_osborni" recon_no="53386">S_osborni</List>
		<List recon_name="Gryposaurus_sp_MOR_553S_dash_7_dash_18_dash_91_dash_107" recon_no="53014">Gryposaurus_sp</List>
		<List recon_name="Brachylophosaurus_canadensis" recon_no="65213">B_canadensis</List>
		<List recon_name="Maiasaura_peeblesorum" recon_no="55574">M_peeblesorum</List>
	</Taxa>
	<Characters>
		<Molecular/>
		<Morphological number="47">
			<Type>Osteology</Type>
		</Morphological>
		<Behavioural/>
		<Other/>
	</Characters>
	<Analysis>
		<Type>Maximum Parsimony</Type>
	</Analysis>
	<Notes>Based on reanalysis of the original matrix.</Notes>
	<Filename>Prieto-Marquez_2005a</Filename>
	<Parent>Horner_etal_2004a</Parent>
	<Sibling/>
</SourceTree>
