<?xml version="1.0" standalone="yes"?>
<SourceTree>
	<Source>
		<Author>
			<List>Prieto-Marquez, A.</List>
			<List>Weishampel, D. B.</List>
			<List>Horner, J. R.</List>
		</Author>
		<Year>2006</Year>
		<Title>The dinosaur <em>Hadrosaurus foulkii</em> from the Campanian of the East Coast of North America, with a reevaluation of the genus</Title>
		<Journal>Acta Palaeontologica Polonica</Journal>
		<Volume>51</Volume>
		<Pages>77-98</Pages>
		<Booktitle/>
		<Publisher/>
		<City/>
		<Editor/>
	</Source>
	<Taxa number="14">
		<List recon_name="Iguanodon_bernissartensis" recon_no="58905">Iguanodon</List>
		<List recon_name="Telmatosaurus_transsylvanicus" recon_no="68154">Telmatosaurus</List>
		<List recon_name="Edmontosaurus_annectens,Edmontosaurus_regalis,Edmontosaurus_saskatchewanensis" recon_no="64305;63254;64304">Edmontosaurus</List>
		<List recon_name="Gryposaurus_incurvimanus,Gryposaurus_notabilis" recon_no="64298;63251">Gryposaurus</List>
		<List recon_name="Hadrosaurus_foulkii" recon_no="52812">Hadrosaurus</List>
		<List recon_name="Kritosaurus_australis" recon_no="66683">Kritosaurus</List>
		<List recon_name="Prosaurolophus_blackfeetensis,Prosaurolophus_maximus" recon_no="57631;53384">Prosaurolophus</List>
		<List recon_name="Saurolophus_angustirostris,Saurolophus_osborni" recon_no="64295;53386">Saurolophus</List>
		<List recon_name="Brachylophosaurus_canadensis" recon_no="65213">Brachylophosaurus</List>
		<List recon_name="Maiasaura_peeblesorum" recon_no="55574">Maiasaura</List>
		<List recon_name="Parasaurolophus_cyrtocristatus,Parasaurolophus_tubicen,Parasaurolophus_walkeri" recon_no="66260;64355;63256">Parasaurolophus</List>
		<List recon_name="Corythosaurus_casuarius" recon_no="56403">Corythosaurus</List>
		<List recon_name="Hypacrosaurus_altispinus,Hypacrosaurus_stebingeri" recon_no="56406;64339">Hypacrosaurus</List>
		<List recon_name="Lambeosaurus_lambei,Lambeosaurus_laticaudus,Lambeosaurus_magnicristatus" recon_no="56724;68200;65429">Lambeosaurus</List>
	</Taxa>
	<Characters>
		<Molecular/>
		<Morphological number="90">
			<Type>Osteology</Type>
		</Morphological>
		<Behavioural/>
		<Other/>
	</Characters>
	<Analysis>
		<Type>Maximum Parsimony</Type>
	</Analysis>
	<Notes>Based on reanalysis of the original matrix.</Notes>
	<Filename>Prieto-Marquez_etal_2006a</Filename>
	<Parent>Horner_etal_2004a</Parent>
	<Sibling/>
</SourceTree>
