<?xml version="1.0" standalone="yes"?>
<SourceTree>
	<Source>
		<Author>
			<List>Prieto-Marquez, A.</List>
			<List>Gaete, R.</List>
			<List>Rivas, G.</List>
			<List>Galobart, A.</List>
			<List>Boada, M.</List>
		</Author>
		<Year>2006</Year>
		<Title>Hadrosauroid dinosaurs from the Late Cretaceous of Spain: <em>Pararhabdodon isonensis</em> revisited and <em>Koutalisaurus kohlerorum</em>, gen. et sp. nov.</Title>
		<Journal>Journal of Vertebrate Paleontology</Journal>
		<Volume>26</Volume>
		<Pages>929-943</Pages>
		<Booktitle/>
		<Publisher/>
		<City/>
		<Editor/>
	</Source>
	<Taxa number="24">
		<List recon_name="Iguanodon_bernissartensis" recon_no="58905">I_bernissartensis</List>
		<List recon_name="Iguanodon_atherfieldensis" recon_no="64255">I_atherfieldensis</List>
		<List recon_name="Probactrosaurus_gobiensis" recon_no="52878">P_gobiensis</List>
		<List recon_name="Ouranosaurus_nigeriensis" recon_no="52877">O_nigeriensis</List>
		<List recon_name="Protohadros_byrdi" recon_no="64527">P_byrdi</List>
		<List recon_name="Bactrosaurus_johnsoni" recon_no="57344">B_johnsoni</List>
		<List recon_name="Gilmoreosaurus_mongoliensis" recon_no="64067">G_mongoliensis</List>
		<List recon_name="Telmatosaurus_transsylvanicus" recon_no="68154">T_transsylvanicus</List>
		<List recon_name="Tanius_sinensis" recon_no="53379">T_sinensis</List>
		<List recon_name="Pararhabdodon_isonensis" recon_no="89226">P_isonensis</List>
		<List recon_name="Edmontosaurus_annectens,Edmontosaurus_regalis,Edmontosaurus_saskatchewanensis" recon_no="64305;63254;64304">Edmontosaurus_spp</List>
		<List recon_name="Hypacrosaurus_altispinus" recon_no="56406">H_altispinus</List>
		<List recon_name="Hypacrosaurus_stebingeri" recon_no="64339">H_stebingeri</List>
		<List recon_name="Amurosaurus_riabinini" recon_no="64251">A_riabinini</List>
		<List recon_name="Koutalisaurus_kohlerorum" recon_no="91408">K_kohlerorum</List>
		<List recon_name="Brachylophosaurus_canadensis" recon_no="65213">B_canadensis</List>
		<List recon_name="Maiasaura_peeblesorum" recon_no="55574">M_peeblesorum</List>
		<List recon_name="Gryposaurus_incurvimanus,Gryposaurus_notabilis" recon_no="64298;63251">Gryposaurus_spp</List>
		<List recon_name="Prosaurolophus_blackfeetensis,Prosaurolophus_maximus" recon_no="57631;53384">Prosaurolophus_spp</List>
		<List recon_name="Saurolophus_angustirostris,Saurolophus_osborni" recon_no="64295;53386">Saurolophus_spp</List>
		<List recon_name="Lambeosaurus_lambei,Lambeosaurus_laticaudus,Lambeosaurus_magnicristatus" recon_no="56724;68200;65429">Lambeosaurus_spp</List>
		<List recon_name="Corythosaurus_casuarius" recon_no="56403">C_casuarius</List>
		<List recon_name="Parasaurolophus_cyrtocristatus,Parasaurolophus_tubicen,Parasaurolophus_walkeri" recon_no="66260;64355;63256">Parasaurolophus_spp</List>
		<List recon_name="Olorotitan_arharensis" recon_no="72095">O_arharensis</List>
	</Taxa>
	<Characters>
		<Molecular/>
		<Morphological number="127">
			<Type>Osteology</Type>
		</Morphological>
		<Behavioural/>
		<Other/>
	</Characters>
	<Analysis>
		<Type>Maximum Parsimony</Type>
	</Analysis>
	<Notes>Based on reanalysis of the original matrix.</Notes>
	<Filename>Prieto-Marquez_etal_2006b</Filename>
	<Parent/>
	<Sibling/>
</SourceTree>
