<?xml version="1.0" standalone="yes"?>
<SourceTree>
	<Source>
		<Author>
			<List>Rauhut, O. W. M.</List>
			<List>Remes, K.</List>
			<List>Fechner, R.</List>
			<List>Cladera, G.</List>
			<List>Puerta, P.</List>
		</Author>
		<Year>2005</Year>
		<Title>Discovery of a short-necked sauropod dinosaur from the Late Jurassic period of Patagonia</Title>
		<Journal>Nature</Journal>
		<Volume>435</Volume>
		<Pages>670-672</Pages>
		<Booktitle/>
		<Publisher/>
		<City/>
		<Editor/>
	</Source>
	<Taxa number="27">
		<List recon_name="Shunosaurus_lii" recon_no="56457">Shunosaurus</List>
		<List recon_name="Haplocanthosaurus_delfsi,Haplocanthosaurus_priscus" recon_no="66582;64504">Haplocanthosaurus</List>
		<List recon_name="Jobaria_tiguidensis" recon_no="57436">Jobaria</List>
		<List recon_name="Amphicoelias_altus" recon_no="53181">Amphicoelias</List>
		<List recon_name="Suuwassea_emilieae" recon_no="57364">Suuwassea</List>
		<List recon_name="Amargasaurus_cazaui" recon_no="53962">Amargasaurus</List>
		<List recon_name="Brachytrachelopan_mesai" recon_no="66115">Brachytrachelopan</List>
		<List recon_name="Dicraeosaurus_hansemanni" recon_no="65941">Dicraeosaurus</List>
		<List recon_name="Apatosaurus_ajax" recon_no="52958">Apatosaurus</List>
		<List recon_name="Barosaurus_lentus" recon_no="54166">Barosaurus</List>
		<List recon_name="Dinheirosaurus_lourinhanensis" recon_no="65362">Dinheirosaurus</List>
		<List recon_name="Diplodocus_longus" recon_no="52920">Diplodocus</List>
		<List recon_name="Tornieria_africana" recon_no="64727">Tornieria</List>
		<List recon_name="Limaysaurus_tessonei" recon_no="63874">Limaysaurus</List>
		<List recon_name="Nigersaurus_taqueti" recon_no="57367">Nigersaurus</List>
		<List recon_name="Rebbachisaurus_garasbae" recon_no="65368">Rebbachisaurus</List>
		<List recon_name="Camarasaurus_grandis" recon_no="67181">Camarasaurus</List>
		<List recon_name="Amazonsaurus_maranhensis" recon_no="89459">Amazonsaurus</List>
		<List recon_name="Brachiosaurus_altithorax" recon_no="54864">Brachiosaurus</List>
		<List recon_name="Tehuelchesaurus_benitezii" recon_no="66569">Tehuelchesaurus</List>
		<List recon_name="Euhelopus_zdanskyi" recon_no="54868">Euhelopus</List>
		<List recon_name="Alamosaurus_sanjuanensis,Nemegtosaurus_mongoliensis,Neuquensaurus_australis,Opisthocoelicaudia_skarzynskii,Rapetosaurus_krausei,Saltasaurus_loricatus,Titanosaurus_colberti" recon_no="63399;54841;64315;57335;57533;58838;64311">higher_titanosaurs</List>
		<List recon_name="Malawisaurus_dixeyi" recon_no="57458">Malawisaurus</List>
		<List recon_name="Losillasaurus_giganteus" recon_no="57685">Losillasaurus</List>
		<List recon_name="Mamenchisaurus_constructus,Mamenchisaurus_hochuanensis,Mamenchisaurus_sinocanadorum" recon_no="56460;56463;56541">Mamenchisaurus</List>
		<List recon_name="Cetiosauriscus_stewarti" recon_no="67741">Cetiosauriscus</List>
		<List recon_name="Omeisaurus_junghsiensis,Omeisaurus_tianfuensis" recon_no="56461;56462">Omeisaurus</List>
	</Taxa>
	<Characters>
		<Molecular/>
		<Morphological number="154">
			<Type>Osteology</Type>
		</Morphological>
		<Behavioural/>
		<Other/>
	</Characters>
	<Analysis>
		<Type>Maximum Parsimony</Type>
	</Analysis>
	<Notes>Based on reanalysis of the original matrix.</Notes>
	<Filename>Rauhut_etal_2005a</Filename>
	<Parent>Wilson_2002a</Parent>
	<Sibling/>
</SourceTree>
