<?xml version="1.0" standalone="yes"?>
<SourceTree>
	<Source>
		<Author>
			<List>Rauhut, O. W. M.</List>
			<List>Milner, A. C.</List>
			<List>Moore-Fay, S.</List>
		</Author>
		<Year>2010</Year>
		<Title>Cranial osteology and phylogenetic position of the theropod dinosaur <em>Proceratosaurus bradleyi</em> (Woodward, 1910) from the Middle Jurassic of England</Title>
		<Journal>Zoological Journal of the Linnean Society</Journal>
		<Volume>158</Volume>
		<Pages>155-195</Pages>
		<Booktitle/>
		<Publisher/>
		<City/>
		<Editor/>
	</Source>
	<Taxa number="37">
		<List recon_name="Euparkeria_capensis" recon_no="99170">Euparkeria</List>
		<List recon_name="Marasuchus_lilloensis" recon_no="66342">Marasuchus</List>
		<List recon_name="Lesothosaurus_diagnosticus,Technosaurus_smalli,Pisanosaurus_mertii,Scutellosaurus_lawleri,Scelidosaurus_harrisonii,Emausaurus_ernsti" recon_no="57574;67090;64409;67088;53042;64406">Ornithischia</List>
		<List recon_name="Saturnalia_tupiniquim,Plateosaurus_engelhardti,Thecodontosaurus_antiquus,Sellosaurus_gracilis,Massospondylus_carinatus" recon_no="68124;56683;56627;54996;56595">Sauropodom</List>
		<List recon_name="Eoraptor_lunensis" recon_no="57454">Eoraptor</List>
		<List recon_name="Herrerasaurus_ischigualastensis" recon_no="55000">Herrerasaurus</List>
		<List recon_name="Staurikosaurus_pricei" recon_no="55001">Staurikosaurus</List>
		<List recon_name="Segisaurus_halli,Procompsognathus_triassicus,Lophostropheus_airelensis,Gojirasaurus_quayi,Coelophysis_bauri,Syntarsus_kayentakatae,Syntarsus_rhodesiensis" recon_no="55543;56382;96666;65490;55477;55540;55541">Coelophysoidea</List>
		<List recon_name="Dilophosaurus_wetherilli" recon_no="57251">Dilophosaurus</List>
		<List recon_name="Ceratosaurus_nasicornis" recon_no="54165">Ceratosaurus</List>
		<List recon_name="Velocisaurus_unicus,Ligabueino_andesi,Abelisaurus_comahuensis,Carnotaurus_sastrei,Genusaurus_sisteronis,Ilokelesia_aguadagrandensis,Indosuchus_raptorius,Majungatholus_atopus,Masiakasaurus_knopfleri,Noasaurus_leali,Xenotarsosaurus_bonapartei" recon_no="64902;54537;53945;54526;56392;54532;53958;56395;56389;54534;56394">Abelisauroidea</List>
		<List recon_name="Elaphrosaurus_bambergi" recon_no="55481">Elaphrosaurus</List>
		<List recon_name="Piatnitzkysaurus_floresi" recon_no="54827">Piatnitzky</List>
		<List recon_name="Szechuanosaurus_zigongensis" recon_no="143665">S_zigongensis</List>
		<List recon_name="Angaturama_limai,Baryonyx_walkeri,Irritator_challengeri,Spinosaurus_aegyptiacus,Suchomimus_tenerensis" recon_no="64276;53370;64273;53372;53368">Spinosauroidea</List>
		<List recon_name="Monolophosaurus_jiangi" recon_no="64122">Monolopho</List>
		<List recon_name="Neovenator_salerii" recon_no="64120">Neovenator</List>
		<List recon_name="Siamotyrannus_isanensis" recon_no="56421">Siamotyrannus</List>
		<List recon_name="Allosaurus_fragilis" recon_no="52962">Allosaurus</List>
		<List recon_name="Acrocanthosaurus_atokensis,Carcharodontosaurus_saharicus,Giganotosaurus_carolinii" recon_no="55482;65365;54541">Carcharodont</List>
		<List recon_name="Sinraptor_dongi,Sinraptor_hepingensis,Yangchuanosaurus_magnus,Yangchuanosaurus_shangyouensis" recon_no="54821;54824;54825;54826">Sinraptoridae</List>
		<List recon_name="Tugulusaurus_faciles" recon_no="65209">Tugulusaurus</List>
		<List recon_name="Chilantaisaurus_maortuensis" recon_no="65685">C_maortuensis</List>
		<List recon_name="Coelurus_fragilis" recon_no="52986">Coelurus</List>
		<List recon_name="Sinosauropteryx_prima" recon_no="54549">Sinosauro</List>
		<List recon_name="Ornitholestes_hermanni" recon_no="55484">Ornitholestes</List>
		<List recon_name="Tanycolagreus_topwilsoni" recon_no="68260">Tanycolagreus</List>
		<List recon_name="Deinocheirus_mirificus,Garudimimus_brevipes,Harpymimus_okladnikovi,Pelecanimimus_polyodon,Anserimimus_planinychus,Archaeornithomimus_asiaticus,Dromiceiomimus_brevitertius,Dromiceiomimus_samueli,Gallimimus_bullatus,Ornithomimus_edmontonicus,Ornithomimus_velox,Struthiomimus_altus" recon_no="57246;57267;66670;64118;66672;57276;66907;57272;57265;63438;57269;57266">Ornithomimo</List>
		<List recon_name="Bagaraatan_ostromi" recon_no="57249">Bagaraatan</List>
		<List recon_name="Microvenator_celer,Caudipteryx_zoui,Avimimus_portentosus,Unenlagia_comahuensis,Archaeopteryx_lithographica,Confuciusornis_sanctus,Hesperornis_regalis,Ichthyornis_dispar,Rahonavis_ostromi,Adasaurus_mongoliensis,Bambiraptor_feinbergi,Deinonychus_antirrhopus,Dromaeosaurus_albertensis,Hulsanpes_perlei,Megaraptor_namunhaiquii,Microraptor_zhaoianus,Saurornitholestes_langstoni,Sinornithosaurus_millenii,Utahraptor_ostrommaysi,Velociraptor_mongoliensis,Borogovia_gracilicrus,Byronosaurus_jaffei,Saurornithoides_junior,Saurornithoides_mongoliensis,Sinornithoides_youngi,Tochisaurus_nemegtensis,Troodon_formosus,Caenagnathasia_martinsoni,Chirostenotes_elegans,Chirostenotes_pergracilis,Elmisaurus_rarus,Citipati_osmolskae,Conchoraptor_gracilis,Ingenia_yanshini,Khaan_mckennai,Nomingia_gobiensis,Oviraptor_mongoliensis,Oviraptor_philoceratops" recon_no="65860;66066;55489;65422;55487;67261;96488;54877;64133;57261;82048;54555;54550;67680;99173;68239;54556;68205;66450;54554;64791;57020;57262;54470;64145;66620;54818;54543;68395;54561;54560;57024;67259;57022;57026;67257;57021;55488">Maniraptora</List>
		<List recon_name="Dilong_paradoxus" recon_no="58836">Dilong</List>
		<List recon_name="Guanlong_wucaii" recon_no="71191">Guanlong</List>
		<List recon_name="Proceratosaurus_bradleyi" recon_no="66979">Procerato</List>
		<List recon_name="Stokesosaurus_clevelandi" recon_no="64493">Stokesosaurus</List>
		<List recon_name="Tyrannosaurus_rex" recon_no="54833">Tyrannos</List>
		<List recon_name="Compsognathus_longipes" recon_no="53007">Compsognathus</List>
		<List recon_name="Mirischia_asymmetrica" recon_no="58896">Mirischia</List>
	</Taxa>
	<Characters>
		<Molecular/>
		<Morphological number="206">
			<Type>Osteology</Type>
		</Morphological>
		<Behavioural/>
		<Other/>
	</Characters>
	<Analysis>
		<Type>Maximum Parsimony</Type>
	</Analysis>
	<Notes>Based on reanalysis of the original matrix.</Notes>
	<Filename>Rauhut_etal_2010a</Filename>
	<Parent>Rauhut_2003a</Parent>
	<Sibling/>
</SourceTree>
