<?xml version="1.0" standalone="yes"?>
<SourceTree>
	<Source>
		<Author>
			<List>Rauhut, O. W. M.</List>
			<List>Xu, X.</List>
		</Author>
		<Year>2005</Year>
		<Title>The small theropod dinosaurs <em>Tugulusaurus</em> and <em>Phaedrolosaurus</em> from the Early Cretaceous of Xinjiang, China</Title>
		<Journal>Journal of Vertebrate Paleontology</Journal>
		<Volume>25</Volume>
		<Pages>107-118</Pages>
		<Booktitle/>
		<Publisher/>
		<City/>
		<Editor/>
	</Source>
	<Taxa number="17">
		<List recon_name="Allosaurus_fragilis" recon_no="52962">Allosaurus</List>
		<List recon_name="Tugulusaurus_faciles" recon_no="65209">Tugulusaurus</List>
		<List recon_name="Coelurus_fragilis" recon_no="52986">Coelurus</List>
		<List recon_name="Compsognathus_longipes,Mirischia_asymmetrica,Sinosauropteryx_prima" recon_no="53007;58896;54549">Compsognathidae</List>
		<List recon_name="Nqwebasaurus_thwazi" recon_no="66506">Nqwebasaurus</List>
		<List recon_name="Ornitholestes_hermanni" recon_no="55484">Ornitholestes</List>
		<List recon_name="Deinocheirus_mirificus,Garudimimus_brevipes,Harpymimus_okladnikovi,Pelecanimimus_polyodon,Anserimimus_planinychus,Archaeornithomimus_asiaticus,Dromiceiomimus_brevitertius,Dromiceiomimus_samueli,Gallimimus_bullatus,Ornithomimus_edmontonicus,Ornithomimus_velox,Struthiomimus_altus" recon_no="57246;57267;66670;64118;66672;57276;66907;57272;57265;63438;57269;57266">Ornithomimosauria</List>
		<List recon_name="Albertosaurus_sarcophagus,Alectrosaurus_olseni,Alioramus_remotus,Aublysodon_mirandus,Aublysodon_molnari,Daspletosaurus_torosus,Gorgosaurus_libratus,Maleevosaurus_novojilovi,Shanshanosaurus_huoyanshanensis,Tarbosaurus_bataar,Tyrannosaurus_rex" recon_no="56319;57253;57259;54134;99205;57258;53194;63709;54551;57254;54833">Tyrannosauridae</List>
		<List recon_name="Archaeopteryx_lithographica,Confuciusornis_sanctus,Hesperornis_regalis,Ichthyornis_dispar,Rahonavis_ostromi" recon_no="55487;67261;96488;54877;64133">Aves</List>
		<List recon_name="Adasaurus_mongoliensis,Bambiraptor_feinbergi,Deinonychus_antirrhopus,Dromaeosaurus_albertensis,Hulsanpes_perlei,Megaraptor_namunhaiquii,Microraptor_zhaoianus,Saurornitholestes_langstoni,Sinornithosaurus_millenii,Utahraptor_ostrommaysi,Velociraptor_mongoliensis" recon_no="57261;82048;54555;54550;67680;99173;68239;54556;68205;66450;54554">Dromaeosauridae</List>
		<List recon_name="Borogovia_gracilicrus,Byronosaurus_jaffei,Saurornithoides_junior,Saurornithoides_mongoliensis,Sinornithoides_youngi,Tochisaurus_nemegtensis,Troodon_formosus" recon_no="64791;57020;57262;54470;64145;66620;54818">Troodontidae</List>
		<List recon_name="Bagaraatan_ostromi" recon_no="57249">Bagaraatan</List>
		<List recon_name="Xinjiangovenator_parvus" recon_no="65211">Xinjiangovenator</List>
		<List recon_name="Caenagnathasia_martinsoni,Chirostenotes_elegans,Chirostenotes_pergracilis,Elmisaurus_rarus,Citipati_osmolskae,Conchoraptor_gracilis,Ingenia_yanshini,Khaan_mckennai,Nomingia_gobiensis,Oviraptor_mongoliensis,Oviraptor_philoceratops" recon_no="54543;68395;54561;54560;57024;67259;57022;57026;67257;57021;55488">Oviraptorosauria</List>
		<List recon_name="Alxasaurus_elesitaiensis,Beipiaosaurus_inexpectus,Enigmosaurus_mongoliensis,Erlikosaurus_andrewsi,Nanshiungosaurus_bohlini,Nanshiungosaurus_brevispinus,Nothronychus_mckinleyi,Segnosaurus_galbinensis,Therizinosaurus_cheloniformis" recon_no="64126;68241;68385;66667;58885;54832;66508;66664;66673">Therizinosauroidea</List>
		<List recon_name="Ceratosaurus_nasicornis" recon_no="54165">Ceratosaurus</List>
		<List recon_name="Dilophosaurus_wetherilli" recon_no="57251">Dilophosaurus</List>
	</Taxa>
	<Characters>
		<Molecular/>
		<Morphological number="136">
			<Type>Osteology</Type>
		</Morphological>
		<Behavioural/>
		<Other/>
	</Characters>
	<Analysis>
		<Type>Maximum Parsimony</Type>
	</Analysis>
	<Notes>Based on reanalysis of the original matrix.</Notes>
	<Filename>Rauhut_et_Xu_2005a</Filename>
	<Parent/>
	<Sibling/>
</SourceTree>
