<?xml version="1.0" standalone="yes"?>
<SourceTree>
	<Source>
		<Author>
			<List>Riga, B. J. G.</List>
			<List>Previtera, E.</List>
			<List>Pirrone, C. A.</List>
		</Author>
		<Year>2009</Year>
		<Title><em>Malarguesaurus florenciae</em> gen. et sp. nov., a new titanosauriform (Dinosauria, Sauropoda) from the Upper Cretaceous of Mendoza, Argentina</Title>
		<Journal>Cretaceous Research</Journal>
		<Volume>30</Volume>
		<Pages>135-148</Pages>
		<Booktitle/>
		<Publisher/>
		<City/>
		<Editor/>
	</Source>
	<Taxa number="23">
		<List recon_name="Camarasaurus_grandis" recon_no="67181">Camarasaurus</List>
		<List recon_name="Brachiosaurus_altithorax" recon_no="54864">Brachiosaurus</List>
		<List recon_name="Euhelopus_zdanskyi" recon_no="54868">Euhelopus</List>
		<List recon_name="Chubutisaurus_insignis" recon_no="53963">Chubutisaurus</List>
		<List recon_name="Phuwiangosaurus_sirindhornae" recon_no="56410">Phuwiangosaurus</List>
		<List recon_name="Ligabuesaurus_leanzai" recon_no="81715">Ligabuesaurus</List>
		<List recon_name="Malarguesaurus_florenciae" recon_no="140854">Malarguesaurus</List>
		<List recon_name="Andesaurus_delgadoi" recon_no="58918">Andesaurus</List>
		<List recon_name="Malawisaurus_dixeyi" recon_no="57458">Malawisaurus</List>
		<List recon_name="Mendozasaurus_neguyelap" recon_no="55584">Mendozasaurus</List>
		<List recon_name="Futalognkosaurus_dukei" recon_no="109005">Futalognkosaurus</List>
		<List recon_name="Epachthosaurus_sciuttoi" recon_no="57467">Epachthosaurus</List>
		<List recon_name="Rapetosaurus_krausei" recon_no="57533">Rapetosaurus</List>
		<List recon_name="Lirainosaurus_astibiae" recon_no="65827">Lirainosaurus</List>
		<List recon_name="Opisthocoelicaudia_skarzynskii" recon_no="57335">Opisthocoelicaudia</List>
		<List recon_name="Alamosaurus_sanjuanensis" recon_no="63399">Alamosaurus</List>
		<List recon_name="Rinconsaurus_caudamirus" recon_no="68592">Rinconsaurus</List>
		<List recon_name="Muyelensaurus_pecheni" recon_no="122472">Muyellensaurus</List>
		<List recon_name="Gondwanatitan_faustoi" recon_no="66574">Gondwanatitan</List>
		<List recon_name="Aeolosaurus_rionegrinus" recon_no="58847">Aeolosaurus</List>
		<List recon_name="Neuquensaurus_australis" recon_no="64315">Neuquensaurus</List>
		<List recon_name="Saltasaurus_loricatus" recon_no="58838">Saltasaurus</List>
		<List recon_name="Rocasaurus_muniozi" recon_no="66613">Rocasaurus</List>
	</Taxa>
	<Characters>
		<Molecular/>
		<Morphological number="102">
			<Type>Osteology</Type>
		</Morphological>
		<Behavioural/>
		<Other/>
	</Characters>
	<Analysis>
		<Type>Maximum Parsimony</Type>
	</Analysis>
	<Notes>Based on reanalysis of the original matrix.</Notes>
	<Filename>Riga_etal_2009a</Filename>
	<Parent/>
	<Sibling/>
</SourceTree>
