<?xml version="1.0" standalone="yes"?>
<SourceTree>
	<Source>
		<Author>
			<List>Ruiz-Omenaca, J. I.</List>
			<List>Canudo, J. I.</List>
			<List>Cuenca-Bescos, G.</List>
		</Author>
		<Year>1997</Year>
		<Title>Primera cita de dinosaurios barionicidos (Saurischia: Theropoda) en el Barremiense superior (Cretacico inferior) de Vallipon (Castellote, Teruel)</Title>
		<Journal>Beca del Museo de Mas de las Matas</Journal>
		<Volume> Ano 1997</Volume>
		<Pages>201-223</Pages>
		<Booktitle/>
		<Publisher/>
		<City/>
		<Editor/>
	</Source>
	<Taxa number="13">
		<List recon_name="Spinosauridae_indet_MNHN_GDF_365" recon_no="38595">Baryonyx_sp_adult</List>
		<List recon_name="Baryonyx_walkeri" recon_no="53370">Baryonyx_walkeri</List>
		<List recon_name="cf_Baryonyx_sp_IWCMS_3642and5120and5122and1995_207and1995_208and1995_209" recon_no="58891">cf_Baryonyx</List>
		<List recon_name="DELETE" recon_no="0">Baryonyx_sp_juvenile</List>
		<List recon_name="Baryonychinae_indet_MPZ_98_59to61" recon_no="53369">Baryonychidae_indet</List>
		<List recon_name="Siamosaurus_suteethorni" recon_no="56419">Siamosaurus_suteethorni</List>
		<List recon_name="DELETE" recon_no="0">Spinosauridae</List>
		<List recon_name="Spinosaurus_sp_RH_45_locality_teeth" recon_no="38598">Spinosaurus_sp</List>
		<List recon_name="Spinosaurus_cf_aegyptiacus_IMGP_969_3" recon_no="53372">Spinosaurus_cf_aegypticus</List>
		<List recon_name="Irritator_challengeri" recon_no="64273">Irritator_challengeri</List>
		<List recon_name="Angaturama_limai" recon_no="64276">Angaturama_limai</List>
		<List recon_name="Spinosauridae_indet_LINHM_001and002" recon_no="38595">Spinosauridae_indet</List>
		<List recon_name="Spinosaurus_aegyptiacus" recon_no="53372">Spinosaurus_aegypticus</List>
	</Taxa>
	<Characters>
		<Molecular/>
		<Morphological number="3">
			<Type>Osteology</Type>
		</Morphological>
		<Behavioural/>
		<Other/>
	</Characters>
	<Analysis>
		<Type>Maximum Parsimony</Type>
	</Analysis>
	<Notes>Based on reanalysis of the original matrix.</Notes>
	<Filename>Ruiz-Omenaca_etal_1997a</Filename>
	<Parent/>
	<Sibling/>
</SourceTree>
