<?xml version="1.0" standalone="yes"?>
<SourceTree>
	<Source>
		<Author>
			<List>Russell, D. A.</List>
			<List>Zheng, Z.</List>
		</Author>
		<Year>1993</Year>
		<Title>A large mamenchisaurid from the Junggar Basin, Xinjiang, People's Republic of China</Title>
		<Journal>Canadian Journal of Earth Sciences</Journal>
		<Volume> 10-11</Volume>
		<Pages>2082-2095</Pages>
		<Booktitle/>
		<Publisher/>
		<City/>
		<Editor/>
	</Source>
	<Taxa number="9">
		<List recon_name="Plateosaurus_engelhardti" recon_no="56683">Plateosaurus</List>
		<List recon_name="Shunosaurus_lii" recon_no="56457">Shunosaurus</List>
		<List recon_name="Mamenchisaurus_hochuanensis,Mamenchisaurus_sinocanadorum" recon_no="56463;56541">Mamenchisaurus</List>
		<List recon_name="Omeisaurus_junghsiensis,Omeisaurus_tianfuensis" recon_no="56461;56462">Omeisaurus</List>
		<List recon_name="Dicraeosaurus_hansemanni,Dicraeosaurus_sattleri" recon_no="65941;65942">Dicraeosaurus</List>
		<List recon_name="Apatosaurus_ajax,Apatosaurus_louisae,Diplodocus_longus" recon_no="52958;57752;52920">Apatosaurus</List>
		<List recon_name="Camarasaurus_grandis" recon_no="67181">Camarasaurus</List>
		<List recon_name="Euhelopus_zdanskyi" recon_no="54868">Euhelopus</List>
		<List recon_name="Brachiosaurus_altithorax" recon_no="54864">Brachiosaurus</List>
	</Taxa>
	<Characters>
		<Molecular/>
		<Morphological number="21">
			<Type>Osteology</Type>
		</Morphological>
		<Behavioural/>
		<Other/>
	</Characters>
	<Analysis>
		<Type>Maximum Parsimony</Type>
	</Analysis>
	<Notes>Based on reanalysis of the original matrix.</Notes>
	<Filename>Russell_et_Zheng_1993a</Filename>
	<Parent/>
	<Sibling/>
</SourceTree>
