<?xml version="1.0" standalone="yes"?>
<SourceTree>
	<Source>
		<Author>
			<List>Russell, D. A.</List>
			<List>Dong, Z.-M.</List>
		</Author>
		<Year>1993</Year>
		<Title>The affinities of a new theropod from the Alxa Desert, Inner Mongolia, People's Republic of China</Title>
		<Journal>Canadian Journal of Earth Sciences</Journal>
		<Volume> 10-11</Volume>
		<Pages>2101-2127</Pages>
		<Booktitle/>
		<Publisher/>
		<City/>
		<Editor/>
	</Source>
	<Taxa number="11">
		<List recon_name="Plateosaurus_engelhardti" recon_no="56683">Plateosaurus</List>
		<List recon_name="Coelophysis_bauri" recon_no="55477">Coelophysis</List>
		<List recon_name="Baryonyx_walkeri" recon_no="53370">Baryonyx</List>
		<List recon_name="Yangchuanosaurus_shangyouensis" recon_no="54826">Yangchuanosaurus</List>
		<List recon_name="Allosaurus_fragilis" recon_no="52962">Allosaurus</List>
		<List recon_name="Adasaurus_mongoliensis,Deinonychus_antirrhopus,Dromaeosaurus_albertensis,Hulsanpes_perlei,Saurornitholestes_langstoni,Velociraptor_mongoliensis" recon_no="57261;54555;54550;67680;54556;54554">Dromaeosaurs</List>
		<List recon_name="Albertosaurus_sarcophagus,Daspletosaurus_torosus,Gorgosaurus_libratus,Tarbosaurus_bataar,Tyrannosaurus_rex" recon_no="56319;57258;53194;57254;54833">Tyrannosaurids</List>
		<List recon_name="Anserimimus_planinychus,Archaeornithomimus_asiaticus,Dromiceiomimus_brevitertius,Dromiceiomimus_samueli,Gallimimus_bullatus,Ornithomimus_edmontonensis,Ornithomimus_velox,Struthiomimus_altus" recon_no="66672;57276;66907;57272;57265;57270;57269;57266">Ornithomimids</List>
		<List recon_name="Chilantaisaurus_zheziangensis,Enigmosaurus_mongoliensis,Erlikosaurus_andrewsi,Nanshiungosaurus_brevispinus,Segnosaurus_galbinensis,Therizinosaurus_cheloniformis" recon_no="54837;68385;66667;54832;66664;66673">Therizinosauroids</List>
		<List recon_name="Caenagnathus_collinsi,Caenagnathus_sternbergi,Conchoraptor_gracilis,Ingenia_yanshini,Oviraptor_mongoliensis,Oviraptor_philoceratops" recon_no="54545;54547;67259;57022;57021;55488">Oviraptorosaurs</List>
		<List recon_name="Borogovia_gracilicrus,Saurornithoides_junior,Saurornithoides_mongoliensis,Sinornithoides_youngi,Tochisaurus_nemegtensis,Troodon_formosus" recon_no="64791;57262;54470;64145;66620;54818">Troodontids</List>
	</Taxa>
	<Characters>
		<Molecular/>
		<Morphological number="59">
			<Type>Osteology</Type>
		</Morphological>
		<Behavioural/>
		<Other/>
	</Characters>
	<Analysis>
		<Type>Maximum Parsimony</Type>
	</Analysis>
	<Notes>Based on reanalysis of the original matrix.</Notes>
	<Filename>Russell_et_Dong_1993a</Filename>
	<Parent/>
	<Sibling/>
</SourceTree>
