<?xml version="1.0" standalone="yes"?>
<SourceTree>
	<Source>
		<Author>
			<List>Ryan, M. J.</List>
			<List>Russell, A. P.</List>
		</Author>
		<Year>2005</Year>
		<Title>A new centrosaurine ceratopsid from the Oldman Formation of Alberta and its implications for centrosaurine taxonomy and systematics</Title>
		<Journal>Canadian Journal of Earth Sciences</Journal>
		<Volume>42</Volume>
		<Pages>1369-1387</Pages>
		<Booktitle/>
		<Publisher/>
		<City/>
		<Editor/>
	</Source>
	<Taxa number="10">
		<List recon_name="Protoceratops_andrewsi" recon_no="52824">Protoceratops</List>
		<List recon_name="Zuniceratops_christopheri" recon_no="66591">Zuniceratops</List>
		<List recon_name="Anchiceratops_ornatus,Chasmosaurus_belli,Chasmosaurus_irvinensis,Chasmosaurus_russelli,Triceratops_horridus,Triceratops_prorsus" recon_no="63447;66019;64731;66020;63759;63770">Chasmosaurine</List>
		<List recon_name="Centrosaurus_apertus" recon_no="63911">Centrosaurus_apertus</List>
		<List recon_name="Centrosaurus_brinkmani" recon_no="81008">C_brinkmani</List>
		<List recon_name="Styracosaurus_albertensis" recon_no="56144">Styracosaurus</List>
		<List recon_name="Einiosaurus_procurvicornis" recon_no="53954">Einiosaurus</List>
		<List recon_name="Achelousaurus_horneri" recon_no="53955">Achelosaurus</List>
		<List recon_name="Pachyrhinosaurus_lakustai" recon_no="167138">Pachyrhinosaurus_nsp</List>
		<List recon_name="Pachyrhinosaurus_canadensis" recon_no="66023">P_canadensis</List>
	</Taxa>
	<Characters>
		<Molecular/>
		<Morphological number="17">
			<Type>Osteology</Type>
		</Morphological>
		<Behavioural/>
		<Other/>
	</Characters>
	<Analysis>
		<Type>Maximum Parsimony</Type>
	</Analysis>
	<Notes>Based on reanalysis of the original matrix.</Notes>
	<Filename>Ryan_et_Russell_2005ab</Filename>
	<Parent/>
	<Sibling>Ryan_et_Russell_2005aa</Sibling>
</SourceTree>
