<?xml version="1.0" standalone="yes"?>
<SourceTree>
	<Source>
		<Author>
			<List>Sadleir, R, Barrett, P. M.</List>
			<List>Powell, H. P.</List>
		</Author>
		<Year>2008</Year>
		<Title>The anatomy and systematics of <em>Eustreptospondylus oxoniensis</em>, a theropod dinosaur from the Middle Jurassic of Oxfordshire</Title>
		<Journal>Monograph of the Palaeontographical Society</Journal>
		<Volume>627</Volume>
		<Pages>1-82</Pages>
		<Booktitle/>
		<Publisher/>
		<City/>
		<Editor/>
	</Source>
	<Taxa number="76">
		<List recon_name="Herrerasaurus_ischigualastensis,Staurikosaurus_pricei" recon_no="55000;55001">Herrerasauridae</List>
		<List recon_name="Ceratosaurus_nasicornis" recon_no="54165">Ceratosaurus</List>
		<List recon_name="Abelisaurus_comahuensis" recon_no="53945">Abelisaurus</List>
		<List recon_name="Carnotaurus_sastrei" recon_no="54526">Carnotaurus</List>
		<List recon_name="Yangchuanosaurus_shangyouensis" recon_no="54826">Szechuanoraptor</List>
		<List recon_name="Megalosaurus_bucklandii" recon_no="53025">Megalosaurus</List>
		<List recon_name="Poekilopleuron_bucklandii" recon_no="65369">Poekilopleuron</List>
		<List recon_name="Torvosaurus_tanneri" recon_no="53375">Torvosaurus</List>
		<List recon_name="Lourinhanosaurus_antunesi" recon_no="65334">Lourinhanosaurus</List>
		<List recon_name="Monolophosaurus_jiangi" recon_no="64122">Monolophosaurus</List>
		<List recon_name="Sinraptor_dongi,Sinraptor_hepingensis,Yangchuanosaurus_magnus,Yangchuanosaurus_shangyouensis" recon_no="54821;54824;54825;54826">Sinraptoridae</List>
		<List recon_name="Allosaurus_fragilis" recon_no="52962">Allosaurus</List>
		<List recon_name="Neovenator_salerii" recon_no="64120">Neovenator</List>
		<List recon_name="Acrocanthosaurus_atokensis" recon_no="55482">Acrocanthosaurus</List>
		<List recon_name="Carcharodontosaurus_saharicus" recon_no="65365">Carcharodontosaurus</List>
		<List recon_name="Giganotosaurus_carolinii" recon_no="54541">Giganotosaurus</List>
		<List recon_name="Nedcolbertia_justinhoffmanni" recon_no="66845">Nedcolbertia</List>
		<List recon_name="Nqwebasaurus_thwazi" recon_no="66506">Nqwebasaurus</List>
		<List recon_name="Scipionyx_samniticus" recon_no="57428">Scipionyx</List>
		<List recon_name="Bagaraatan_ostromi" recon_no="57249">Bagaraatan</List>
		<List recon_name="Dryptosaurus_aquilunguis" recon_no="53030">Dryptosaurus</List>
		<List recon_name="Stokesosaurus_clevelandi" recon_no="64493">Stokesosaurus</List>
		<List recon_name="Eotyrannus_lengi" recon_no="68317">Eotyrannus</List>
		<List recon_name="Albertosaurus_sarcophagus" recon_no="56319">Albertosaurus</List>
		<List recon_name="Alectrosaurus_olseni" recon_no="57253">Alectrosaurus</List>
		<List recon_name="Alioramus_remotus" recon_no="57259">Alioramus</List>
		<List recon_name="Appalachiosaurus_montgomeriensis" recon_no="65080">Appalachiosaurus</List>
		<List recon_name="Gorgosaurus_libratus" recon_no="53194">Gorgosaurus</List>
		<List recon_name="Daspletosaurus_torosus" recon_no="57258">Daspletosaurus</List>
		<List recon_name="Tarbosaurus_bataar" recon_no="57254">Tarbosaurus</List>
		<List recon_name="Tyrannosaurus_rex" recon_no="54833">Tyrannosaurus</List>
		<List recon_name="Coelurus_fragilis" recon_no="52986">Coelurus</List>
		<List recon_name="Alvarezsaurus_calvoi" recon_no="64775">Alvarezsaurus</List>
		<List recon_name="Mononykus_olecranus,Shuvuuia_deserti" recon_no="67288;66044">Mononykinae</List>
		<List recon_name="Patagonykus_puertai" recon_no="64773">Patagonykus</List>
		<List recon_name="Protarchaeopteryx_robusta" recon_no="66068">Protarchaeopteryx</List>
		<List recon_name="Archaeopteryx_lithographica" recon_no="55487">Archaeopteryx</List>
		<List recon_name="Rahonavis_ostromi" recon_no="64133">Rahonavis</List>
		<List recon_name="Confuciusornis_sanctus" recon_no="67261">Confuciusornis</List>
		<List recon_name="Alexornis_antecedens,Ambiortus_dementjevi,Apatornis_celer,Apsaravis_ukhaana,Asiahesperornis_bazhanovi,Avisaurus_archibaldi,Avisaurus_gloriae,Baptornis_advenus,Boluochia_zhengi,Cathayornis_yandica,Chaoyangia_beishanensis,Concornis_lacustris,Coniornis_altus,Enaliornis_barretti,Enaliornis_sedgwicki,Enantiornis_leali,Enantiornis_martini,Enantiornis_walkeri,Eoalulavis_hoyasi,Eocathayornis_walkeri,Eoenantiornis_buhleri,Gansus_yumenensis,Gargantuavis_philoinos,Gobipteryx_minuta,Gurilynia_nessovi,Halimornis_thompsoni,Hesperornis_crassipes,Hesperornis_gracilis,Hesperornis_regalis,Horezmavis_eocretacea,Iberomesornis_romerali,Ichthyornis_dispar,Judinornis_nogontsavensis,Kizylkumavis_cretacea,Kuszholia_mengi,Lectavis_bretincola,Lenesornis_maltshevskyi,Liaoningornis_longidigitris,Limenavis_patagonica,Nanantius_eos,Neuquenornis_volans,Noguerornis_gonzalezi,Otogornis_genghisi,Parahesperornis_alexi,Pasquiaornis_hardiei,Pasquiaornis_tankei,Patagopteryx_deferrariisi,Potamornis_skutchi,Protopteryx_fengningensis,Sazavis_prisca,Sinornis_santensis,Soroavisaurus_australis,Vorona_berivotrensis,Yungavolucris_brevipedalis,Zhyraornis_kashkarovi,Zhyraornis_logunovi" recon_no="53319;137395;118781;58898;120326;64064;66860;52957;119289;137353;137355;100984;96487;67052;137414;53307;194800;194796;65829;137351;119311;82617;65146;57334;296022;122607;118777;118790;96488;347469;65831;54877;347467;70298;322036;100986;71345;137402;134885;81247;100989;137424;137493;137277;67792;67793;68529;134353;91349;137281;137389;100991;64129;100988;70296;137282">Ornithothoraces</List>
		<List recon_name="Bambiraptor_feinbergi" recon_no="82048">Bambiraptor</List>
		<List recon_name="Sinornithosaurus_millenii" recon_no="68205">Sinornithosaurus</List>
		<List recon_name="Velociraptor_mongoliensis" recon_no="54554">Velociraptor</List>
		<List recon_name="Deinonychus_antirrhopus" recon_no="54555">Deinonychus</List>
		<List recon_name="Dromaeosaurus_albertensis" recon_no="54550">Dromaeosaurus</List>
		<List recon_name="Sinovenator_changii" recon_no="64889">Sinovenator</List>
		<List recon_name="Sinornithoides_youngi" recon_no="64145">Sinornithoides</List>
		<List recon_name="Saurornithoides_mongoliensis,Troodon_formosus" recon_no="54470;54818">Troodon_et_Saurornithoides</List>
		<List recon_name="Nothronychus_mckinleyi" recon_no="66508">Nothronychus</List>
		<List recon_name="Beipiaosaurus_inexpectus" recon_no="68241">Beipiaosaurus</List>
		<List recon_name="Erlikosaurus_andrewsi" recon_no="66667">Erlikosaurus</List>
		<List recon_name="Caudipteryx_zoui" recon_no="66066">Caudipteryx</List>
		<List recon_name="Chirostenotes_pergracilis" recon_no="54561">Chirostenotes</List>
		<List recon_name="Khaan_mckennai" recon_no="57026">Khaan</List>
		<List recon_name="Oviraptor_philoceratops" recon_no="55488">Oviraptor</List>
		<List recon_name="Harpymimus_okladnikovi" recon_no="66670">Harpymimus</List>
		<List recon_name="Pelecanimimus_polyodon" recon_no="64118">Pelecanimimus</List>
		<List recon_name="Garudimimus_brevipes" recon_no="57267">Garudimimus</List>
		<List recon_name="Anserimimus_planinychus,Archaeornithomimus_asiaticus,Gallimimus_bullatus,Ornithomimus_edmontonicus,Struthiomimus_altus" recon_no="66672;57276;57265;63438;57266">Ornithomiminae</List>
		<List recon_name="Xuanhanosaurus_qilixiaensis" recon_no="52767">Xuanhanosaurus</List>
		<List recon_name="Ornitholestes_hermanni" recon_no="55484">Ornitholestes</List>
		<List recon_name="Proceratosaurus_bradleyi" recon_no="66979">Proceratosaurus</List>
		<List recon_name="Compsognathus_longipes" recon_no="53007">Compsognathus</List>
		<List recon_name="Sinosauropteryx_prima" recon_no="54549">Sinosauropteryx</List>
		<List recon_name="Fukuiraptor_kitadaniensis" recon_no="66357">Fukuiraptor</List>
		<List recon_name="Siamotyrannus_isanensis" recon_no="56421">Siamotyrannus</List>
		<List recon_name="Afrovenator_abakensis" recon_no="56399">Afrovenator</List>
		<List recon_name="Piatnitzkysaurus_floresi" recon_no="54827">Piatnitzkysaurus</List>
		<List recon_name="Poekilopleuron_valesdunensis" recon_no="68129">P_valesdunensis</List>
		<List recon_name="Eustreptospondylus_oxoniensis" recon_no="53377">Eustreptospondylus</List>
		<List recon_name="Baryonyx_walkeri" recon_no="53370">Baryonychinae</List>
		<List recon_name="Irritator_challengeri" recon_no="64273">Irritator</List>
		<List recon_name="Spinosaurus_aegyptiacus" recon_no="53372">Spinosaurus</List>
		<List recon_name="Dilophosaurus_wetherilli" recon_no="57251">Dilophosaurus</List>
		<List recon_name="Coelophysis_bauri,Segisaurus_halli,Syntarsus_kayentakatae,Syntarsus_rhodesiensis" recon_no="55477;55543;55540;55541">Coelophysidae</List>
		<List recon_name="Elaphrosaurus_bambergi" recon_no="55481">Elaphrosaurus</List>
	</Taxa>
	<Characters>
		<Molecular/>
		<Morphological number="638">
			<Type>Osteology</Type>
		</Morphological>
		<Behavioural/>
		<Other/>
	</Characters>
	<Analysis>
		<Type>Maximum Parsimony</Type>
	</Analysis>
	<Notes>Based on reanalysis of the original matrix.</Notes>
	<Filename>Sadleir_etal_2008ab</Filename>
	<Parent>Holtz_etal_2004a</Parent>
	<Sibling/>
</SourceTree>
