<?xml version="1.0" standalone="yes"?>
<SourceTree>
	<Source>
		<Author>
			<List>Salgado, L.</List>
			<List>de Sousa Carvalho, I.</List>
			<List>Garrido, A. C.</List>
		</Author>
		<Year>2006</Year>
		<Title><em>Zapalasaurus bonapartei</em>, a new sauropod dinosaur from La Amarga Formation (Lower Cretaceous), northwestern Patagonia, Neuquen Province, Argentina</Title>
		<Journal>Geobios</Journal>
		<Volume>39</Volume>
		<Pages>695-707</Pages>
		<Booktitle/>
		<Publisher/>
		<City/>
		<Editor/>
	</Source>
	<Taxa number="14">
		<List recon_name="Jobaria_tiguidensis" recon_no="57436">Jobaria</List>
		<List recon_name="Alamosaurus_sanjuanensis,Andesaurus_delgadoi,Brachiosaurus_altithorax,Camarasaurus_grandis,Lapparentosaurus_madagascariensis,Malawisaurus_dixeyi,Opisthocoelicaudia_skarzynskii,Phuwiangosaurus_sirindhornae,Saltasaurus_loricatus" recon_no="63399;58918;54864;67181;66496;57458;57335;56410;58838">CAMARASAUROMORPHA</List>
		<List recon_name="Haplocanthosaurus_delfsi,Haplocanthosaurus_priscus" recon_no="66582;64504">Haplocanthosaurus</List>
		<List recon_name="Zapalasaurus_bonapartei" recon_no="89457">Zapalasaurus</List>
		<List recon_name="Limaysaurus_tessonei" recon_no="63874">Limaysaurus</List>
		<List recon_name="Nigersaurus_taqueti" recon_no="57367">Nigersaurus</List>
		<List recon_name="Rebbachisaurus_garasbae" recon_no="65368">Rebbachisaurus</List>
		<List recon_name="Amazonsaurus_maranhensis" recon_no="89459">Amazonsaurus</List>
		<List recon_name="Suuwassea_emilieae" recon_no="57364">Suuwassea</List>
		<List recon_name="Dicraeosaurus_hansemanni" recon_no="65941">Dicraeosaurus</List>
		<List recon_name="Amargasaurus_cazaui" recon_no="53962">Amargasaurus</List>
		<List recon_name="Apatosaurus_ajax" recon_no="52958">Apatosaurus</List>
		<List recon_name="Diplodocus_longus" recon_no="52920">Diplodocus</List>
		<List recon_name="Barosaurus_lentus" recon_no="54166">Barosaurus</List>
	</Taxa>
	<Characters>
		<Molecular/>
		<Morphological number="37">
			<Type>Osteology</Type>
		</Morphological>
		<Behavioural/>
		<Other/>
	</Characters>
	<Analysis>
		<Type>Maximum Parsimony</Type>
	</Analysis>
	<Notes>Based on reanalysis of the original matrix.</Notes>
	<Filename>Salgado_etal_2006a</Filename>
	<Parent>Wilson_2002a</Parent>
	<Sibling/>
</SourceTree>
