<?xml version="1.0" standalone="yes"?>
<SourceTree>
	<Source>
		<Author>
			<List>Sampson, S. D.</List>
		</Author>
		<Year>1995</Year>
		<Title>Two new horned dinosaurs from the Upper Cretaceous Two Medicine Formation of Montana; with a phylogenetic analysis of the Centrosaurinae (Ornithischia: Ceratopsidae)</Title>
		<Journal>Journal of Vertebrate Paleontology</Journal>
		<Volume>15</Volume>
		<Pages>743-760</Pages>
		<Booktitle/>
		<Publisher/>
		<City/>
		<Editor/>
	</Source>
	<Taxa number="9">
		<List recon_name="DELETE" recon_no="0">Ancestor</List>
		<List recon_name="Protoceratops_andrewsi" recon_no="52824">Protoceratops</List>
		<List recon_name="Arrhinoceratops_brachyops,Chasmosaurus_belli,Chasmosaurus_canadensis,Chasmosaurus_mariscalensis,Chasmosaurus_russelli,Pentaceratops_sternbergii,Torosaurus_latus,Torosaurus_utahensis,Triceratops_horridus,Triceratops_prorsus" recon_no="63401;66019;63907;52772;66020;55033;63773;65132;63759;63770">Chasmosaurinae</List>
		<List recon_name="Centrosaurus_apertus" recon_no="63911">Centrosaurus</List>
		<List recon_name="Styracosaurus_albertensis" recon_no="56144">Styracosaurus</List>
		<List recon_name="Einiosaurus_procurvicornis" recon_no="53954">Einiosaurus</List>
		<List recon_name="Achelousaurus_horneri" recon_no="53955">Achelousaurus</List>
		<List recon_name="Pachyrhinosaurus_lakustai" recon_no="167138">P_species</List>
		<List recon_name="Pachyrhinosaurus_canadensis" recon_no="66023">P_canadensis</List>
	</Taxa>
	<Characters>
		<Molecular/>
		<Morphological number="17">
			<Type>Osteology</Type>
		</Morphological>
		<Behavioural/>
		<Other/>
	</Characters>
	<Analysis>
		<Type>Maximum Parsimony</Type>
	</Analysis>
	<Notes>Based on reanalysis of the original matrix.</Notes>
	<Filename>Sampson_1995a</Filename>
	<Parent/>
	<Sibling/>
</SourceTree>
