<?xml version="1.0" standalone="yes"?>
<SourceTree>
	<Source>
		<Author>
			<List>Sander, P. M.</List>
			<List>Mateus, O.</List>
			<List>Laven, T.</List>
			<List>Knotschke, N.</List>
		</Author>
		<Year>2006</Year>
		<Title>Bone histology indicates insular dwarfism in a new Late Jurassic sauropod dinosaur</Title>
		<Journal>Nature</Journal>
		<Volume>441</Volume>
		<Pages>739-741</Pages>
		<Booktitle/>
		<Publisher/>
		<City/>
		<Editor/>
	</Source>
	<Taxa number="13">
		<List recon_name="Herrerasaurus_ischigualastensis" recon_no="55000">Herrerasaurus</List>
		<List recon_name="Omeisaurus_junghsiensis,Omeisaurus_tianfuensis" recon_no="56461;56462">Omeisaurus</List>
		<List recon_name="Euhelopus_zdanskyi" recon_no="54868">Euhelopus</List>
		<List recon_name="Amargasaurus_cazaui,Apatosaurus_ajax,Apatosaurus_excelsus,Apatosaurus_louisae,Barosaurus_lentus,Dicraeosaurus_hansemanni,Dicraeosaurus_sattleri,Diplodocus_longus,Nemegtosaurus_mongoliensis,Quaesitosaurus_orientalis,Rayososaurus_agrioensis" recon_no="53962;52958;56547;57752;54166;65941;65942;52920;54841;66618;71351">Diplodocoidea</List>
		<List recon_name="Atlasaurus_imelakei" recon_no="63744">Atlasaurus</List>
		<List recon_name="Camarasaurus_grandis" recon_no="67181">Camarasaurus</List>
		<List recon_name="Europasaurus_holgeri" recon_no="81697">Europasaurus</List>
		<List recon_name="Brachiosaurus_altithorax" recon_no="54864">Brachiosaurus</List>
		<List recon_name="Cedarosaurus_weiskopfae" recon_no="64906">Cedarosaurus</List>
		<List recon_name="Lapparentosaurus_madagascariensis" recon_no="66496">Lapparentosaurus</List>
		<List recon_name="Phuwiangosaurus_sirindhornae" recon_no="56410">Phuwiangosaurus</List>
		<List recon_name="Titanosauriformes_indet_PR_977_and_SMU_61732" recon_no="57468">Pleurocoelus_dash_tex</List>
		<List recon_name="Alamosaurus_sanjuanensis,Austrosaurus_mckillopi,Gondwanatitan_faustoi,Lirainosaurus_astibiae,Malawisaurus_dixeyi,Opisthocoelicaudia_skarzynskii,Pellegrinisaurus_powelli,Saltasaurus_loricatus,Titanosaurus_colberti" recon_no="63399;55571;66574;65827;57458;57335;66269;58838;64311">higher_Titanosauria</List>
	</Taxa>
	<Characters>
		<Molecular/>
		<Morphological number="316">
			<Type>Osteology</Type>
		</Morphological>
		<Behavioural/>
		<Other/>
	</Characters>
	<Analysis>
		<Type>Maximum Parsimony</Type>
	</Analysis>
	<Notes>Based on reanalysis of the original matrix.</Notes>
	<Filename>Sander_etal_2006ac</Filename>
	<Parent>Upchurch_etal_2004b</Parent>
	<Sibling/>
</SourceTree>
