<?xml version="1.0" standalone="yes"?>
<SourceTree>
	<Source>
		<Author>
			<List>Santucci, R. M.</List>
		</Author>
		<Year>2008</Year>
		<Title>First titanosaur (Saurischia, Sauropoda) axial remains from the Uberaba Formation, Upper Cretaceous, Bauru Group, Brazil</Title>
		<Journal>Historical Biology</Journal>
		<Volume>20</Volume>
		<Pages>165-173</Pages>
		<Booktitle/>
		<Publisher/>
		<City/>
		<Editor/>
	</Source>
	<Taxa number="50">
		<List recon_name="Marasuchus_lilloensis" recon_no="66342">Marasuchus</List>
		<List recon_name="Pseudolagosuchus_major" recon_no="65486">Pseudolagosuchus</List>
		<List recon_name="Lesothosaurus_diagnosticus,Pisanosaurus_mertii,Technosaurus_smalli,Scutellosaurus_lawleri,Emausaurus_ernsti,Scelidosaurus_harrisonii,Abrictosaurus_consors,Echinodon_becklesii,Heterodontosaurus_tucki,Lycorhinus_angustidens,Agilisaurus_louderbacki,Anabisetia_saldiviai,Atlascopcosaurus_loadsi,Bugenasaura_infernalis,Drinker_nisti,Fulgurotherium_australe,Gasparinisaura_cincosaltensis,Hypsilophodon_foxii,Jeholosaurus_shangyuanensis,Leaellynasaura_amicagraphica,Notohypsilophodon_comodorensis,Orodromeus_makelai,Othnielia_rex,Parksosaurus_warreni,Qantassaurus_intrepidus,Thescelosaurus_neglectus,Yandusaurus_hongheensis,Zephyrosaurus_schaffi,Tenontosaurus_dossi,Tenontosaurus_tilletti,Rhabdodon_priscus,Rhabdodon_septimanicus,Zalmoxes_robustus,Zalmoxes_shqiperorum,Dryosaurus_altus,Dryosaurus_lettowvorbecki,Planicoxa_venenica,Valdosaurus_canaliculatus,Valdosaurus_nigeriensis,Camptosaurus_dispar,Camptosaurus_amplus,Camptosaurus_prestwichi,Camptosaurus_hoggi,Camptosaurus_depressus,Draconyx_loureiroi,Altirhinus_kurzanovi,Craspedodon_lonzeensis,Eolambia_caroljonesa,Equijubus_normani,Fukuisaurus_tetoriensis,Iguanodon_anglicus,Iguanodon_atherfieldensis,Iguanodon_bernissartensis,Iguanodon_dawsoni,Iguanodon_fittoni,Iguanodon_lakotaensis,Jinzhousaurus_yangi,Lurdusaurus_arenatus,Muttaburrasaurus_langdoni,Nanyangosaurus_zhugeii,Ouranosaurus_nigeriensis,Probactrosaurus_gobiensis,Probactrosaurus_alashanicus,Probactrosaurus_mazongshanensis,Protohadros_byrdi,Shuangmiaosaurus_gilmorei,Telmatosaurus_transsylvanicus,Bactrosaurus_johnsoni,Gilmoreosaurus_mongoliensis,Tanius_sinensis,Claosaurus_agilis,Secernosaurus_koerneri,Anasazisaurus_horneri,Aralosaurus_tuberiferus,Brachylophosaurus_canadensis,Edmontosaurus_regalis,Edmontosaurus_annectens,Edmontosaurus_saskatchewanensis,Gryposaurus_notabilis,Gryposaurus_incurvimanus,Gryposaurus_latidens,Hadrosaurus_foulkii,Lophorhothon_atopus,Maiasaura_peeblesorum,Naashoibitosaurus_ostromi,Prosaurolophus_blackfeetensis,Prosaurolophus_maximus,Saurolophus_osborni,Saurolophus_angustirostris,Shantungosaurus_giganteus,Amurosaurus_riabinini,Barsboldia_sicinskii,Charonosaurus_jiayinensis,Corythosaurus_casuarius,Hypacrosaurus_altispinus,Hypacrosaurus_stebingeri,Jaxartosaurus_aralensis,Lambeosaurus_lambei,Lambeosaurus_magnicristatus,Lambeosaurus_laticaudus,Nipponosaurus_sachalinensis,Olorotitan_arharensis,Parasaurolophus_cyrtocristatus,Parasaurolophus_tubicen,Parasaurolophus_walkeri,Tsintaosaurus_spinorhinus,Achelousaurus_horneri,Anchiceratops_ornatus,Archaeoceratops_oshimai,Arrhinoceratops_brachyops,Avaceratops_lammersi,Bagaceratops_rozhdestvenskyi,Brachyceratops_montanensis,Centrosaurus_apertus,Chaoyangsaurus_youngi,Chasmosaurus_belli,Chasmosaurus_irvinensis,Chasmosaurus_mariscalensis,Chasmosaurus_russelli,Diceratops_hatcheri,Einiosaurus_procurvicornis,Graciliceratops_mongoliensis,Leptoceratops_gracilis,Liaoceratops_yanzigouensis,Monoclonius_crassus,Montanoceratops_cerorhynchus,Pachyrhinosaurus_canadensis,Pentaceratops_sternbergii,Protoceratops_andrewsi,Protoceratops_hellenikorhinus,Psittacosaurus_guyangensis,Psittacosaurus_mazongshanensis,Psittacosaurus_meileyingensis,Psittacosaurus_mongoliensis,Psittacosaurus_neimongoliensis,Psittacosaurus_ordosensis,Psittacosaurus_osborni,Psittacosaurus_sinensis,Psittacosaurus_xinjiangensis,Psittacosaurus_youngi,Styracosaurus_albertensis,Torosaurus_latus,Triceratops_horridus,Udanoceratops_tschizhovi,Zuniceratops_christopheri,Goyocephale_lattimorei,Gravitholus_albertae,Homalocephale_calathocercos,Micropachycephalosaurus_hongtuyanensis,Ornatotholus_browni,Pachycephalosaurus_wyomingensis,Prenocephale_prenes,Sphaerotholus_buchholtzae,Sphaerotholus_goodwini,Stegoceras_edmontonense,Stegoceras_validum,Stenopelix_valdensis,Stygimoloch_spinifer,Tylocephale_gilmorei,Wannanosaurus_yansiensis,Yaverlandia_bitholus,Huayangosaurus_taibaii,Chialingosaurus_kuani,Chungkingosaurus_jiangbeiensis,Craterosaurus_pottonensis,Dacentrurus_armatus,Dravidosaurus_blanfordi,Hesperosaurus_mjosi,Kentrosaurus_aethiopicus,Lexovisaurus_durobrivensis,Monkonosaurus_lawulacus,Paranthodon_africanus,Stegosaurus_armatus,Stegosaurus_stenops,Stegosaurus_longispinus,Tuojiangosaurus_multispinus,Wuerhosaurus_homheni,Wuerhosaurus_ordosensis,Gargoyleosaurus_parkpinorum,Minmi_paravertebrata,Gastonia_burgei,Gobisaurus_domoculus,Shamosaurus_scutatus,Tsagantegia_longicranialis,Tarchia_gigantea,Saichania_chulsanensis,Talarurus_plicatospineus,Pinacosaurus_grangeri,Pinacosaurus_mephistocephalus,Tianzhenosaurus_youngi,Ankylosaurus_magniventris,Euoplocephalus_tutus,Nodocephalosaurus_kirtlandensis,Cedarpelta_bilbeyhallorum,Pawpawsaurus_campbelli,Sauropelta_edwardsorum,Silvisaurus_condrayi,Panoplosaurus_mirus,Edmontonia_longiceps,Edmontonia_rugosidens,Animantarx_ramaljonesi,Struthiosaurus_austriacus,Struthiosaurus_languedocensis,Struthiosaurus_transylvanicus,Crichtonsaurus_bohlini,Dracopelta_zbyszewskii,Hoplitosaurus_marshi,Hylaeosaurus_armatus,Mymoorapelta_maysi,Niobrarasaurus_coleii,Nodosaurus_textilis,Polacanthus_foxii,Polacanthus_rudgwickensis,Sarcolestes_leedsi,Stegopelta_landerensis,Texasetes_pleurohalio,Amtosaurus_magnus,Amtosaurus_archibaldi,Anoplosaurus_curtonotus,Liaoningosaurus_paradoxus" recon_no="57574;64409;67090;67088;64406;53042;52903;58901;52902;52899;57223;67279;57104;65024;57650;57105;65254;54190;68237;57102;86837;64338;64495;52894;66576;52897;52892;52889;67272;52887;66745;67672;66743;66744;54253;56515;66518;52886;64647;52880;65781;105927;92686;64513;65336;58903;66257;66500;58927;68189;66729;64255;58905;66721;64508;65389;90097;64411;64271;68243;52877;52878;58906;58883;64527;84662;68154;57344;64067;53379;63264;64065;66593;67547;65213;63254;64305;64304;63251;64298;57630;52812;67215;55574;66595;57631;53384;53386;64295;69513;64251;67253;64259;56403;56406;64339;65693;56724;65429;68200;56972;72095;66260;64355;63256;53387;53955;63447;55576;63401;55539;52826;63895;63911;55580;66019;64731;52772;66020;63890;53954;67674;52827;55582;54486;52830;66023;55033;52824;57342;65683;58884;65708;52831;64142;64143;65706;65705;65707;65946;56144;63773;63759;66585;66591;52838;56566;52836;54840;56568;52835;52833;67683;67682;56571;56570;65431;56577;66451;52840;56581;54858;56486;56487;56488;56505;56489;68159;56490;56501;65696;56497;52941;56491;56492;54854;56493;64144;82609;64270;63701;84235;52795;68199;52905;52910;52797;52911;57343;66504;52793;63917;68008;81294;55999;81248;52791;52788;63920;66027;63699;52792;64793;64748;84233;64525;57577;52782;57683;65208;52780;52785;66726;64524;63886;66852;57226;57227;56558;68245">Ornithischia</List>
		<List recon_name="Herrerasaurus_ischigualastensis" recon_no="55000">Herrerasaurus</List>
		<List recon_name="Szechuanosaurus_zigongensis,Xuanhanosaurus_qilixiaensis,Megalosaurus_bucklandii,Poekilopleuron_bucklandii,Torvosaurus_tanneri,Eustreptospondylus_oxoniensis,Afrovenator_abakensis,Piatnitzkysaurus_floresi,Baryonyx_walkeri,Suchomimus_tenerensis,Cristatusaurus_lapparenti,Spinosaurus_aegyptiacus,Spinosaurus_marrocanus,Irritator_challengeri,Angaturama_limai,Becklespinax_altispinax,Chilantaisaurus_tashuikouensis,Chilantaisaurus_sibiricus,Erectopus_sauvagei,Erectopus_superbus,Iliosuchus_incognitus,Kaijiangosaurus_lini,Kelmayisaurus_petrolicus,Magnosaurus_nethercombensis,Megalosaurus_hesperis,Metriacanthosaurus_parkeri,Piveteausaurus_divesensis,Rapator_ornitholestoides,Sigilmassasaurus_brevicollis,Streptospondylus_altdorfensis,Zanclodon_cambrensis,Lourinhanosaurus_antunesi,Monolophosaurus_jiangi,Cryolophosaurus_ellioti,Fukuiraptor_kitadaniensis,Siamotyrannus_isanensis,Sinraptor_dongi,Sinraptor_hepingensis,Yangchuanosaurus_shangyouensis,Yangchuanosaurus_magnus,Allosaurus_fragilis,Allosaurus_tendagurensis,Saurophaganax_maximus,Acrocanthosaurus_atokensis,Carcharodontosaurus_saharicus,Giganotosaurus_carolinii,Neovenator_salerii,Compsognathus_longipes,Sinosauropteryx_prima,Aristosuchus_pusillus,Nedcolbertia_justinhoffmanni,Scipionyx_samniticus,Proceratosaurus_bradleyi,Ornitholestes_hermanni,Nqwebasaurus_thwazi,Coelurus_fragilis,Archaeornithoides_deinosauriscus,Deltadromeus_agilis,Kakuru_kujani,Richardoestesia_gilmorei,Richardoestesia_isosceles,Tugulusaurus_faciles,Bahariasaurus_ingens,Gasosaurus_constructus,Marshosaurus_bicentesimus,Ozraptor_subotaii,Quilmesaurus_curriei,Shanyangosaurus_niupanggouensis,Valdoraptor_oweni,Dilophosaurus_wetherilli,Gojirasaurus_quayi,Liliensternus_liliensterni,Procompsognathus_triassicus,Segisaurus_halli,Coelophysis_bauri,Syntarsus_rhodesiensis,Syntarsus_kayentakatae,Camposaurus_arizonensis,Podokesaurus_holyokensis,Elaphrosaurus_bambergi,Ceratosaurus_nasicornis,Laevisuchus_indicus,Masiakasaurus_knopfleri,Noasaurus_leali,Velocisaurus_unicus,Xenotarsosaurus_bonapartei,Ilokelesia_aguadagrandensis,Abelisaurus_comahuensis,Majungatholus_athopus,Carnotaurus_sastrei,Aucasaurus_garridoi,Genusaurus_sisteronis,Indosaurus_matleyi,Indosuchus_raptorius,Ligabueino_andesi,Majungasaurus_crenatissimus,Sarcosaurus_woodi,Tarascosaurus_salluvicus,Bagaraatan_ostromi,Stokesosaurus_clevelandi,Dryptosaurus_aquilunguis,Eotyrannus_lengi,Albertosaurus_sarcophagus,Gorgosaurus_libratus,Daspletosaurus_torosus,Tarbosaurus_bataar,Tyrannosaurus_rex,Nanotyrannus_lancensis,Alectrosaurus_olseni,Alioramus_remotus,Itemirus_medullaris,Labocania_anomala,Santanaraptor_placidus,Beipiaosaurus_inexpectus,Alxasaurus_elesitaiensis,Enigmosaurus_mongoliensis,Erliansaurus_bellamanus,Erlikosaurus_andrewsi,Eshanosaurus_deguchiianus,Nanshiungosaurus_brevispinus,Nanshiungosaurus_bohlini,Nothronychus_mckinleyi,Segnosaurus_galbinensis,Therizinosaurus_cheloniformis,Neimongosaurus_yangi,Incisivosaurus_gauthieri,Avimimus_portentosus,Caudipteryx_dongi,Caudipteryx_zoui,Chirostenotes_elegans,Chirostenotes_pergracilis,Caenagnathasia_martinsoni,Nomingia_gobiensis,Oviraptor_philoceratops,Rinchenia_mongoliensis,Citipati_osmolskae,Heyuannia_huangi,Ingenia_yanshini,Conchoraptor_gracilis,Khaan_mckennai,Microvenator_celer,Elmisaurus_rarus,Pelecanimimus_polyodon,Shenzhousaurus_orientalis,Harpymimus_okladnikovi,Garudimimus_brevipes,Ornithomimus_velox,Ornithomimus_edmontonicus,Struthiomimus_altus,Archaeornithomimus_asiaticus,Gallimimus_bullatus,Sinornithomimus_dongi,Anserimimus_planinychus,Deinocheirus_mirificus,Troodon_formosus,Saurornithoides_mongoliensis,Saurornithoides_junior,Sinornithoides_youngi,Byronosaurus_jaffei,Borogovia_gracilicrus,Tochisaurus_nemegtensis,Sinovenator_changii,Achillobator_giganticus,Adasaurus_mongoliensis,Bambiraptor_feinbergi,Deinonychus_antirrhopus,Dromaeosaurus_albertensis,Microraptor_zhaoianus,Microraptor_gui,Saurornitholestes_langstoni,Sinornithosaurus_millenii,Utahraptor_ostrommaysi,Unenlagia_comahuensis,Velociraptor_mongoliensis,Euronychodon_portucalensis,Euronychodon_asiaticus,Hulsanpes_perlei,Megaraptor_namunhuaiquii,Pyroraptor_olympius,Unquillosaurus_ceibalii,Variraptor_mechinorum,Alvarezsaurus_calvoi,Mononykus_olecranus,Parvicursor_remotus,Patagonykus_puertai,Shuvuuia_deserti,Rahonavis_ostromi,Archaeopteryx_lithographica,Archaeopteryx_bavarica,Wellnhoferia_grandis,Changchengornis_hengdaoziensis,Confuciusornis_sanctus,Confuciusornis_dui,Jibeinia_luanhera,Alexornis_antecedens,Ambiortus_dementjevi,Apatornis_celer,Apsaravis_ukhaana,Asiahesperornis_bazhanovi,Avisaurus_archibaldi,Avisaurus_gloriae,Baptornis_advenus,Boluochia_zhengi,Cathayornis_yandica,Chaoyangia_beishanensis,Concornis_lacustris,Coniornis_altus,Enaliornis_barretti,Enaliornis_sedgwicki,Enantiornis_leali,Enantiornis_martini,Enantiornis_walkeri,Eoalulavis_hoyasi,Eocathayornis_walkeri,Eoenantiornis_buhleri,Gansus_yumenensis,Gargantuavis_philoinos,Gobipteryx_minuta,Gurilynia_nessovi,Halimornis_thompsoni,Hesperornis_crassipes,Hesperornis_gracilis,Hesperornis_regalis,Horezmavis_eocretacea,Iberomesornis_romerali,Ichthyornis_dispar,Judinornis_nogontsavensis,Kizylkumavis_cretacea,Kuszholia_mengi,Lectavis_bretincola,Lenesornis_maltshevskyi,Liaoningornis_longidigitris,Limenavis_patagonica,Nanantius_eos,Neuquenornis_volans,Noguerornis_gonzalezi,Otogornis_genghisi,Parahesperornis_alexi,Pasquiaornis_hardiei,Pasquiaornis_tankei,Patagopteryx_deferrariisi,Potamornis_skutchi,Protopteryx_fengningensis,Sazavis_prisca,Sinornis_santensis,Soroavisaurus_australis,Vorona_berivotrensis,Yungavolucris_brevipedalis,Zhyraornis_kashkarovi,Zhyraornis_logunovi" recon_no="143665;52767;53025;65369;53375;53377;56399;54827;53370;53368;65150;53372;65151;64273;64276;68131;54836;68133;67941;66982;64492;66416;65212;68134;66918;67739;66394;67936;66917;65373;65109;65334;64122;64372;66357;56421;54821;54824;54826;54825;52962;64341;65371;55482;65365;54541;64120;53007;54549;67014;66845;57428;66979;55484;66506;52986;65530;65367;68138;58874;58875;65209;66415;52765;64497;64875;54539;68140;68142;57251;65490;56379;56382;55543;55477;55541;55540;66659;54411;55481;54165;56390;56389;54534;64902;56394;54532;53945;190519;54526;54524;56392;54099;53958;54537;53957;57252;65138;57249;64493;53030;68317;56319;53194;57258;57254;54833;53213;57253;57259;66622;67940;53938;68241;64126;68385;68374;66667;66510;54832;58885;66508;66664;66673;68372;64891;55489;68392;66066;68395;54561;54543;67257;55488;68397;57024;68048;57022;67259;57026;65860;54560;64118;68334;66670;57267;57269;63438;57266;57276;57265;68342;66672;57246;54818;54470;57262;64145;57020;64791;66620;64889;68418;57261;82048;54555;54550;68239;68246;54556;68205;66450;65422;54554;65028;68413;67680;65425;65134;58908;65136;64775;67288;68183;64773;66044;64133;55487;64362;68522;134755;67261;67265;197835;53319;137395;118781;58898;120326;64064;66860;52957;119289;137353;137355;100984;96487;67052;137414;53307;194800;194796;65829;137351;119311;82617;65146;57334;296022;122607;118777;118790;96488;347469;65831;54877;347467;70298;322036;100986;71345;137402;134885;81247;100989;137424;137493;137277;67792;67793;68529;134353;91349;137281;137389;100991;64129;100988;70296;137282">Neotheropoda</List>
		<List recon_name="Ammosaurus_major,Anchisaurus_polyzelus,Azendohsaurus_laaroussi,Camelotia_borealis,Coloradisaurus_brevis,Euskelosaurus_browni,Gyposaurus_sinensis,Jingshanosaurus_xinwaensis,Lessemsaurus_sauropoides,Lufengosaurus_huenei,Massospondylus_carinatus,Melanorosaurus_readi,Melanorosaurus_thabanensis,Mussaurus_patagonicus,Plateosaurus_engelhardti,Plateosaurus_longiceps,Riojasaurus_incertus,Ruehleia_bedheimensis,Saturnalia_tupiniquim,Sellosaurus_gracilis,Thecodontosaurus_antiquus,Yunnanosaurus_youngi,Yunnanosaurus_huangi" recon_no="54161;64382;90678;56586;68584;85818;64288;64138;68588;56597;56595;54980;56589;66682;56683;64684;56585;65100;68124;54996;56627;106244;56629">Prosauropoda</List>
		<List recon_name="Vulcanodon_karibaensis" recon_no="54979">Vulcanodon</List>
		<List recon_name="Kotasaurus_yamanpalliensis" recon_no="66498">Kotasaurus</List>
		<List recon_name="Shunosaurus_lii" recon_no="56457">Shunosaurus</List>
		<List recon_name="Atlasaurus_imelakei" recon_no="63744">Atlasaurus</List>
		<List recon_name="Barapasaurus_tagorei" recon_no="55547">Barapasaurus</List>
		<List recon_name="Bellusaurus_sui" recon_no="54862">Bellusaurus</List>
		<List recon_name="Camarasaurus_grandis" recon_no="67181">Camarasaurus</List>
		<List recon_name="Cetiosaurus_oxoniensis" recon_no="66688">Cetiosaurus</List>
		<List recon_name="Euhelopus_zdanskyi" recon_no="54868">Euhelopus</List>
		<List recon_name="Haplocanthosaurus_delfsi,Haplocanthosaurus_priscus" recon_no="66582;64504">Haplocanthosaurus</List>
		<List recon_name="Jobaria_tiguidensis" recon_no="57436">Jobaria</List>
		<List recon_name="Lourinhasaurus_alenquerensis" recon_no="71350">Lourinhasaurus</List>
		<List recon_name="Mamenchisaurus_anyuensis,Mamenchisaurus_constructus,Mamenchisaurus_fuxiensis,Mamenchisaurus_hochuanensis,Mamenchisaurus_jingyanensis,Mamenchisaurus_sinocanadorum,Mamenchisaurus_youngi" recon_no="71839;56460;56466;56463;56464;56541;71838">Mamenchisaurus</List>
		<List recon_name="Nemegtosaurus_mongoliensis" recon_no="54841">Nemegtosaurus</List>
		<List recon_name="Nigersaurus_taqueti" recon_no="57367">Nigersaurus</List>
		<List recon_name="Patagosaurus_fariasi" recon_no="66448">Patagosaurus</List>
		<List recon_name="Quaesitosaurus_orientalis" recon_no="66618">Quaesitosaurus</List>
		<List recon_name="Rayososaurus_agrioensis" recon_no="71351">Rayososaurus</List>
		<List recon_name="Aragosaurus_ischiaticus" recon_no="70637">Aragosaurus</List>
		<List recon_name="Alamosaurus_sanjuanensis" recon_no="63399">Alamosaurus</List>
		<List recon_name="Andesaurus_delgadoi" recon_no="58918">Andesaurus</List>
		<List recon_name="Argentinosaurus_huinculensis" recon_no="66646">Argentinosaurus</List>
		<List recon_name="Austrosaurus_mckillopi" recon_no="55571">Austrosaurus</List>
		<List recon_name="Gondwanatitan_faustoi" recon_no="66574">Gondwanatitan</List>
		<List recon_name="Lapparentosaurus_madagascariensis" recon_no="66496">Lapparentosaurus</List>
		<List recon_name="Lirainosaurus_astibiae" recon_no="65827">Lirainosaurus</List>
		<List recon_name="Malawisaurus_dixeyi" recon_no="57458">Malawisaurus</List>
		<List recon_name="Pellegrinisaurus_powelli" recon_no="66269">Pellegrinisaurus</List>
		<List recon_name="Phuwiangosaurus_sirindhornae" recon_no="56410">Phuwiangosaurus</List>
		<List recon_name="Titanosauriformes_indet_PR_977_and_SMU_61732" recon_no="57468">Pleurocoelus_dash_tex</List>
		<List recon_name="Titanosaurus_colberti" recon_no="64311">Titanosaurus</List>
		<List recon_name="Titanosauria_indet_CPP_217" recon_no="55585">CPP_dash_217</List>
		<List recon_name="Titanosauria_indet_CPP_360" recon_no="55585">CPP_dash_360</List>
		<List recon_name="Brachiosaurus_altithorax" recon_no="54864">Brachiosaurus</List>
		<List recon_name="Cedarosaurus_weiskopfae" recon_no="64906">Cedarosaurus</List>
		<List recon_name="Opisthocoelicaudia_skarzynskii" recon_no="57335">Opisthocoelicaudia</List>
		<List recon_name="Saltasaurus_loricatus" recon_no="58838">Saltasaurus</List>
		<List recon_name="Amargasaurus_cazaui" recon_no="53962">Amargasaurus</List>
		<List recon_name="Dicraeosaurus_hansemanni,Dicraeosaurus_sattleri" recon_no="65941;65942">Dicraeosaurus</List>
		<List recon_name="Apatosaurus_ajax,Apatosaurus_excelsus,Apatosaurus_louisae" recon_no="52958;56547;57752">Apatosaurus</List>
		<List recon_name="Barosaurus_lentus" recon_no="54166">Barosaurus</List>
		<List recon_name="Diplodocus_longus" recon_no="52920">Diplodocus</List>
		<List recon_name="Omeisaurus_junghsiensis,Omeisaurus_tianfuensis" recon_no="56461;56462">Omeisaurus</List>
		<List recon_name="Tehuelchesaurus_benitezii" recon_no="66569">Tehuelchesaurus</List>
	</Taxa>
	<Characters>
		<Molecular/>
		<Morphological number="309">
			<Type>Osteology</Type>
		</Morphological>
		<Behavioural/>
		<Other/>
	</Characters>
	<Analysis>
		<Type>Maximum Parsimony</Type>
	</Analysis>
	<Notes>Based on reanalysis of the original matrix.</Notes>
	<Filename>Santucci_2008ab</Filename>
	<Parent>Upchurch_etal_2004b</Parent>
	<Sibling/>
</SourceTree>
