<?xml version="1.0" standalone="yes"?>
<SourceTree>
	<Source>
		<Author>
			<List>Sanz, J. L.</List>
			<List>Powell, J. E.</List>
			<List>Le Loeff, J.</List>
			<List>Martinez, R.</List>
			<List>Pereda Suberbiola, X.</List>
		</Author>
		<Year>1999</Year>
		<Title>Sauropod remains from the Upper Cretaceous of Lano (Northcentral Spain). Titanosaur phylogenetic relationships</Title>
		<Journal>Estudios del Museo de Ciencias Naturales de Alava</Journal>
		<Volume>14</Volume>
		<Pages>235-255</Pages>
		<Booktitle/>
		<Publisher/>
		<City/>
		<Editor/>
	</Source>
	<Taxa number="9">
		<List recon_name="Patagosaurus_fariasi" recon_no="66448">Patagosaurus</List>
		<List recon_name="Haplocanthosaurus_delfsi,Haplocanthosaurus_priscus" recon_no="66582;64504">Haplocanthosaurus</List>
		<List recon_name="Andesaurus_delgadoi" recon_no="58918">Andesaurus</List>
		<List recon_name="Opisthocoelicaudia_skarzynskii" recon_no="57335">Opishtocoelicaudia</List>
		<List recon_name="Epachthosaurus_sciuttoi" recon_no="57467">Epachtosaurus</List>
		<List recon_name="Saltasaurus_loricatus" recon_no="58838">Saltasaurus</List>
		<List recon_name="Argyrosaurus_superbus" recon_no="66267">Agyrosaurus</List>
		<List recon_name="Lirainosaurus_astibiae" recon_no="65827">Lirainosaurus</List>
		<List recon_name="Eutitanosauria_indet_DGM_1487_R,Trigonosaurus_pricei,Baurutitan_britoi" recon_no="58924;85461;85463">Peiropolis_titanosaur</List>
	</Taxa>
	<Characters>
		<Molecular/>
		<Morphological number="43">
			<Type>Osteology</Type>
		</Morphological>
		<Behavioural/>
		<Other/>
	</Characters>
	<Analysis>
		<Type>Maximum Parsimony</Type>
	</Analysis>
	<Notes>Based on reanalysis of the original matrix.</Notes>
	<Filename>Sanz_etal_1999a</Filename>
	<Parent/>
	<Sibling/>
</SourceTree>
