<?xml version="1.0" standalone="yes"?>
<SourceTree>
	<Source>
		<Author>
			<List>Sanz, J. L.</List>
			<List>Buscalioni, A. D.</List>
		</Author>
		<Year>1992</Year>
		<Title>A new bird from the Early Cretaceous of Los Hoyas, Spain, and the early radiation of birds</Title>
		<Journal>Palaeontology</Journal>
		<Volume>35</Volume>
		<Pages>829-845</Pages>
		<Booktitle/>
		<Publisher/>
		<City/>
		<Editor/>
	</Source>
	<Taxa number="8">
		<List recon_name="Deinonychus_antirrhopus" recon_no="54555">Non_avian_theropods</List>
		<List recon_name="Archaeopteryx_lithographica" recon_no="55487">Archaeopteryx</List>
		<List recon_name="Iberomesornis_romerali" recon_no="65831">Iberomesornis</List>
		<List recon_name="Concornis_lacustris" recon_no="100984">Concornis</List>
		<List recon_name="Baptornis_advenus,Enaliornis_barretti,Enaliornis_sedgwicki,Hesperornis_altus,Hesperornis_regalis,Neogaeornis_wetzeli,Parahesperornis_alexi" recon_no="52957;67052;137414;137272;96488;53321;137277">Hesperornithiformes</List>
		<List recon_name="Alexornis_antecedens" recon_no="53319">Carinatae</List>
		<List recon_name="Ambiortus_dementjevi" recon_no="137395">Ambiortus</List>
		<List recon_name="Avisaurus_archibaldi,Enantiornis_leali,Gobipteryx_minuta,Kizylkumavis_cretacea,Lenesornis_maltshevskyi,Nanantius_eos,Noguerornis_gonzalezi,Sazavis_prisca" recon_no="64064;53307;57334;70298;71345;81247;137424;137281">Enantiornithes</List>
	</Taxa>
	<Characters>
		<Molecular/>
		<Morphological number="14">
			<Type>Osteology</Type>
		</Morphological>
		<Behavioural/>
		<Other/>
	</Characters>
	<Analysis>
		<Type>Maximum Parsimony</Type>
	</Analysis>
	<Notes>Based on reanalysis of the original matrix.</Notes>
	<Filename>Sanz_et_Buscalioni_1992a</Filename>
	<Parent/>
	<Sibling/>
</SourceTree>
