<?xml version="1.0" standalone="yes"?>
<SourceTree>
	<Source>
		<Author>
			<List>Sanz, J. L.</List>
			<List>Chiappe, L. M.</List>
			<List>Buscalioni, A. D.</List>
		</Author>
		<Year>1995</Year>
		<Title>The osteology of <em>Concornis lacustris</em> (Aves: Enantiomithes) from the Lower Cretaceous of Spain and a reexamination of its phylogenetic relationships</Title>
		<Journal>American Museum Novitates</Journal>
		<Volume>3133</Volume>
		<Pages>1-23</Pages>
		<Booktitle/>
		<Publisher/>
		<City/>
		<Editor/>
	</Source>
	<Taxa number="9">
		<List recon_name="Mononykus_olecranus" recon_no="67288">Mononykus_olecranus</List>
		<List recon_name="Patagopteryx_deferrariisi" recon_no="68529">Patagopteryx_deferrariisi</List>
		<List recon_name="Yungavolucris_brevipedalis" recon_no="100988">Yungavolucris_brevipedalis</List>
		<List recon_name="Lectavis_bretincola" recon_no="100986">Lectavis_bretincola</List>
		<List recon_name="Concornis_lacustris" recon_no="100984">Concomis_lacustris</List>
		<List recon_name="Neuquenornis_volans" recon_no="100989">Neuquenomis_volans</List>
		<List recon_name="Soroavisaurus_australis" recon_no="100991">Soroavisaurus_australis</List>
		<List recon_name="Avisaurus_archibaldi" recon_no="64064">Avisaurus_archibaldi</List>
		<List recon_name="Avisaurus_gloriae" recon_no="66860">Avisaurus_glonae</List>
	</Taxa>
	<Characters>
		<Molecular/>
		<Morphological number="10">
			<Type>Osteology</Type>
		</Morphological>
		<Behavioural/>
		<Other/>
	</Characters>
	<Analysis>
		<Type>Maximum Parsimony</Type>
	</Analysis>
	<Notes>Based on reanalysis of the original matrix.</Notes>
	<Filename>Sanz_etal_1995ab</Filename>
	<Parent>Chiappe_1993a</Parent>
	<Sibling/>
</SourceTree>
