<?xml version="1.0" standalone="yes"?>
<SourceTree>
	<Source>
		<Author>
			<List>Schott, R. K.</List>
			<List>Evans, D. C.</List>
			<List>Williamson, T. E.</List>
			<List>Carr, T. D.</List>
			<List>Goodwin, M. B.</List>
		</Author>
		<Year>2009</Year>
		<Title>The anatomy and systematics of <em>Colepiocephale lambei</em> (Dinosauria: Pachycephalosauridae)</Title>
		<Journal>Journal of Vertebrate Paleontology</Journal>
		<Volume>29</Volume>
		<Pages>771-786</Pages>
		<Booktitle/>
		<Publisher/>
		<City/>
		<Editor/>
	</Source>
	<Taxa number="21">
		<List recon_name="Psittacosaurus_mongoliensis" recon_no="52831">Psittacosaurus_mongoliensis</List>
		<List recon_name="Stenopelix_valdensis" recon_no="65431">Stenopelix_valdensis</List>
		<List recon_name="Wannanosaurus_yansiensis" recon_no="52840">Wannanosaurus_yanshiensis</List>
		<List recon_name="Yaverlandia_bitholus" recon_no="56581">Yaverlandia_bitholus</List>
		<List recon_name="Goyocephale_lattimorei" recon_no="52838">Goyocephale_lattimorei</List>
		<List recon_name="Homalocephale_calathocercos" recon_no="52836">Homalocephale_calathocercos</List>
		<List recon_name="Ornatotholus_browni" recon_no="56568">Pachycephalosauridae_indet_Ornatotholus_browni_holotype_AMNH_5450</List>
		<List recon_name="Tylocephale_gilmorei" recon_no="66451">Tylocephale_gilmorei</List>
		<List recon_name="Prenocephale_prenes" recon_no="52833">Prenocephale_prenes</List>
		<List recon_name="Pachycephalosauridae_indet_SMP_VP_1084" recon_no="38783">Pachycephalosauridae_indet_SMP_VP_1084</List>
		<List recon_name="Stegoceras_edmontonense" recon_no="56571">Stegoceras_edmontonense_holotype_CMN_8830</List>
		<List recon_name="Sphaerotholus_goodwini" recon_no="67682">Sphaerotholus_goodwini_holotype_NMMNH_P_27403</List>
		<List recon_name="Sphaerotholus_buchholtzae" recon_no="67683">Sphaerotholus_buchholtzae_holotype_TMP_87_dot_113_dot_3</List>
		<List recon_name="Stygimoloch_spinifer" recon_no="56577">Stygimoloch_spinifer</List>
		<List recon_name="Pachycephalosaurus_wyomingensis" recon_no="52835">Pachycephalosaurus_wyomingensis</List>
		<List recon_name="Stegoceras_breve" recon_no="86801">Stegoceras_breve_holotype_CMN_1423</List>
		<List recon_name="Stegoceras_sternbergi" recon_no="67687">Stegoceras_sternbergi_holotype_CMN_8817</List>
		<List recon_name="Stegoceras_lambei" recon_no="56574">Stegoceras_lambei_holotype_CMN_8818</List>
		<List recon_name="Stegoceras_validum" recon_no="56570">Stegoceras_validum_UA_2</List>
		<List recon_name="Gravitholus_albertae" recon_no="56566">Stegoceras_sp_Gravitholus_albertae_holotype_TMP_72_dot_27_dot_1</List>
		<List recon_name="Pachycephalosauridae_indet_UCMP_130051" recon_no="38783">Stegoceras_sp_UCMP_130051</List>
	</Taxa>
	<Characters>
		<Molecular/>
		<Morphological number="53">
			<Type>Osteology</Type>
		</Morphological>
		<Behavioural/>
		<Other/>
	</Characters>
	<Analysis>
		<Type>Maximum Parsimony</Type>
	</Analysis>
	<Notes>Based on reanalysis of the original matrix.</Notes>
	<Filename>Schott_etal_2009ab</Filename>
	<Parent>Williamson_et_Carr_2002a</Parent>
	<Sibling/>
</SourceTree>
