<?xml version="1.0" standalone="yes"?>
<SourceTree>
	<Source>
		<Author>
			<List>Sekiya, T.</List>
		</Author>
		<Year>2011</Year>
		<Title>Re-examination of <em>Chuanjiesaurus anaensis</em> (Dinosauria: Sauropoda) from the Middle Jurassic Chuanjie Formation, Lufeng County, Yunnan Province, southwest China</Title>
		<Journal>Memoir of the Fukui Prefectural Dinosaur Museum</Journal>
		<Volume>10</Volume>
		<Pages>1-54</Pages>
		<Booktitle/>
		<Publisher/>
		<City/>
		<Editor/>
	</Source>
	<Taxa number="31">
		<List recon_name="Marasuchus_lilloensis" recon_no="66342">Marasuchus</List>
		<List recon_name="Herrerasaurus_ischigualastensis" recon_no="55000">Herrerasaurus</List>
		<List recon_name="Ammosaurus_major,Anchisaurus_polyzelus,Azendohsaurus_laaroussi,Camelotia_borealis,Coloradisaurus_brevis,Euskelosaurus_browni,Gyposaurus_sinensis,Jingshanosaurus_xinwaensis,Lessemsaurus_sauropoides,Lufengosaurus_huenei,Massospondylus_carinatus,Melanorosaurus_readi,Melanorosaurus_thabanensis,Mussaurus_patagonicus,Plateosaurus_engelhardti,Plateosaurus_longiceps,Riojasaurus_incertus,Ruehleia_bedheimensis,Saturnalia_tupiniquim,Sellosaurus_gracilis,Thecodontosaurus_antiquus,Yunnanosaurus_youngi,Yunnanosaurus_huangi" recon_no="54161;64382;90678;56586;68584;85818;64288;64138;68588;56597;56595;54980;56589;66682;56683;64684;56585;65100;68124;54996;56627;106244;56629">Prosauropoda</List>
		<List recon_name="Apatosaurus_ajax,Apatosaurus_excelsus,Apatosaurus_louisae" recon_no="52958;56547;57752">Apatosaurus</List>
		<List recon_name="Barapasaurus_tagorei" recon_no="55547">Barapasaurus</List>
		<List recon_name="Bellusaurus_sui" recon_no="54862">Bellusaurus</List>
		<List recon_name="Brachiosaurus_altithorax" recon_no="54864">Brachiosaurus</List>
		<List recon_name="Camarasaurus_grandis" recon_no="67181">Camarasaurus</List>
		<List recon_name="Cetiosaurus_oxoniensis" recon_no="66688">Cetiosaurus</List>
		<List recon_name="Chinshakiangosaurus_chunghoensis" recon_no="68152">Chinshakiangosaurus</List>
		<List recon_name="Chuanjiesaurus_anaensis" recon_no="71526">Chuanjiesaurus</List>
		<List recon_name="Datousaurus_bashanensis" recon_no="52771">Datousaurus</List>
		<List recon_name="Dicraeosaurus_hansemanni,Dicraeosaurus_sattleri" recon_no="65941;65942">Dicraeosaurus</List>
		<List recon_name="Diplodocus_longus" recon_no="52920">Diplodocus</List>
		<List recon_name="Euhelopus_zdanskyi" recon_no="54868">Euhelopus</List>
		<List recon_name="Gongxianosaurus_shibeiensis" recon_no="66644">Gongxianosaurus</List>
		<List recon_name="Jobaria_tiguidensis" recon_no="57436">Jobaria</List>
		<List recon_name="Kotasaurus_yamanpalliensis" recon_no="66498">Kotasaurus</List>
		<List recon_name="Mamenchisaurus_constructus" recon_no="56460">M_constructus</List>
		<List recon_name="Mamenchisaurus_hochuanensis" recon_no="56463">M_hochuanensis_holotype</List>
		<List recon_name="Mamenchisaurus_sinocanadorum" recon_no="56541">M_sinocanadorum</List>
		<List recon_name="Mamenchisaurus_hochuanensis" recon_no="56463">M_hochuan_ZDM0126</List>
		<List recon_name="Mamenchisaurus_youngi" recon_no="71838">M_youngi</List>
		<List recon_name="Omeisaurus_junghsiensis,Omeisaurus_tianfuensis" recon_no="56461;56462">Omeisaurus</List>
		<List recon_name="Patagosaurus_fariasi" recon_no="66448">Patagosaurus</List>
		<List recon_name="Phuwiangosaurus_sirindhornae" recon_no="56410">Phuwiangosaurus</List>
		<List recon_name="Saltasaurus_loricatus" recon_no="58838">Saltasaurus</List>
		<List recon_name="Shunosaurus_lii" recon_no="56457">Shunosaurus</List>
		<List recon_name="Tienshanosaurus_chitaiensis" recon_no="54866">Tienshanosaurus</List>
		<List recon_name="Vulcanodon_karibaensis" recon_no="54979">Vulcanodon</List>
		<List recon_name="Yuanmousaurus_jiangyiensis" recon_no="84656">Yuanmousaurus</List>
	</Taxa>
	<Characters>
		<Molecular/>
		<Morphological number="327">
			<Type>Osteology</Type>
		</Morphological>
		<Behavioural/>
		<Other/>
	</Characters>
	<Analysis>
		<Type>Maximum Parsimony</Type>
	</Analysis>
	<Notes>Based on reanalysis of the original matrix.</Notes>
	<Filename>Sekiya_2011ab</Filename>
	<Parent>Upchurch_etal_2004b</Parent>
	<Sibling/>
</SourceTree>
