<?xml version="1.0" standalone="yes"?>
<SourceTree>
	<Source>
		<Author>
			<List>Senter, P.</List>
			<List>Barsbold, R.</List>
			<List>Britt, B. B.</List>
			<List>Burnham, D. A.</List>
		</Author>
		<Year>2004</Year>
		<Title>Systematics and evolution of Dromaeosauridae (Dinosauria, Theropoda)</Title>
		<Journal>Bulletin of Gunma Museum of Natural History</Journal>
		<Volume>8</Volume>
		<Pages>1-20</Pages>
		<Booktitle/>
		<Publisher/>
		<City/>
		<Editor/>
	</Source>
	<Taxa number="37">
		<List recon_name="Allosaurus_fragilis" recon_no="52962">Allosaurus_fragilis</List>
		<List recon_name="Tyrannosaurus_rex" recon_no="54833">Tyrannosaurus_rex</List>
		<List recon_name="Sinosauropteryx_prima" recon_no="54549">Sinosauropteryx_prima</List>
		<List recon_name="Ornitholestes_hermanni" recon_no="55484">Ornitholestes_hermanni</List>
		<List recon_name="Sinovenator_changii" recon_no="64889">Sinovenator_changii</List>
		<List recon_name="Microraptor_zhaoianus" recon_no="68239">Microraptor_zhaoianus</List>
		<List recon_name="Microraptor_gui" recon_no="68246">Microraptor_gui</List>
		<List recon_name="Cryptovolans_pauli" recon_no="169939">Cryptovolans_pauli</List>
		<List recon_name="Sinornithosaurus_millenii" recon_no="68205">Sinornithosaurus_millenii</List>
		<List recon_name="Sinornithosaurus_sp_NGMC91" recon_no="68204">NGMC_91</List>
		<List recon_name="Bambiraptor_feinbergi" recon_no="82048">Bambiraptor_jeinbergi</List>
		<List recon_name="Velociraptor_mongoliensis" recon_no="54554">Velociraptor_mongoliensis</List>
		<List recon_name="Saurornitholestes_langstoni" recon_no="54556">Saurornitholestes_langstoni</List>
		<List recon_name="Adasaurus_mongoliensis" recon_no="57261">Adasaurus_mongoliensis</List>
		<List recon_name="Deinonychus_antirrhopus" recon_no="54555">Deinonychus_antirrhopus</List>
		<List recon_name="Achillobator_giganticus" recon_no="68418">Achillobator_giganticus</List>
		<List recon_name="Unenlagia_comahuensis" recon_no="65422">Unenlagia_comahuensis</List>
		<List recon_name="Hulsanpes_perlei" recon_no="67680">Hulsanpes_perlei</List>
		<List recon_name="Pyroraptor_olympius" recon_no="65134">Pyroraptor_olympius</List>
		<List recon_name="Variraptor_mechinorum" recon_no="65136">Variraptor_mechinorum</List>
		<List recon_name="Byronosaurus_jaffei" recon_no="57020">Byronosaurus_jaffrei</List>
		<List recon_name="Sinornithoides_youngi" recon_no="64145">Sinornithoides_youngi</List>
		<List recon_name="Saurornithoides_junior" recon_no="57262">Saurornithoides_junior</List>
		<List recon_name="Saurornithoides_mongoliensis" recon_no="54470">Saurornithoides_mongoliensis</List>
		<List recon_name="Troodon_formosus" recon_no="54818">Troodon_formosus</List>
		<List recon_name="Pelecanimimus_hoyasi" recon_no="143428">Pelecanimimus_hoyasi</List>
		<List recon_name="Struthiomimus_altus" recon_no="57266">Struthiomimus_altus</List>
		<List recon_name="Protarchaeopteryx_robusta" recon_no="66068">Protarchaeopteryx</List>
		<List recon_name="Caudipteryx_zoui" recon_no="66066">Caudipteryx_zoui</List>
		<List recon_name="Khaan_mckennai" recon_no="57026">Khaan_mckennai</List>
		<List recon_name="Archaeopteryx_lithographica" recon_no="55487">Archaeopteryx_lithographica</List>
		<List recon_name="Jeholornis_prima" recon_no="119247">Jeholornis_prima</List>
		<List recon_name="Rahonavis_ostromi" recon_no="64133">Rahonavis_ostromi</List>
		<List recon_name="Yanornis_martini" recon_no="119337">Yanornis_martini</List>
		<List recon_name="Sinornis_santensis" recon_no="137389">Sinornis_santensis</List>
		<List recon_name="Dromaeosaurus_albertensis" recon_no="54550">Dromaeosaurus_albertensis</List>
		<List recon_name="Utahraptor_ostrommaysi" recon_no="66450">Utahraptor_ostrommaysi</List>
	</Taxa>
	<Characters>
		<Molecular/>
		<Morphological number="101">
			<Type>Osteology</Type>
		</Morphological>
		<Behavioural/>
		<Other/>
	</Characters>
	<Analysis>
		<Type>Maximum Parsimony</Type>
	</Analysis>
	<Notes>Based on reanalysis of the original matrix.</Notes>
	<Filename>Senter_etal_2004a</Filename>
	<Parent/>
	<Sibling/>
</SourceTree>
