<?xml version="1.0" standalone="yes"?>
<SourceTree>
	<Source>
		<Author>
			<List>Sereno, P. C.</List>
		</Author>
		<Year>1999</Year>
		<Title>The evolution of dinosaurs</Title>
		<Journal>Science</Journal>
		<Volume>284</Volume>
		<Pages>2137-2147</Pages>
		<Booktitle/>
		<Publisher/>
		<City/>
		<Editor/>
	</Source>
	<Taxa number="15">
		<List recon_name="DELETE" recon_no="0">Dinosauromorph_ancestor</List>
		<List recon_name="Marasuchus_lilloensis" recon_no="66342">Marasuchus</List>
		<List recon_name="Pisanosaurus_mertii" recon_no="64409">Pisanosaurus</List>
		<List recon_name="Lesothosaurus_diagnosticus" recon_no="57574">Lesothosaurus</List>
		<List recon_name="Scutellosaurus_lawleri,Emausaurus_ernsti,Scelidosaurus_harrisonii,Huayangosaurus_taibaii,Dacentrurus_armatus,Tuojiangosaurus_multispinus,Lexovisaurus_durobrivensis,Chialingosaurus_kuani,Chungkingosaurus_jiangbeiensis,Kentrosaurus_aethiopicus,Stegosaurus_armatus,Stegosaurus_stenops,Stegosaurus_longispinus,Wuerhosaurus_homheni,Hylaeosaurus_armatus,Pawpawsaurus_campbelli,Acanthopholis_horridus,Denversaurus_schlessmani,Dracopelta_zbyszewskii,Edmontonia_longiceps,Edmontonia_rugosidens,Hoplitosaurus_marshi,Minmi_paravertebrata,Mymoorapelta_maysi,Nodosaurus_textilis,Panoplosaurus_mirus,Sarcolestes_leedsi,Sauropelta_edwardsi,Silvisaurus_condrayi,Struthiosaurus_transylvanicus,Texasetes_pleurohalio,Gargoyleosaurus_parkpinorum,Shamosaurus_scutatus,Minmi_paravertebrata,Gastonia_burgei,Pinacosaurus_grangeri,Amtosaurus_magnus,Ankylosaurus_magniventris,Euoplocephalus_tutus,Maleevus_disparoserratus,Saichania_chulsanensis,Talarurus_plicatospineus,Tarchia_gigantea,Tianzhenosaurus_youngi,Tsagantegia_longicranialis" recon_no="67088;64406;53042;54858;56505;54854;56501;56486;56487;56490;52941;56491;56492;56493;52782;55999;53045;68191;64525;63920;66027;57577;64270;57683;52780;52788;64524;52789;52791;64748;66852;82609;52795;64270;63701;52911;57226;52793;63917;82619;52910;52797;52905;66504;68199">THYREOPHORA</List>
		<List recon_name="Abrictosaurus_consors,Lycorhinus_angustidens,Heterodontosaurus_tucki,Agilisaurus_louderbacki,Agilisaurus_multidens,Atlascopcosaurus_loadsi,Drinker_nisti,Fulgurotherium_australe,Gongbusaurus_shiyii,Gongbusaurus_wucaiwanensis,Hypsilophodon_foxii,Leaellynasaura_amicagraphica,Orodromeus_makelai,Othnielia_rex,Parksosaurus_warreni,Thescelosaurus_neglectus,Yandusaurus_hongheensis,Zephyrosaurus_schaffi,Muttaburrasaurus_langdoni,Tenontosaurus_tilletti,Dryosaurus_altus,Dryosaurus_lettowvorbecki,Valdosaurus_canaliculatus,Valdosaurus_nigeriensis,Camptosaurus_amplus,Camptosaurus_dispar,Camptosaurus_prestwichii,Probactrosaurus_gobiensis,Iguanodon_anglicus,Iguanodon_atherfieldensis,Iguanodon_bernissartensis,Iguanodon_dawsoni,Iguanodon_fittoni,Iguanodon_hoggi,Iguanodon_lakotaensis,Ouranosaurus_nigeriensis,Protohadros_byrdi,Anatotitan_copei,Aralosaurus_tuberiferus,Brachylophosaurus_canadensis,Brachylophosaurus_goodwini,Edmontosaurus_annectens,Edmontosaurus_regalis,Edmontosaurus_saskatchewanensis,Gryposaurus_notabilis,Hadrosaurus_foulkii,Hadrosaurus_notabilis,Kritosaurus_australis,Kritosaurus_incurvimanus,Lophorhothon_atopus,Maiasaura_peeblesorum,Prosaurolophus_maximus,Saurolophus_angustirostris,Saurolophus_osborni,Shantungosaurus_giganteus,Bactrosaurus_johnsoni,Barsboldia_sicinskii,Corythosaurus_casuarius,Hypacrosaurus_altispinus,Jaxartosaurus_aralensis,Lambeosaurus_lambei,Lambeosaurus_magnicristatus,Nipponosaurus_sachalinensis,Parasaurolophus_cyrtocristatus,Parasaurolophus_tubicen,Parasaurolophus_walkeri" recon_no="52903;52899;52902;57223;57225;57104;57650;57105;54860;54861;54190;57102;64338;64495;52894;52897;52892;52889;64271;52887;54253;56515;52886;64647;65781;52880;64519;52878;66729;64255;58905;66721;64508;110264;65389;52877;64527;64302;67547;65213;64297;64305;63254;64304;63251;52812;95941;66683;63253;67215;55574;53384;64295;53386;69513;57344;67253;56403;56406;65693;56724;65429;56972;66260;64355;63256">ORNITHOPODA</List>
		<List recon_name="Stenopelix_valdensis,Goyocephale_lattimorei,Homalocephale_calathocercos,Stegoceras_validum,Tylocephale_gilmorei,Prenocephale_prenes,Stygimoloch_spinifer,Pachycephalosaurus_wyomingensis,Psittacosaurus_meileyingensis,Psittacosaurus_mongoliensis,Psittacosaurus_neimongoliensis,Psittacosaurus_ordosensis,Psittacosaurus_sinensis,Psittacosaurus_xinjiangensis,Chaoyangsaurus_youngi,Archaeoceratops_oshimai,Leptoceratops_gracilis,Graciliceratops_mongoliensis,Montanoceratops_cerorhynchus,Turanoceratops_tardabilis,Achelousaurus_horneri,Avaceratops_lammersi,Brachyceratops_montanensis,Centrosaurus_apertus,Einiosaurus_procurvicornis,Monoclonius_crassus,Pachyrhinosaurus_canadensis,Styracosaurus_albertensis,Styracosaurus_ovatus,Anchiceratops_ornatus,Arrhinoceratops_brachyops,Chasmosaurus_belli,Chasmosaurus_canadensis,Chasmosaurus_mariscalensis,Chasmosaurus_russelli,Pentaceratops_sternbergii,Torosaurus_latus,Triceratops_horridus" recon_no="65431;52838;52836;56570;66451;52833;56577;52835;65708;52831;64142;64143;65705;65707;55580;55576;52827;67674;52830;67678;53955;55539;63895;63911;53954;54486;66023;56144;56147;63447;63401;66019;63907;52772;66020;55033;63773;63759">MARGINOCEPHALIA</List>
		<List recon_name="Riojasaurus_incertus,Gyposaurus_sinensis,Ammosaurus_major,Yunnanosaurus_huangi,Massospondylus_carinatus,Lufengosaurus_huenei,Coloradisaurus_brevis,Sellosaurus_gracilis,Plateosaurus_engelhardti" recon_no="56585;64288;54161;56629;56595;56597;68584;54996;56683">PROSAUROPODA</List>
		<List recon_name="Vulcanodon_karibaensis,Shunosaurus_lii,Barapasaurus_tagorei,Omeisaurus_junghsiensis,Omeisaurus_tianfuensis,Amphicoelias_altus,Amargasaurus_cazaui,Dicraeosaurus_hansemanni,Apatosaurus_ajax,Barosaurus_lentus,Diplodocus_longus,Haplocanthosaurus_delfsi,Haplocanthosaurus_priscus,Camarasaurus_grandis,Brachiosaurus_altithorax,Brachiosaurus_brancai,Eucamerotus_foxi,Pleurocoelus_montanus,Euhelopus_zdanskyi,Aeolosaurus_rionegrinus,Alamosaurus_sanjuanensis,Ampelosaurus_atacis,Andesaurus_delgadoi,Argentinosaurus_huinculensis,Epachthosaurus_sciuttoi,Magyarosaurus_dacus,Malawisaurus_dixeyi,Nemegtosaurus_mongoliensis,Neuquensaurus_australis,Opisthocoelicaudia_skarzynskii,Saltasaurus_loricatus" recon_no="54979;56457;55547;56461;56462;53181;53962;65941;52958;54166;52920;66582;64504;67181;54864;64501;54172;67182;54868;58847;63399;65140;58918;66646;57467;64332;57458;54841;64315;57335;58838">SAUROPODA</List>
		<List recon_name="Eoraptor_lunensis" recon_no="57454">Eoraptor</List>
		<List recon_name="Herrerasaurus_ischigualastensis" recon_no="55000">Herrerasaurus</List>
		<List recon_name="Staurikosaurus_pricei" recon_no="55001">Staurikosaurus</List>
		<List recon_name="Chindesaurus_bryansmalli" recon_no="66909">Chindesaurus</List>
		<List recon_name="Elaphrosaurus_bambergi,Ceratosaurus_nasicornis,Abelisaurus_comahuensis,Majungatholus_athopus,Carnotaurus_sastrei,Dilophosaurus_wetherilli,Liliensternus_liliensterni,Procompsognathus_triassicus,Segisaurus_halli,Syntarsus_kayentakatae,Coelophysis_bauri" recon_no="55481;54165;53945;190519;54526;57251;56379;56382;55543;55540;55477">CERATOSAURIA</List>
		<List recon_name="Eustreptospondylus_oxoniensis,Torvosaurus_tanneri,Baryonyx_walkeri,Spinosaurus_aegyptiacus,Suchomimus_tenerensis,Allosaurus_fragilis,Sinraptor_dongi,Sinraptor_hepingensis,Yangchuanosaurus_magnus,Yangchuanosaurus_shangyouensis,Compsognathus_longipes,Ornitholestes_hermanni,Ornitholestes_hermanni,Deltadromeus_agilis,Enigmosaurus_mongoliensis,Erlikosaurus_andrewsi,Nanshiungosaurus_brevispinus,Segnosaurus_galbinensis,Therizinosaurus_cheloniformis,Alvarezsaurus_calvoi,Mononykus_olecranus,Patagonykus_puertai,Shuvuuia_deserti,Anserimimus_planinychus,Archaeornithomimus_asiaticus,Dromiceiomimus_brevitertius,Dromiceiomimus_samueli,Gallimimus_bullatus,Ornithomimus_edmontonensis,Ornithomimus_velox,Struthiomimus_altus,Albertosaurus_megagracilis,Albertosaurus_sarcophagus,Alectrosaurus_olseni,Alioramus_remotus,Chingkankousaurus_fragilis,Daspletosaurus_torosus,Gorgosaurus_libratus,Maleevosaurus_novojilovi,Nanotyrannus_lancensis,Tarbosaurus_bataar,Tyrannosaurus_luanchuanensis,Tyrannosaurus_rex,Caudipteryx_zoui,Caenagnathus_collinsi,Caenagnathus_sternbergi,Conchoraptor_gracilis,Ingenia_yanshini,Oviraptor_philoceratops,Rinchenia_mongoliensis,Archaeopteryx_lithographica,Confuciusornis_sanctus,Alexornis_antecedens,Avisaurus_archibaldi,Cathayornis_yandica,Concornis_lacustris,Enantiornis_leali,Gettyia_gloriae,Gobipteryx_minuta,Kizylkumavis_cretacea,Lectavis_bretincola,Lenesornis_maltshevskyi,Nanantius_eos,Neuquenornis_volans,Noguerornis_gonzalezi,Sazavis_prisca,Sinornis_santensis,Soroavisaurus_australis,Yungavolucris_brevipedalis,Zhyraornis_kashkarovi,Ambiortus_dementjevi,Hesperornis_regalis,Ichthyornis_dispar,Ichthyornis_victor,Borogovia_gracilicrus,Pectinodon_bakkeri,Saurornithoides_junior,Saurornithoides_mongoliensis,Stenonychosaurus_inequalis,Tochisaurus_nemegtensis,Troodon_formosus,Deinonychus_antirrhopus,Velociraptor_mongoliensis" recon_no="53377;53375;53370;53372;53368;52962;54821;54824;54825;54826;53007;55484;55484;65367;68385;66667;54832;66664;66673;64775;67288;64773;66044;66672;57276;66907;57272;57265;57270;57269;57266;67649;56319;57253;57259;65684;57258;53194;63709;53213;57254;54835;54833;66066;54545;54547;67259;57022;55488;68397;55487;67261;53319;64064;137353;100984;53307;378787;57334;70298;100986;71345;81247;100989;137424;137281;137389;100991;100988;70296;137395;96488;54877;118779;64791;54819;57262;54470;54467;66620;54818;54555;54554">TETANURAE</List>
	</Taxa>
	<Characters>
		<Molecular/>
		<Morphological number="146">
			<Type>Osteology</Type>
		</Morphological>
		<Behavioural/>
		<Other/>
	</Characters>
	<Analysis>
		<Type>Maximum Parsimony</Type>
	</Analysis>
	<Notes>Based on reanalysis of the original matrix.</Notes>
	<Filename>Sereno_1999aa</Filename>
	<Parent/>
	<Sibling/>
</SourceTree>
