<?xml version="1.0" standalone="yes"?>
<SourceTree>
	<Source>
		<Author>
			<List>Sereno, P. C.</List>
		</Author>
		<Year>1999</Year>
		<Title>The evolution of dinosaurs</Title>
		<Journal>Science</Journal>
		<Volume>284</Volume>
		<Pages>2137-2147</Pages>
		<Booktitle/>
		<Publisher/>
		<City/>
		<Editor/>
	</Source>
	<Taxa number="14">
		<List recon_name="Scutellosaurus_lawleri,Emausaurus_ernsti,Scelidosaurus_harrisonii,Huayangosaurus_taibaii,Dacentrurus_armatus,Tuojiangosaurus_multispinus,Lexovisaurus_durobrivensis,Chialingosaurus_kuani,Chungkingosaurus_jiangbeiensis,Kentrosaurus_aethiopicus,Stegosaurus_armatus,Stegosaurus_stenops,Stegosaurus_longispinus,Wuerhosaurus_homheni,Hylaeosaurus_armatus,Pawpawsaurus_campbelli,Acanthopholis_horridus,Denversaurus_schlessmani,Dracopelta_zbyszewskii,Edmontonia_longiceps,Edmontonia_rugosidens,Hoplitosaurus_marshi,Minmi_paravertebrata,Mymoorapelta_maysi,Nodosaurus_textilis,Panoplosaurus_mirus,Sarcolestes_leedsi,Sauropelta_edwardsi,Silvisaurus_condrayi,Struthiosaurus_transylvanicus,Texasetes_pleurohalio,Gargoyleosaurus_parkpinorum,Shamosaurus_scutatus,Minmi_paravertebrata,Gastonia_burgei,Pinacosaurus_grangeri,Amtosaurus_magnus,Ankylosaurus_magniventris,Euoplocephalus_tutus,Maleevus_disparoserratus,Saichania_chulsanensis,Talarurus_plicatospineus,Tarchia_gigantea,Tianzhenosaurus_youngi,Tsagantegia_longicranialis" recon_no="67088;64406;53042;54858;56505;54854;56501;56486;56487;56490;52941;56491;56492;56493;52782;55999;53045;68191;64525;63920;66027;57577;64270;57683;52780;52788;64524;52789;52791;64748;66852;82609;52795;64270;63701;52911;57226;52793;63917;82619;52910;52797;52905;66504;68199">THYREOPHORA</List>
		<List recon_name="Stenopelix_valdensis,Goyocephale_lattimorei,Homalocephale_calathocercos,Stegoceras_validum,Tylocephale_gilmorei,Prenocephale_prenes,Stygimoloch_spinifer,Pachycephalosaurus_wyomingensis,Psittacosaurus_meileyingensis,Psittacosaurus_mongoliensis,Psittacosaurus_neimongoliensis,Psittacosaurus_ordosensis,Psittacosaurus_sinensis,Psittacosaurus_xinjiangensis,Chaoyangsaurus_youngi,Archaeoceratops_oshimai,Leptoceratops_gracilis,Graciliceratops_mongoliensis,Montanoceratops_cerorhynchus,Turanoceratops_tardabilis,Achelousaurus_horneri,Avaceratops_lammersi,Brachyceratops_montanensis,Centrosaurus_apertus,Einiosaurus_procurvicornis,Monoclonius_crassus,Pachyrhinosaurus_canadensis,Styracosaurus_albertensis,Styracosaurus_ovatus,Anchiceratops_ornatus,Arrhinoceratops_brachyops,Chasmosaurus_belli,Chasmosaurus_canadensis,Chasmosaurus_mariscalensis,Chasmosaurus_russelli,Pentaceratops_sternbergii,Torosaurus_latus,Triceratops_horridus" recon_no="65431;52838;52836;56570;66451;52833;56577;52835;65708;52831;64142;64143;65705;65707;55580;55576;52827;67674;52830;67678;53955;55539;63895;63911;53954;54486;66023;56144;56147;63447;63401;66019;63907;52772;66020;55033;63773;63759">MARGINOCEPHALIA</List>
		<List recon_name="Abrictosaurus_consors,Lycorhinus_angustidens,Heterodontosaurus_tucki" recon_no="52903;52899;52902">HETERODONTOSAURIDAE</List>
		<List recon_name="Agilisaurus_louderbacki,Agilisaurus_multidens,Atlascopcosaurus_loadsi,Drinker_nisti,Fulgurotherium_australe,Gongbusaurus_shiyii,Gongbusaurus_wucaiwanensis,Hypsilophodon_foxii,Leaellynasaura_amicagraphica,Orodromeus_makelai,Othnielia_rex,Parksosaurus_warreni,Thescelosaurus_neglectus,Yandusaurus_hongheensis,Zephyrosaurus_schaffi" recon_no="57223;57225;57104;57650;57105;54860;54861;54190;57102;64338;64495;52894;52897;52892;52889">HYPSILOPHODONTOSAURIDAE</List>
		<List recon_name="Muttaburrasaurus_langdoni" recon_no="64271">Muttaburrasaurus</List>
		<List recon_name="Tenontosaurus_tilletti" recon_no="52887">Tenontosaurus</List>
		<List recon_name="Dryosaurus_altus,Dryosaurus_lettowvorbecki,Valdosaurus_canaliculatus,Valdosaurus_nigeriensis" recon_no="54253;56515;52886;64647">DRYOSAURIDAE</List>
		<List recon_name="Camptosaurus_amplus,Camptosaurus_dispar,Camptosaurus_prestwichii" recon_no="65781;52880;64519">CAMPTOSAURIDAE</List>
		<List recon_name="Probactrosaurus_gobiensis" recon_no="52878">Probactrosaurus</List>
		<List recon_name="Iguanodon_anglicus,Iguanodon_atherfieldensis,Iguanodon_bernissartensis,Iguanodon_dawsoni,Iguanodon_fittoni,Iguanodon_hoggi,Iguanodon_lakotaensis" recon_no="66729;64255;58905;66721;64508;110264;65389">IGUANODONTIDAE</List>
		<List recon_name="Ouranosaurus_nigeriensis" recon_no="52877">Ouranosaurus</List>
		<List recon_name="Protohadros_byrdi" recon_no="64527">Protohadros</List>
		<List recon_name="Anatotitan_copei,Aralosaurus_tuberiferus,Brachylophosaurus_canadensis,Brachylophosaurus_goodwini,Edmontosaurus_annectens,Edmontosaurus_regalis,Edmontosaurus_saskatchewanensis,Gryposaurus_notabilis,Hadrosaurus_foulkii,Hadrosaurus_notabilis,Kritosaurus_australis,Kritosaurus_incurvimanus,Lophorhothon_atopus,Maiasaura_peeblesorum,Prosaurolophus_maximus,Saurolophus_angustirostris,Saurolophus_osborni,Shantungosaurus_giganteus" recon_no="64302;67547;65213;64297;64305;63254;64304;63251;52812;95941;66683;63253;67215;55574;53384;64295;53386;69513">HADROSAURINAE</List>
		<List recon_name="Bactrosaurus_johnsoni,Barsboldia_sicinskii,Corythosaurus_casuarius,Hypacrosaurus_altispinus,Jaxartosaurus_aralensis,Lambeosaurus_lambei,Lambeosaurus_magnicristatus,Nipponosaurus_sachalinensis,Parasaurolophus_cyrtocristatus,Parasaurolophus_tubicen,Parasaurolophus_walkeri" recon_no="57344;67253;56403;56406;65693;56724;65429;56972;66260;64355;63256">LAMBEOSAURINAE</List>
	</Taxa>
	<Characters>
		<Molecular/>
		<Morphological number="149">
			<Type>Osteology</Type>
		</Morphological>
		<Behavioural/>
		<Other/>
	</Characters>
	<Analysis>
		<Type>Maximum Parsimony</Type>
	</Analysis>
	<Notes>Based on reanalysis of the original matrix.</Notes>
	<Filename>Sereno_1999ac</Filename>
	<Parent/>
	<Sibling/>
</SourceTree>
