<?xml version="1.0" standalone="yes"?>
<SourceTree>
	<Source>
		<Author>
			<List>Sereno, P. C.</List>
		</Author>
		<Year>1999</Year>
		<Title>The evolution of dinosaurs</Title>
		<Journal>Science</Journal>
		<Volume>284</Volume>
		<Pages>2137-2147</Pages>
		<Booktitle/>
		<Publisher/>
		<City/>
		<Editor/>
	</Source>
	<Taxa number="6">
		<List recon_name="Caudipteryx_zoui,Caenagnathus_collinsi,Caenagnathus_sternbergi,Conchoraptor_gracilis,Ingenia_yanshini,Oviraptor_philoceratops,Rinchenia_mongoliensis" recon_no="66066;54545;54547;67259;57022;55488;68397">OVIRAPTOROSAURIA</List>
		<List recon_name="Borogovia_gracilicrus,Pectinodon_bakkeri,Saurornithoides_junior,Saurornithoides_mongoliensis,Stenonychosaurus_inequalis,Tochisaurus_nemegtensis,Troodon_formosus,Deinonychus_antirrhopus,Velociraptor_mongoliensis" recon_no="64791;54819;57262;54470;54467;66620;54818;54555;54554">DEINONYCHOSAURIA</List>
		<List recon_name="Archaeopteryx_lithographica" recon_no="55487">Archaeopteryx</List>
		<List recon_name="Confuciusornis_sanctus" recon_no="67261">Confuciusornis</List>
		<List recon_name="Alexornis_antecedens,Avisaurus_archibaldi,Cathayornis_yandica,Concornis_lacustris,Enantiornis_leali,Gettyia_gloriae,Gobipteryx_minuta,Kizylkumavis_cretacea,Lectavis_bretincola,Lenesornis_maltshevskyi,Nanantius_eos,Neuquenornis_volans,Noguerornis_gonzalezi,Sazavis_prisca,Sinornis_santensis,Soroavisaurus_australis,Yungavolucris_brevipedalis,Zhyraornis_kashkarovi" recon_no="53319;64064;137353;100984;53307;378787;57334;70298;100986;71345;81247;100989;137424;137281;137389;100991;100988;70296">ENANTIORNITHES</List>
		<List recon_name="Ambiortus_dementjevi,Hesperornis_regalis,Ichthyornis_dispar,Ichthyornis_victor" recon_no="137395;96488;54877;118779">EUORNITHES</List>
	</Taxa>
	<Characters>
		<Molecular/>
		<Morphological number="99">
			<Type>Osteology</Type>
		</Morphological>
		<Behavioural/>
		<Other/>
	</Characters>
	<Analysis>
		<Type>Maximum Parsimony</Type>
	</Analysis>
	<Notes>Based on reanalysis of the original matrix.</Notes>
	<Filename>Sereno_1999ai</Filename>
	<Parent/>
	<Sibling/>
</SourceTree>
