<?xml version="1.0" standalone="yes"?>
<SourceTree>
	<Source>
		<Author>
			<List>Sereno, P. C.</List>
		</Author>
		<Year>1999</Year>
		<Title>The evolution of dinosaurs</Title>
		<Journal>Science</Journal>
		<Volume>284</Volume>
		<Pages>2137-2147</Pages>
		<Booktitle/>
		<Publisher/>
		<City/>
		<Editor/>
	</Source>
	<Taxa number="19">
		<List recon_name="Herrerasaurus_ischigualastensis,Staurikosaurus_pricei" recon_no="55000;55001">HERRERASAURIDAE</List>
		<List recon_name="Elaphrosaurus_bambergi,Ceratosaurus_nasicornis,Abelisaurus_comahuensis,Majungatholus_athopus,Carnotaurus_sastrei,Dilophosaurus_wetherilli,Liliensternus_liliensterni,Procompsognathus_triassicus,Segisaurus_halli,Syntarsus_kayentakatae,Coelophysis_bauri" recon_no="55481;54165;53945;190519;54526;57251;56379;56382;55543;55540;55477">CERATOSAURIA</List>
		<List recon_name="Eustreptospondylus_oxoniensis,Torvosaurus_tanneri" recon_no="53377;53375">TORVOSAURIDAE</List>
		<List recon_name="Baryonyx_walkeri,Spinosaurus_aegyptiacus,Suchomimus_tenerensis" recon_no="53370;53372;53368">SPINOSAURIDAE</List>
		<List recon_name="Allosaurus_fragilis" recon_no="52962">ALLOSAURIDAE</List>
		<List recon_name="Sinraptor_dongi,Sinraptor_hepingensis,Yangchuanosaurus_magnus,Yangchuanosaurus_shangyouensis" recon_no="54821;54824;54825;54826">SINRAPTORIDAE</List>
		<List recon_name="Compsognathus_longipes,Ornitholestes_hermanni" recon_no="53007;55484">COMPSOGNATHIDAE</List>
		<List recon_name="Ornitholestes_hermanni" recon_no="55484">Ornitholestes</List>
		<List recon_name="Deltadromeus_agilis" recon_no="65367">Deltadromeus</List>
		<List recon_name="Enigmosaurus_mongoliensis,Erlikosaurus_andrewsi,Nanshiungosaurus_brevispinus,Segnosaurus_galbinensis,Therizinosaurus_cheloniformis" recon_no="68385;66667;54832;66664;66673">THERIZINOSAURIDAE</List>
		<List recon_name="Alvarezsaurus_calvoi,Mononykus_olecranus,Patagonykus_puertai,Shuvuuia_deserti" recon_no="64775;67288;64773;66044">ALVAREZSAURIDAE</List>
		<List recon_name="Anserimimus_planinychus,Archaeornithomimus_asiaticus,Dromiceiomimus_brevitertius,Dromiceiomimus_samueli,Gallimimus_bullatus,Ornithomimus_edmontonensis,Ornithomimus_velox,Struthiomimus_altus" recon_no="66672;57276;66907;57272;57265;57270;57269;57266">ORNITHOMIMIDAE</List>
		<List recon_name="Albertosaurus_megagracilis,Albertosaurus_sarcophagus,Alectrosaurus_olseni,Alioramus_remotus,Chingkankousaurus_fragilis,Daspletosaurus_torosus,Gorgosaurus_libratus,Maleevosaurus_novojilovi,Nanotyrannus_lancensis,Tarbosaurus_bataar,Tyrannosaurus_luanchuanensis,Tyrannosaurus_rex" recon_no="67649;56319;57253;57259;65684;57258;53194;63709;53213;57254;54835;54833">TYRANNOSAUROIDEA</List>
		<List recon_name="Caudipteryx_zoui" recon_no="66066">Caudipteryx</List>
		<List recon_name="Caenagnathus_collinsi,Caenagnathus_sternbergi" recon_no="54545;54547">CAENAGNATHIDAE</List>
		<List recon_name="Conchoraptor_gracilis,Ingenia_yanshini,Oviraptor_philoceratops,Rinchenia_mongoliensis" recon_no="67259;57022;55488;68397">OVIRAPTORIDAE</List>
		<List recon_name="Archaeopteryx_lithographica,Confuciusornis_sanctus,Alexornis_antecedens,Avisaurus_archibaldi,Cathayornis_yandica,Concornis_lacustris,Enantiornis_leali,Gettyia_gloriae,Gobipteryx_minuta,Kizylkumavis_cretacea,Lectavis_bretincola,Lenesornis_maltshevskyi,Nanantius_eos,Neuquenornis_volans,Noguerornis_gonzalezi,Sazavis_prisca,Sinornis_santensis,Soroavisaurus_australis,Yungavolucris_brevipedalis,Zhyraornis_kashkarovi,Ambiortus_dementjevi,Hesperornis_regalis,Ichthyornis_dispar,Ichthyornis_victor" recon_no="55487;67261;53319;64064;137353;100984;53307;378787;57334;70298;100986;71345;81247;100989;137424;137281;137389;100991;100988;70296;137395;96488;54877;118779">AVES</List>
		<List recon_name="Borogovia_gracilicrus,Pectinodon_bakkeri,Saurornithoides_junior,Saurornithoides_mongoliensis,Stenonychosaurus_inequalis,Tochisaurus_nemegtensis,Troodon_formosus" recon_no="64791;54819;57262;54470;54467;66620;54818">TROODONTIDAE</List>
		<List recon_name="Deinonychus_antirrhopus,Velociraptor_mongoliensis" recon_no="54555;54554">DROMAEOSAURIDAE</List>
	</Taxa>
	<Characters>
		<Molecular/>
		<Morphological number="204">
			<Type>Osteology</Type>
		</Morphological>
		<Behavioural/>
		<Other/>
	</Characters>
	<Analysis>
		<Type>Maximum Parsimony</Type>
	</Analysis>
	<Notes>Based on reanalysis of the original matrix.</Notes>
	<Filename>Sereno_1999ah</Filename>
	<Parent/>
	<Sibling/>
</SourceTree>
