<?xml version="1.0" standalone="yes"?>
<SourceTree>
	<Source>
		<Author>
			<List>Sereno, P. C.</List>
			<List>Dong, Z.</List>
		</Author>
		<Year>1992</Year>
		<Title>The skull of the basal stegosaur <em>Huayangosaurus taibaii</em> and a cladistic diagnosis of Stegosauria</Title>
		<Journal>Journal of Vertebrate Paleontology</Journal>
		<Volume>12</Volume>
		<Pages>318-343</Pages>
		<Booktitle/>
		<Publisher/>
		<City/>
		<Editor/>
	</Source>
	<Taxa number="6">
		<List recon_name="Scutellosaurus_lawleri" recon_no="67088">Scutellosaurus</List>
		<List recon_name="Scelidosaurus_harrisonii" recon_no="53042">Scelidosaurus</List>
		<List recon_name="Acanthopholis_horridus,Amtosaurus_magnus,Ankylosaurus_magniventris,Denversaurus_schlessmani,Dracopelta_zbyszewskii,Edmontonia_longiceps,Edmontonia_rugosidens,Euoplocephalus_tutus,Hoplitosaurus_marshi,Hylaeosaurus_armatus,Maleevus_disparoserratus,Minmi_paravertebrata,Minmi_paravertebrata,Nodosaurus_textilis,Panoplosaurus_mirus,Pinacosaurus_grangeri,Saichania_chulsanensis,Sarcolestes_leedsi,Sauropelta_edwardsi,Shamosaurus_scutatus,Silvisaurus_condrayi,Struthiosaurus_transylvanicus,Talarurus_plicatospineus,Tarchia_gigantea" recon_no="53045;57226;52793;68191;64525;63920;66027;63917;57577;52782;82619;64270;64270;52780;52788;52911;52910;64524;52789;52795;52791;64748;52797;52905">Ankylosauria</List>
		<List recon_name="Huayangosaurus_taibaii" recon_no="54858">Huayangosaurus</List>
		<List recon_name="Dacentrurus_armatus" recon_no="56505">Dacentrus</List>
		<List recon_name="Tuojiangosaurus_multispinus,Lexovisaurus_durobrivensis,Chialingosaurus_kuani,Chungkingosaurus_jiangbeiensis,Kentrosaurus_aethiopicus,Stegosaurus_armatus,Stegosaurus_stenops,Stegosaurus_longispinus,Wuerhosaurus_homheni" recon_no="54854;38812;56486;56487;56490;52941;56491;56492;56493">Other_stegosaurs</List>
	</Taxa>
	<Characters>
		<Molecular/>
		<Morphological number="22">
			<Type>Osteology</Type>
		</Morphological>
		<Behavioural/>
		<Other/>
	</Characters>
	<Analysis>
		<Type>Maximum Parsimony</Type>
	</Analysis>
	<Notes>Based on reanalysis of the original matrix.</Notes>
	<Filename>Sereno_et_Dong_1992a</Filename>
	<Parent/>
	<Sibling/>
</SourceTree>
