<?xml version="1.0" standalone="yes"?>
<SourceTree>
	<Source>
		<Author>
			<List>Sereno, P. C.</List>
		</Author>
		<Year>1999</Year>
		<Title>The evolution of dinosaurs</Title>
		<Journal>Science</Journal>
		<Volume>284</Volume>
		<Pages>2137-2147</Pages>
		<Booktitle/>
		<Publisher/>
		<City/>
		<Editor/>
	</Source>
	<Taxa number="13">
		<List recon_name="Herrerasaurus_ischigualastensis,Staurikosaurus_pricei,Elaphrosaurus_bambergi,Ceratosaurus_nasicornis,Abelisaurus_comahuensis,Majungatholus_athopus,Carnotaurus_sastrei,Dilophosaurus_wetherilli,Liliensternus_liliensterni,Procompsognathus_triassicus,Segisaurus_halli,Syntarsus_kayentakatae,Coelophysis_bauri,Eustreptospondylus_oxoniensis,Torvosaurus_tanneri,Baryonyx_walkeri,Spinosaurus_aegyptiacus,Suchomimus_tenerensis,Allosaurus_fragilis,Sinraptor_dongi,Sinraptor_hepingensis,Yangchuanosaurus_magnus,Yangchuanosaurus_shangyouensis,Compsognathus_longipes,Ornitholestes_hermanni,Ornitholestes_hermanni,Deltadromeus_agilis,Enigmosaurus_mongoliensis,Erlikosaurus_andrewsi,Nanshiungosaurus_brevispinus,Segnosaurus_galbinensis,Therizinosaurus_cheloniformis,Alvarezsaurus_calvoi,Mononykus_olecranus,Patagonykus_puertai,Shuvuuia_deserti,Anserimimus_planinychus,Archaeornithomimus_asiaticus,Dromiceiomimus_brevitertius,Dromiceiomimus_samueli,Gallimimus_bullatus,Ornithomimus_edmontonensis,Ornithomimus_velox,Struthiomimus_altus,Albertosaurus_megagracilis,Albertosaurus_sarcophagus,Alectrosaurus_olseni,Alioramus_remotus,Chingkankousaurus_fragilis,Daspletosaurus_torosus,Gorgosaurus_libratus,Maleevosaurus_novojilovi,Nanotyrannus_lancensis,Tarbosaurus_bataar,Tyrannosaurus_luanchuanensis,Tyrannosaurus_rex,Caudipteryx_zoui,Caenagnathus_collinsi,Caenagnathus_sternbergi,Conchoraptor_gracilis,Ingenia_yanshini,Oviraptor_philoceratops,Rinchenia_mongoliensis,Archaeopteryx_lithographica,Confuciusornis_sanctus,Alexornis_antecedens,Avisaurus_archibaldi,Cathayornis_yandica,Concornis_lacustris,Enantiornis_leali,Gettyia_gloriae,Gobipteryx_minuta,Kizylkumavis_cretacea,Lectavis_bretincola,Lenesornis_maltshevskyi,Nanantius_eos,Neuquenornis_volans,Noguerornis_gonzalezi,Sazavis_prisca,Sinornis_santensis,Soroavisaurus_australis,Yungavolucris_brevipedalis,Zhyraornis_kashkarovi,Ambiortus_dementjevi,Hesperornis_regalis,Ichthyornis_dispar,Ichthyornis_victor,Borogovia_gracilicrus,Pectinodon_bakkeri,Saurornithoides_junior,Saurornithoides_mongoliensis,Stenonychosaurus_inequalis,Tochisaurus_nemegtensis,Troodon_formosus,Deinonychus_antirrhopus,Velociraptor_mongoliensis" recon_no="55000;55001;55481;54165;53945;190519;54526;57251;56379;56382;55543;55540;55477;53377;53375;53370;53372;53368;52962;54821;54824;54825;54826;53007;55484;55484;65367;68385;66667;54832;66664;66673;64775;67288;64773;66044;66672;57276;66907;57272;57265;57270;57269;57266;67649;56319;57253;57259;65684;57258;53194;63709;53213;57254;54835;54833;66066;54545;54547;67259;57022;55488;68397;55487;67261;53319;64064;137353;100984;53307;378787;57334;70298;100986;71345;81247;100989;137424;137281;137389;100991;100988;70296;137395;96488;54877;118779;64791;54819;57262;54470;54467;66620;54818;54555;54554">THEROPODA</List>
		<List recon_name="Riojasaurus_incertus,Gyposaurus_sinensis,Ammosaurus_major,Yunnanosaurus_huangi,Massospondylus_carinatus,Lufengosaurus_huenei,Coloradisaurus_brevis,Sellosaurus_gracilis,Plateosaurus_engelhardti" recon_no="56585;64288;54161;56629;56595;56597;68584;54996;56683">PROSAUROPODA</List>
		<List recon_name="Vulcanodon_karibaensis" recon_no="54979">Vulcanodon</List>
		<List recon_name="Shunosaurus_lii" recon_no="56457">Shunosaurus</List>
		<List recon_name="Barapasaurus_tagorei" recon_no="55547">Barapasaurus</List>
		<List recon_name="Omeisaurus_junghsiensis,Omeisaurus_tianfuensis" recon_no="56461;56462">Omeisaurus</List>
		<List recon_name="Amphicoelias_altus,Amargasaurus_cazaui,Dicraeosaurus_hansemanni" recon_no="53181;53962;65941">DICRAEOSAURIDAE</List>
		<List recon_name="Apatosaurus_ajax,Barosaurus_lentus,Diplodocus_longus" recon_no="52958;54166;52920">DIPLODOCIDAE</List>
		<List recon_name="Haplocanthosaurus_delfsi,Haplocanthosaurus_priscus" recon_no="66582;64504">Haplocanthosaurus</List>
		<List recon_name="Camarasaurus_grandis" recon_no="67181">Camarasaurus</List>
		<List recon_name="Brachiosaurus_altithorax,Brachiosaurus_brancai,Eucamerotus_foxi,Pleurocoelus_montanus" recon_no="54864;64501;54172;67182">BRACHIOSAURIDAE</List>
		<List recon_name="Euhelopus_zdanskyi" recon_no="54868">Euhelopus</List>
		<List recon_name="Aeolosaurus_rionegrinus,Alamosaurus_sanjuanensis,Ampelosaurus_atacis,Andesaurus_delgadoi,Argentinosaurus_huinculensis,Epachthosaurus_sciuttoi,Magyarosaurus_dacus,Malawisaurus_dixeyi,Nemegtosaurus_mongoliensis,Neuquensaurus_australis,Opisthocoelicaudia_skarzynskii,Saltasaurus_loricatus" recon_no="58847;63399;65140;58918;66646;57467;64332;57458;54841;64315;57335;58838">TITANOSAURIA</List>
	</Taxa>
	<Characters>
		<Molecular/>
		<Morphological number="116">
			<Type>Osteology</Type>
		</Morphological>
		<Behavioural/>
		<Other/>
	</Characters>
	<Analysis>
		<Type>Maximum Parsimony</Type>
	</Analysis>
	<Notes>Based on reanalysis of the original matrix.</Notes>
	<Filename>Sereno_1999af</Filename>
	<Parent/>
	<Sibling/>
</SourceTree>
