<?xml version="1.0" standalone="yes"?>
<SourceTree>
	<Source>
		<Author>
			<List>Sereno, P. C.</List>
			<List>Dutheil, D. B.</List>
			<List>Iarochene, M.</List>
			<List>Larsson, H. C. E.</List>
			<List>Lyon, G. H.</List>
			<List>Magwene, P. M.</List>
			<List>Sidor, C. A.</List>
			<List>Varricchio, D. J.</List>
			<List>Wilson, J. A.</List>
		</Author>
		<Year>1996</Year>
		<Title>Predatory dinosaurs from the Sahara and Late Cretaceous faunal differentiation</Title>
		<Journal>Science</Journal>
		<Volume>272</Volume>
		<Pages>986-991</Pages>
		<Booktitle/>
		<Publisher/>
		<City/>
		<Editor/>
	</Source>
	<Taxa number="15">
		<List recon_name="Eoraptor_lunensis,Herrerasaurus_ischigualastensis,Staurikosaurus_pricei" recon_no="57454;55000;55001">Outgroup__Eoraptor__plus__Herrerasauridae_</List>
		<List recon_name="Elaphrosaurus_bambergi,Ceratosaurus_nasicornis,Abelisaurus_comahuensis,Majungatholus_athopus,Carnotaurus_sastrei,Dilophosaurus_wetherilli,Liliensternus_liliensterni,Procompsognathus_triassicus,Segisaurus_halli,Syntarsus_kayentakatae,Coelophysis_bauri" recon_no="55481;54165;53945;190519;54526;57251;56379;56382;55543;55540;55477">Ceratosauria</List>
		<List recon_name="Afrovenator_abakensis" recon_no="56399">Afrovenator</List>
		<List recon_name="Eustreptospondylus_oxoniensis,Torvosaurus_tanneri" recon_no="53377;53375">Torvosauridae</List>
		<List recon_name="Angaturama_limai,Baryonyx_walkeri,Irritator_challengeri,Spinosaurus_aegyptiacus" recon_no="64276;53370;64273;53372">Splnosauridae</List>
		<List recon_name="Sinraptor_dongi,Sinraptor_hepingensis,Yangchuanosaurus_magnus,Yangchuanosaurus_shangyouensis" recon_no="54821;54824;54825;54826">Sinraptoridae</List>
		<List recon_name="Cryolophosaurus_ellioti" recon_no="64372">Cryolophosaurus</List>
		<List recon_name="Monolophosaurus_jiangi" recon_no="64122">Monolophosaurus</List>
		<List recon_name="Allosaurus_fragilis" recon_no="52962">Allosaurus</List>
		<List recon_name="Giganotosaurus_carolinii" recon_no="54541">Giganotosaurus</List>
		<List recon_name="Acrocanthosaurus_atokensis" recon_no="55482">Acrocanthosaur</List>
		<List recon_name="Carcharodontosaurus_saharicus" recon_no="65365">Carcharodontosaurus</List>
		<List recon_name="Ornitholestes_hermanni" recon_no="55484">Ornitholestes</List>
		<List recon_name="Deltadromeus_agilis" recon_no="65367">Deltadromeus</List>
		<List recon_name="Enigmosaurus_mongoliensis,Erlikosaurus_andrewsi,Nanshiungosaurus_brevispinus,Segnosaurus_galbinensis,Therizinosaurus_cheloniformis,Anserimimus_planinychus,Archaeornithomimus_asiaticus,Dromiceiomimus_brevitertius,Dromiceiomimus_samueli,Gallimimus_bullatus,Ornithomimus_edmontonensis,Ornithomimus_velox,Struthiomimus_altus,Albertosaurus_megagracilis,Albertosaurus_sarcophagus,Alectrosaurus_olseni,Alioramus_remotus,Chingkankousaurus_fragilis,Daspletosaurus_torosus,Gorgosaurus_libratus,Maleevosaurus_novojilovi,Nanotyrannus_lancensis,Tarbosaurus_bataar,Tyrannosaurus_luanchuanensis,Tyrannosaurus_rex,Caenagnathus_collinsi,Caenagnathus_sternbergi,Borogovia_gracilicrus,Pectinodon_bakkeri,Saurornithoides_junior,Saurornithoides_mongoliensis,Stenonychosaurus_inequalis,Tochisaurus_nemegtensis,Troodon_formosus,Deinonychus_antirrhopus,Velociraptor_mongoliensis,Archaeopteryx_lithographica,Confuciusornis_sanctus,Alexornis_antecedens,Avisaurus_archibaldi,Cathayornis_yandica,Concornis_lacustris,Enantiornis_leali,Gettyia_gloriae,Gobipteryx_minuta,Kizylkumavis_cretacea,Lectavis_bretincola,Lenesornis_maltshevskyi,Nanantius_eos,Neuquenornis_volans,Noguerornis_gonzalezi,Sazavis_prisca,Sinornis_santensis,Soroavisaurus_australis,Yungavolucris_brevipedalis,Zhyraornis_kashkarovi,Ambiortus_dementjevi,Hesperornis_regalis,Ichthyornis_dispar,Ichthyornis_victor" recon_no="68385;66667;54832;66664;66673;66672;57276;66907;57272;57265;57270;57269;57266;67649;56319;57253;57259;65684;57258;53194;63709;53213;57254;54835;54833;54545;54547;64791;54819;57262;54470;54467;66620;54818;54555;54554;55487;67261;53319;64064;137353;100984;53307;378787;57334;70298;100986;71345;81247;100989;137424;137281;137389;100991;100988;70296;137395;96488;54877;118779">Other_coelurosaurs</List>
	</Taxa>
	<Characters>
		<Molecular/>
		<Morphological number="63">
			<Type>Osteology</Type>
		</Morphological>
		<Behavioural/>
		<Other/>
	</Characters>
	<Analysis>
		<Type>Maximum Parsimony</Type>
	</Analysis>
	<Notes>Based on reanalysis of the original matrix.</Notes>
	<Filename>Sereno_etal_1996a</Filename>
	<Parent/>
	<Sibling/>
</SourceTree>
