<?xml version="1.0" standalone="yes"?>
<SourceTree>
	<Source>
		<Author>
			<List>Sereno, P. C.</List>
			<List>Brusatte, S. L.</List>
		</Author>
		<Year>2008</Year>
		<Title>Basal abelisaurid and carcharodontosaurid theropods from the Lower Cretaceous Elrhaz Formation of Niger</Title>
		<Journal>Acta Palaeontologica Polonica</Journal>
		<Volume>53</Volume>
		<Pages>15-46</Pages>
		<Booktitle/>
		<Publisher/>
		<City/>
		<Editor/>
	</Source>
	<Taxa number="9">
		<List recon_name="Sinraptor_dongi" recon_no="54821">Sinraptor</List>
		<List recon_name="Allosaurus_fragilis" recon_no="52962">Allosaurus</List>
		<List recon_name="Neovenator_salerii" recon_no="64120">Neovenator</List>
		<List recon_name="Tyrannotitan_chubutensis" recon_no="77208">Tyrannotitan</List>
		<List recon_name="Eocarcharia_dinops" recon_no="123318">Eocarcharia</List>
		<List recon_name="Acrocanthosaurus_atokensis" recon_no="55482">Acrocanthosaurus</List>
		<List recon_name="Mapusaurus_roseae" recon_no="77206">Mapusaurus</List>
		<List recon_name="Giganotosaurus_carolinii" recon_no="54541">Giganotosaurus</List>
		<List recon_name="Carcharodontosaurus_iguidensis,Carcharodontosaurus_saharicus" recon_no="113860;65365">Carcharodontosaurus</List>
	</Taxa>
	<Characters>
		<Molecular/>
		<Morphological number="60">
			<Type>Osteology</Type>
		</Morphological>
		<Behavioural/>
		<Other/>
	</Characters>
	<Analysis>
		<Type>Maximum Parsimony</Type>
	</Analysis>
	<Notes>Based on reanalysis of the original matrix.</Notes>
	<Filename>Sereno_et_Brusatte_2008ab</Filename>
	<Parent>Brusatte_et_Sereno_2008a</Parent>
	<Sibling/>
</SourceTree>
