<?xml version="1.0" standalone="yes"?>
<SourceTree>
	<Source>
		<Author>
			<List>Sereno, P. C.</List>
			<List>Tan, L.</List>
			<List>Brusatte, S. L.</List>
			<List>Kriegstein, H. J.</List>
			<List>Zhao, X.-J.</List>
			<List>Cloward, K.</List>
		</Author>
		<Year>2009</Year>
		<Title>Tyrannosaurid skeletal design first evolved at small body size</Title>
		<Journal>Science</Journal>
		<Volume>326</Volume>
		<Pages>418-422</Pages>
		<Booktitle/>
		<Publisher/>
		<City/>
		<Editor/>
	</Source>
	<Taxa number="15">
		<List recon_name="Sinornithosaurus_millenii,Velociraptor_mongoliensis,Citipati_osmolskae,Caudipteryx_zoui" recon_no="68205;54554;57024;66066">MANIRAPTORA</List>
		<List recon_name="Shenzhousaurus_orientalis,Sinornithomimus_dongi" recon_no="68334;68342">ORNITHOMIMOSAURIA</List>
		<List recon_name="Ornitholestes_hermanni" recon_no="55484">Ornitholestes</List>
		<List recon_name="Compsognathus_longipes,Huaxiagnathus_orientalis,Sinosauropteryx_prima" recon_no="53007;68221;54549">COMPSOGNATHIDAE</List>
		<List recon_name="Guanlong_wucaii" recon_no="71191">Guanlong</List>
		<List recon_name="Dilong_paradoxus" recon_no="58836">Dilong</List>
		<List recon_name="Eotyrannus_lengi" recon_no="68317">Eotyrannus</List>
		<List recon_name="Stokesosaurus_clevelandi" recon_no="64493">Stokesosaurus</List>
		<List recon_name="Xiongguanlong_baimoensis" recon_no="146100">Xiongguanlong</List>
		<List recon_name="Raptorex_kriegsteini" recon_no="154175">Raptorex</List>
		<List recon_name="Gorgosaurus_libratus" recon_no="53194">Gorgosaurus</List>
		<List recon_name="Albertosaurus_sarcophagus" recon_no="56319">Albertosaurus</List>
		<List recon_name="Daspletosaurus_torosus" recon_no="57258">Daspletosaurus</List>
		<List recon_name="Tarbosaurus_bataar" recon_no="57254">Tarbosaurus</List>
		<List recon_name="Tyrannosaurus_rex" recon_no="54833">Tyrannosaurus</List>
	</Taxa>
	<Characters>
		<Molecular/>
		<Morphological number="101">
			<Type>Osteology</Type>
		</Morphological>
		<Behavioural/>
		<Other/>
	</Characters>
	<Analysis>
		<Type>Maximum Parsimony</Type>
	</Analysis>
	<Notes>Based on reanalysis of the original matrix.</Notes>
	<Filename>Sereno_etal_2009a</Filename>
	<Parent/>
	<Sibling/>
</SourceTree>
