<?xml version="1.0" standalone="yes"?>
<SourceTree>
	<Source>
		<Author>
			<List>Sereno, P. C.</List>
		</Author>
		<Year>1999</Year>
		<Title>The evolution of dinosaurs</Title>
		<Journal>Science</Journal>
		<Volume>284</Volume>
		<Pages>2137-2147</Pages>
		<Booktitle/>
		<Publisher/>
		<City/>
		<Editor/>
	</Source>
	<Taxa number="19">
		<List recon_name="Scutellosaurus_lawleri,Emausaurus_ernsti,Scelidosaurus_harrisonii,Huayangosaurus_taibaii,Dacentrurus_armatus,Tuojiangosaurus_multispinus,Lexovisaurus_durobrivensis,Chialingosaurus_kuani,Chungkingosaurus_jiangbeiensis,Kentrosaurus_aethiopicus,Stegosaurus_armatus,Stegosaurus_stenops,Stegosaurus_longispinus,Wuerhosaurus_homheni,Hylaeosaurus_armatus,Pawpawsaurus_campbelli,Acanthopholis_horridus,Denversaurus_schlessmani,Dracopelta_zbyszewskii,Edmontonia_longiceps,Edmontonia_rugosidens,Hoplitosaurus_marshi,Minmi_paravertebrata,Mymoorapelta_maysi,Nodosaurus_textilis,Panoplosaurus_mirus,Sarcolestes_leedsi,Sauropelta_edwardsi,Silvisaurus_condrayi,Struthiosaurus_transylvanicus,Texasetes_pleurohalio,Gargoyleosaurus_parkpinorum,Shamosaurus_scutatus,Minmi_paravertebrata,Gastonia_burgei,Pinacosaurus_grangeri,Amtosaurus_magnus,Ankylosaurus_magniventris,Euoplocephalus_tutus,Maleevus_disparoserratus,Saichania_chulsanensis,Talarurus_plicatospineus,Tarchia_gigantea,Tianzhenosaurus_youngi,Tsagantegia_longicranialis" recon_no="67088;64406;53042;54858;56505;54854;56501;56486;56487;56490;52941;56491;56492;56493;52782;55999;53045;68191;64525;63920;66027;57577;64270;57683;52780;52788;64524;52789;52791;64748;66852;82609;52795;64270;63701;52911;57226;52793;63917;82619;52910;52797;52905;66504;68199">THYREOPHORA</List>
		<List recon_name="Abrictosaurus_consors,Lycorhinus_angustidens,Heterodontosaurus_tucki,Agilisaurus_louderbacki,Agilisaurus_multidens,Atlascopcosaurus_loadsi,Drinker_nisti,Fulgurotherium_australe,Gongbusaurus_shiyii,Gongbusaurus_wucaiwanensis,Hypsilophodon_foxii,Leaellynasaura_amicagraphica,Orodromeus_makelai,Othnielia_rex,Parksosaurus_warreni,Thescelosaurus_neglectus,Yandusaurus_hongheensis,Zephyrosaurus_schaffi,Muttaburrasaurus_langdoni,Tenontosaurus_tilletti,Dryosaurus_altus,Dryosaurus_lettowvorbecki,Valdosaurus_canaliculatus,Valdosaurus_nigeriensis,Camptosaurus_amplus,Camptosaurus_dispar,Camptosaurus_prestwichii,Probactrosaurus_gobiensis,Iguanodon_anglicus,Iguanodon_atherfieldensis,Iguanodon_bernissartensis,Iguanodon_dawsoni,Iguanodon_fittoni,Iguanodon_hoggi,Iguanodon_lakotaensis,Ouranosaurus_nigeriensis,Protohadros_byrdi,Anatotitan_copei,Aralosaurus_tuberiferus,Brachylophosaurus_canadensis,Brachylophosaurus_goodwini,Edmontosaurus_annectens,Edmontosaurus_regalis,Edmontosaurus_saskatchewanensis,Gryposaurus_notabilis,Hadrosaurus_foulkii,Hadrosaurus_notabilis,Kritosaurus_australis,Kritosaurus_incurvimanus,Lophorhothon_atopus,Maiasaura_peeblesorum,Prosaurolophus_maximus,Saurolophus_angustirostris,Saurolophus_osborni,Shantungosaurus_giganteus,Bactrosaurus_johnsoni,Barsboldia_sicinskii,Corythosaurus_casuarius,Hypacrosaurus_altispinus,Jaxartosaurus_aralensis,Lambeosaurus_lambei,Lambeosaurus_magnicristatus,Nipponosaurus_sachalinensis,Parasaurolophus_cyrtocristatus,Parasaurolophus_tubicen,Parasaurolophus_walkeri" recon_no="52903;52899;52902;57223;57225;57104;57650;57105;54860;54861;54190;57102;64338;64495;52894;52897;52892;52889;64271;52887;54253;56515;52886;64647;65781;52880;64519;52878;66729;64255;58905;66721;64508;110264;65389;52877;64527;64302;67547;65213;64297;64305;63254;64304;63251;52812;95941;66683;63253;67215;55574;53384;64295;53386;69513;57344;67253;56403;56406;65693;56724;65429;56972;66260;64355;63256">ORNITHOPODA</List>
		<List recon_name="Stenopelix_valdensis" recon_no="65431">Stenopelix</List>
		<List recon_name="Goyocephale_lattimorei" recon_no="52838">Goyocephale</List>
		<List recon_name="Homalocephale_calathocercos" recon_no="52836">Homalocephale</List>
		<List recon_name="Stegoceras_validum" recon_no="56570">Stegoceras</List>
		<List recon_name="Tylocephale_gilmorei" recon_no="66451">Tylocephale</List>
		<List recon_name="Prenocephale_prenes" recon_no="52833">Prenocephale</List>
		<List recon_name="Stygimoloch_spinifer" recon_no="56577">Stygimoloch</List>
		<List recon_name="Pachycephalosaurus_wyomingensis" recon_no="52835">Pachycephalosaurus</List>
		<List recon_name="Psittacosaurus_meileyingensis,Psittacosaurus_mongoliensis,Psittacosaurus_neimongoliensis,Psittacosaurus_ordosensis,Psittacosaurus_sinensis,Psittacosaurus_xinjiangensis" recon_no="65708;52831;64142;64143;65705;65707">Psittacosaurus</List>
		<List recon_name="Chaoyangsaurus_youngi" recon_no="55580">Chaoyangsaurus</List>
		<List recon_name="Archaeoceratops_oshimai" recon_no="55576">Archaeoceratops</List>
		<List recon_name="Leptoceratops_gracilis" recon_no="52827">Leptoceratops</List>
		<List recon_name="Graciliceratops_mongoliensis" recon_no="67674">PROTOCERATOPSIDAE</List>
		<List recon_name="Montanoceratops_cerorhynchus" recon_no="52830">Montanoceratops</List>
		<List recon_name="Turanoceratops_tardabilis" recon_no="67678">Turanoceratops</List>
		<List recon_name="Achelousaurus_horneri,Avaceratops_lammersi,Brachyceratops_montanensis,Centrosaurus_apertus,Einiosaurus_procurvicornis,Monoclonius_crassus,Pachyrhinosaurus_canadensis,Styracosaurus_albertensis,Styracosaurus_ovatus" recon_no="53955;55539;63895;63911;53954;54486;66023;56144;56147">CENTROSAURINAE</List>
		<List recon_name="Anchiceratops_ornatus,Arrhinoceratops_brachyops,Chasmosaurus_belli,Chasmosaurus_canadensis,Chasmosaurus_mariscalensis,Chasmosaurus_russelli,Pentaceratops_sternbergii,Torosaurus_latus,Triceratops_horridus" recon_no="63447;63401;66019;63907;52772;66020;55033;63773;63759">CERATOPSINAE</List>
	</Taxa>
	<Characters>
		<Molecular/>
		<Morphological number="155">
			<Type>Osteology</Type>
		</Morphological>
		<Behavioural/>
		<Other/>
	</Characters>
	<Analysis>
		<Type>Maximum Parsimony</Type>
	</Analysis>
	<Notes>Based on reanalysis of the original matrix.</Notes>
	<Filename>Sereno_1999ad</Filename>
	<Parent/>
	<Sibling/>
</SourceTree>
