<?xml version="1.0" standalone="yes"?>
<SourceTree>
	<Source>
		<Author>
			<List>Sereno, P. C.</List>
		</Author>
		<Year>1993</Year>
		<Title>The pectoral girdle and forelimb of the basal theropod <em>Herrerasaurus ischigualastensis</em></Title>
		<Journal>Journal of Vertebrate Paleontology</Journal>
		<Volume>13</Volume>
		<Pages>425-450</Pages>
		<Booktitle/>
		<Publisher/>
		<City/>
		<Editor/>
	</Source>
	<Taxa number="7">
		<List recon_name="Eudimorphodon_ranzii" recon_no="131614">PTEROSAURIA</List>
		<List recon_name="Lagosuchus_lilloensis" recon_no="53206">Lagosuchus_lilloensis</List>
		<List recon_name="Plateosaurus_engelhardti" recon_no="56683">Plateosaurus_engelhardti</List>
		<List recon_name="Coelophysis_bauri" recon_no="55477">Coelophysis_bauri</List>
		<List recon_name="Staurikosaurus_pricei" recon_no="55001">Staurikosaurus_pricei</List>
		<List recon_name="Lesothosaurus_diagnosticus" recon_no="57574">Lesothosaurus_diagnosticus</List>
		<List recon_name="Herrerasaurus_ischigualastensis" recon_no="55000">Herrerasaurus_ischigualastensis</List>
	</Taxa>
	<Characters>
		<Molecular/>
		<Morphological number="10">
			<Type>Osteology</Type>
		</Morphological>
		<Behavioural/>
		<Other/>
	</Characters>
	<Analysis>
		<Type>Maximum Parsimony</Type>
	</Analysis>
	<Notes>Based on reanalysis of the original matrix (although it was not intended for phylogenetic analysis).</Notes>
	<Filename>Sereno_1993a</Filename>
	<Parent/>
	<Sibling/>
</SourceTree>
