<?xml version="1.0" standalone="yes"?>
<SourceTree>
	<Source>
		<Author>
			<List>Sereno, P. C.</List>
		</Author>
		<Year>2012</Year>
		<Title>Taxonomy, morphology, masticatory function and phylogeny of heterodontosaurid dinosaurs</Title>
		<Journal>ZooKeys</Journal>
		<Volume>226</Volume>
		<Pages>1-225</Pages>
		<Booktitle/>
		<Publisher/>
		<City/>
		<Editor/>
	</Source>
	<Taxa number="13">
		<List recon_name="Eoraptor_lunensis" recon_no="57454">Eoraptor</List>
		<List recon_name="Eodromaeus_murphi" recon_no="174879">Eodromaeus</List>
		<List recon_name="Lesothosaurus_diagnosticus" recon_no="57574">Lesothosaurus</List>
		<List recon_name="Hypsilophodon_foxii,Yandusaurus_hongheensis" recon_no="54190;52892">Neornithischia</List>
		<List recon_name="Emausaurus_ernsti,Scelidosaurus_harrisonii,Scutellosaurus_lawleri" recon_no="64406;53042;67088">Thyreophora</List>
		<List recon_name="Echinodon_becklesii" recon_no="58901">Echinodon</List>
		<List recon_name="Fruitadens_haagarorum" recon_no="157201">Fruitadens</List>
		<List recon_name="Tianyulong_confuciusi" recon_no="143496">Tianyulong</List>
		<List recon_name="Lycorhinus_angustidens" recon_no="52899">Lycorhinus</List>
		<List recon_name="Manidens_condorensis" recon_no="185175">Manidens</List>
		<List recon_name="Pegomastax_africanus" recon_no="248278">Pegomastax</List>
		<List recon_name="Abrictosaurus_consors" recon_no="52903">Abrictosaurus</List>
		<List recon_name="Heterodontosaurus_tucki" recon_no="52902">Heterodontosaurus</List>
	</Taxa>
	<Characters>
		<Molecular/>
		<Morphological number="30">
			<Type>Osteology</Type>
		</Morphological>
		<Behavioural/>
		<Other/>
	</Characters>
	<Analysis>
		<Type>Maximum Parsimony</Type>
	</Analysis>
	<Notes>Based on reanalysis of the original matrix.</Notes>
	<Filename>Sereno_2012a</Filename>
	<Parent/>
	<Sibling/>
</SourceTree>
