<?xml version="1.0" standalone="yes"?>
<SourceTree>
	<Source>
		<Author>
			<List>Smith, J. B.</List>
			<List>Lamanna, M. C.</List>
			<List>Lacovara, K. J.</List>
			<List>Dodson, P.</List>
			<List>Smith, J. R.</List>
			<List>Poole, J. C.</List>
			<List>Giegengack, R.</List>
			<List>Attia, Y.</List>
		</Author>
		<Year>2001</Year>
		<Title>A giant sauropod dinosaur from an Upper Cretaceous mangrove deposit in Egypt</Title>
		<Journal>Science</Journal>
		<Volume>292</Volume>
		<Pages>1704-1706</Pages>
		<Booktitle/>
		<Publisher/>
		<City/>
		<Editor/>
	</Source>
	<Taxa number="9">
		<List recon_name="Camarasaurus_grandis" recon_no="67181">Camarasaurus</List>
		<List recon_name="Brachiosaurus_brancai" recon_no="64501">Brachiosaurus_brancai</List>
		<List recon_name="Andesaurus_delgadoi" recon_no="58918">Andesaurus</List>
		<List recon_name="Epachthosaurus_sciuttoi" recon_no="57467">Epachthosaurus</List>
		<List recon_name="Opisthocoelicaudia_skarzynskii" recon_no="57335">Opisthocoelicaudia</List>
		<List recon_name="Alamosaurus_sanjuanensis" recon_no="63399">Alamosaurus</List>
		<List recon_name="Malawisaurus_dixeyi" recon_no="57458">Malawisaurus</List>
		<List recon_name="Paralititan_stromeri" recon_no="64374">Paralititan</List>
		<List recon_name="Saltasaurus_loricatus" recon_no="58838">Saltasaurus</List>
	</Taxa>
	<Characters>
		<Molecular/>
		<Morphological number="56">
			<Type>Osteology</Type>
		</Morphological>
		<Behavioural/>
		<Other/>
	</Characters>
	<Analysis>
		<Type>Maximum Parsimony</Type>
	</Analysis>
	<Notes>Based on reanalysis of the original matrix.</Notes>
	<Filename>Smith_etal_2001a</Filename>
	<Parent>Upchurch_1998a</Parent>
	<Sibling/>
</SourceTree>
