<?xml version="1.0" standalone="yes"?>
<SourceTree>
	<Source>
		<Author>
			<List>Smith, N. D.</List>
			<List>Makovicky, P. J.</List>
			<List>Agnolin, F. L.</List>
			<List>Ezcurra, M. D.</List>
			<List>Pais, D. F.</List>
			<List>Salisbury, S. W.</List>
		</Author>
		<Year>2008</Year>
		<Title>A <em>Megaraptor</em>-like theropod (Dinosauria: Tetanurae) in Australia: support for faunal exchange across eastern and western Gondwana in the mid-Cretaceous</Title>
		<Journal>Proceedings of the Royal Society of London B</Journal>
		<Volume>275</Volume>
		<Pages>2085-2093</Pages>
		<Booktitle/>
		<Publisher/>
		<City/>
		<Editor/>
	</Source>
	<Taxa number="58">
		<List recon_name="Marasuchus_lilloensis" recon_no="66342">Marasuchus</List>
		<List recon_name="Silesaurus_opolensis" recon_no="81776">Silesaurus</List>
		<List recon_name="Herrerasaurus_ischigualastensis" recon_no="55000">Herrerasaurus</List>
		<List recon_name="Eoraptor_lunensis" recon_no="57454">Eoraptor</List>
		<List recon_name="Saturnalia_tupiniquim" recon_no="68124">Saturnalia</List>
		<List recon_name="Plateosaurus_engelhardti" recon_no="56683">Plateosaurus</List>
		<List recon_name="Liliensternus_liliensterni" recon_no="56379">Liliensternus_liliensterni</List>
		<List recon_name="Coelophysis_bauri" recon_no="55477">Coelophysis_bauri</List>
		<List recon_name="Coelophysis_rhodesiensis" recon_no="67921">Coelophysis_rhodesiensis</List>
		<List recon_name="Syntarsus_kayentakatae" recon_no="55540">Syntarsus_kayentakatae</List>
		<List recon_name="Segisaurus_halli" recon_no="55543">Segisaurus</List>
		<List recon_name="Zupaysaurus_rougieri" recon_no="54097">Zupaysaurus</List>
		<List recon_name="Dilophosaurus_sinensis" recon_no="68105">Dilophosaurus_sinensis</List>
		<List recon_name="Dracovenator_regenti" recon_no="108769">Dracovenator</List>
		<List recon_name="Dilophosaurus_wetherilli" recon_no="57251">Dilophosaurus_wetherilli</List>
		<List recon_name="Cryolophosaurus_ellioti" recon_no="64372">Cryolophosaurus</List>
		<List recon_name="Ceratosaurus_nasicornis" recon_no="54165">Ceratosaurus</List>
		<List recon_name="Elaphrosaurus_bambergi" recon_no="55481">Elaphrosaurus</List>
		<List recon_name="Ilokelesia_aguadagrandensis" recon_no="54532">Ilokelesia</List>
		<List recon_name="Abelisaurus_comahuensis" recon_no="53945">Abelisaurus</List>
		<List recon_name="Carnotaurus_sastrei" recon_no="54526">Carnotaurus</List>
		<List recon_name="Majungatholus_athopus" recon_no="190519">Majungatholus</List>
		<List recon_name="Masiakasaurus_knopfleri" recon_no="56389">Masiakasaurus</List>
		<List recon_name="Noasaurus_leali" recon_no="54534">Noasaurus</List>
		<List recon_name="Piatnitzkysaurus_floresi" recon_no="54827">Piatnitzkysaurus</List>
		<List recon_name="Condorraptor_currumili" recon_no="64062">Condorraptor</List>
		<List recon_name="Dubreuillosaurus_valesdunensis" recon_no="71333">Dubreuillosaurus</List>
		<List recon_name="Afrovenator_abakensis" recon_no="56399">Afrovenator</List>
		<List recon_name="Torvosaurus_tanneri" recon_no="53375">Torvosaurus</List>
		<List recon_name="Eustreptospondylus_oxoniensis" recon_no="53377">Eustreptospondylus</List>
		<List recon_name="Streptospondylus_altdorfensis" recon_no="65373">Streptospondylus</List>
		<List recon_name="Megaraptor_namunhuaiquii" recon_no="65425">Megaraptor</List>
		<List recon_name="cf_Megaraptor_sp_NMV_P186076" recon_no="65424">NMV_P186076</List>
		<List recon_name="Baryonyx_walkeri" recon_no="53370">Baryonyx</List>
		<List recon_name="Suchomimus_tenerensis" recon_no="53368">Suchomimus</List>
		<List recon_name="Irritator_challengeri" recon_no="64273">Irritator</List>
		<List recon_name="Monolophosaurus_jiangi" recon_no="64122">Monolophosaurus</List>
		<List recon_name="Allosaurus_fragilis" recon_no="52962">Allosaurus</List>
		<List recon_name="Neovenator_salerii" recon_no="64120">Neovenator</List>
		<List recon_name="Sinraptor_dongi" recon_no="54821">Sinraptor</List>
		<List recon_name="Acrocanthosaurus_atokensis" recon_no="55482">Acrocanthosaurus</List>
		<List recon_name="Tyrannotitan_chubutensis" recon_no="77208">Tyrannotitan</List>
		<List recon_name="Carcharodontosaurus_saharicus" recon_no="65365">Carcharodontosaurus</List>
		<List recon_name="Giganotosaurus_carolinii" recon_no="54541">Giganotosaurus</List>
		<List recon_name="Mapusaurus_roseae" recon_no="77206">Mapusaurus</List>
		<List recon_name="Tugulusaurus_faciles" recon_no="65209">Tugulusaurus</List>
		<List recon_name="Dilong_paradoxus" recon_no="58836">Dilong</List>
		<List recon_name="Tyrannosaurus_rex" recon_no="54833">Tyrannosaurus</List>
		<List recon_name="Sinosauropteryx_prima" recon_no="54549">Sinosauropteryx</List>
		<List recon_name="Coelurus_fragilis" recon_no="52986">Coelurus</List>
		<List recon_name="Compsognathus_longipes" recon_no="53007">Compsognathus</List>
		<List recon_name="Shenzhousaurus_orientalis" recon_no="68334">Shenzhousaurus</List>
		<List recon_name="Sinornithomimus_dongi" recon_no="68342">Sinornithomimus</List>
		<List recon_name="Ornitholestes_hermanni" recon_no="55484">Ornitholestes</List>
		<List recon_name="Deinonychus_antirrhopus" recon_no="54555">Deinonychus</List>
		<List recon_name="Velociraptor_mongoliensis" recon_no="54554">Velociraptor</List>
		<List recon_name="Archaeopteryx_lithographica" recon_no="55487">Archaeopteryx</List>
		<List recon_name="Confuciusornis_sanctus" recon_no="67261">Confuciusornis</List>
	</Taxa>
	<Characters>
		<Molecular/>
		<Morphological number="353">
			<Type>Osteology</Type>
		</Morphological>
		<Behavioural/>
		<Other/>
	</Characters>
	<Analysis>
		<Type>Maximum Parsimony</Type>
	</Analysis>
	<Notes>Based on reanalysis of the original matrix.</Notes>
	<Filename>Smith_etal_2008a</Filename>
	<Parent>Smith_etal_2007a</Parent>
	<Sibling/>
</SourceTree>
