<?xml version="1.0" standalone="yes"?>
<SourceTree>
	<Source>
		<Author>
			<List>Sues, H.-D.</List>
			<List>Averianov, A.</List>
		</Author>
		<Year>2014</Year>
		<Title>Dromaeosauridae (Dinosauria: Theropoda) from the Bissekty Formation (Upper Cretaceous: Turonian) of Uzbekistan and the phylogenetic position of <em>Itemirus medullaris</em> Kurzanov, 1976</Title>
		<Journal>Cretaceous Research</Journal>
		<Volume>51</Volume>
		<Pages>225-240</Pages>
		<Booktitle/>
		<Publisher/>
		<City/>
		<Editor/>
	</Source>
	<Taxa number="118">
		<List recon_name="Allosaurus_fragilis" recon_no="52962">Allosaurus_fragilis</List>
		<List recon_name="Sinraptor_dongi" recon_no="54821">Sinraptor_dongi</List>
		<List recon_name="Ingenia_yanshani" recon_no="96513">Ingenia_yanshani</List>
		<List recon_name="Citipati_osmolskae" recon_no="57024">Citipati_osmolskae</List>
		<List recon_name="Rinchenia_mongoliensis" recon_no="68397">Rinchenia_mongoliensis</List>
		<List recon_name="Oviraptor_philoceratops" recon_no="55488">Oviraptor_philoceratops</List>
		<List recon_name="Conchoraptor_gracilis" recon_no="67259">Conchoraptor_gracilis</List>
		<List recon_name="Incisivosaurus_gauthieri" recon_no="64891">Incisivosaurus_gauthieri</List>
		<List recon_name="Microvenator_celer" recon_no="65860">Microvenator_celer</List>
		<List recon_name="Chirostenotes_pergracilis" recon_no="54561">Chirostenotes_pergracilis</List>
		<List recon_name="Caudipteryx_zoui" recon_no="66066">Caudipteryx_zoui</List>
		<List recon_name="Dromaeosaurus_albertensis" recon_no="54550">Dromaeosaurus_albertensis</List>
		<List recon_name="Deinonychus_antirrhopus" recon_no="54555">Deinonychus_antirrhopus</List>
		<List recon_name="Velociraptor_mongoliensis" recon_no="54554">Velociraptor_mongoliensis</List>
		<List recon_name="Balaur_bondoc" recon_no="170643">Balaur_bondoc</List>
		<List recon_name="Atrociraptor_marshalli" recon_no="132126">Atrociraptor_marshalli</List>
		<List recon_name="Utahraptor_ostrommaysi" recon_no="66450">Utahraptor</List>
		<List recon_name="Adasaurus_mongoliensis" recon_no="57261">Adasaurus_mongoliensis</List>
		<List recon_name="Achillobator_giganticus" recon_no="68418">Achillobator_giganticus</List>
		<List recon_name="Tsaagan_mangas" recon_no="90550">Tsaagan_mangas</List>
		<List recon_name="Saurornitholestes_langstoni" recon_no="54556">Saurornitholestes_langsto</List>
		<List recon_name="Bambiraptor_feinbergi" recon_no="82048">Bambiraptor_feinbergorum</List>
		<List recon_name="Tianyuraptor_ostromi" recon_no="152530">Tianyuraptor_ostromi</List>
		<List recon_name="Sinornithosaurus_millenii" recon_no="68205">Sinornithosaurus_millenii</List>
		<List recon_name="Microraptor_zhaoianus" recon_no="68239">Microraptor_zhaoianus</List>
		<List recon_name="Graciliraptor_lujiatunensis" recon_no="146457">Graciliraptor_lujiatunensis</List>
		<List recon_name="Hesperonychus_elizabethae" recon_no="143268">Hesperonychus_elizabethae</List>
		<List recon_name="Pyroraptor_olympius" recon_no="65134">Pyroraptor_olympius</List>
		<List recon_name="Rahonavis_ostromi" recon_no="64133">Rahonavis_ostromi</List>
		<List recon_name="Buitreraptor_gonzalezorum" recon_no="68202">Buitreraptor_gonzalozorum</List>
		<List recon_name="Neuquenraptor_argentinus,Unenlagia_comahuensis" recon_no="64531;65422">Neuquenraptor_plus_Unenlagia</List>
		<List recon_name="Austroraptor_cabazai" recon_no="138548">Austroraptor</List>
		<List recon_name="Unenlagia_comahuensis,Unenlagia_paynemili" recon_no="65422;65423">Unenlagia</List>
		<List recon_name="Unenlagia_comahuensis" recon_no="65422">Unenlagia_comahuensis</List>
		<List recon_name="Unenlagia_paynemili" recon_no="65423">Unenlagia_paynemili</List>
		<List recon_name="Neuquenraptor_argentinus" recon_no="64531">Neuquenraptor_argentinus</List>
		<List recon_name="Shanag_ashile" recon_no="96500">Shanag_ashile</List>
		<List recon_name="Mahakala_omnogovae" recon_no="133919">Mahakala_omnogovae</List>
		<List recon_name="Mononykus_olecranus" recon_no="67288">Mononykus_olecranus</List>
		<List recon_name="Shuvuuia_deserti" recon_no="66044">Shuvuuia_deserti</List>
		<List recon_name="Patagonykus_puertai" recon_no="64773">Patagonykus_puertai</List>
		<List recon_name="Albinykus_baatar" recon_no="177465">Albinykus</List>
		<List recon_name="Alvarezsaurus_calvoi" recon_no="64775">Alvarezsaurus_calvoi</List>
		<List recon_name="Proceratosaurus_bradleyi" recon_no="66979">Proceratosaurus_bradleyi</List>
		<List recon_name="Ornitholestes_hermanni" recon_no="55484">Ornitholestes_hermanni</List>
		<List recon_name="Coelurus_fragilis" recon_no="52986">Coelurus_fragilis</List>
		<List recon_name="Archaeopteryx_lithographica" recon_no="55487">Archaeopteryx_lithographi</List>
		<List recon_name="Avimimus_portentosus" recon_no="55489">Avimimus_portentosus</List>
		<List recon_name="Confuciusornis_sanctus" recon_no="67261">Confuciusornis_sanctus</List>
		<List recon_name="Struthiomimus_altus" recon_no="57266">Struthiomimus_altus</List>
		<List recon_name="Gallimimus_bullatus" recon_no="57265">Gallimimus_bullatus</List>
		<List recon_name="Garudimimus_brevipes" recon_no="57267">Garudimimus_brevipes</List>
		<List recon_name="Pelecanimimus_polyodon" recon_no="64118">Pelecanimimus_polydon</List>
		<List recon_name="Harpymimus_okladnikovi" recon_no="66670">Harpymimus_okladnikovi</List>
		<List recon_name="Troodon_formosus" recon_no="54818">Troodon_formosus</List>
		<List recon_name="Saurornithoides_mongoliensis" recon_no="54470">Saurornithoides_mongolien</List>
		<List recon_name="Saurornithoides_junior" recon_no="57262">Saurornithoides_junior</List>
		<List recon_name="Xixiasaurus_henanensis" recon_no="173883">Xixiasaurus</List>
		<List recon_name="Byronosaurus_jaffei" recon_no="57020">Byronosaurus_jaffei</List>
		<List recon_name="Sinornithoides_youngi" recon_no="64145">Sinornithoides_youngi</List>
		<List recon_name="Sinovenator_changii" recon_no="64889">Sinovenator_changii</List>
		<List recon_name="Mei_long" recon_no="68250">Mei_long</List>
		<List recon_name="Troodontidae_indet_IGM_100_44" recon_no="54468">EK_troodontid_IGM_100_slash_44</List>
		<List recon_name="Jinfengopteryx_elegans" recon_no="156162">Jinfengopteryx_elegans</List>
		<List recon_name="Troodontidae_indet_IGM_100_slash_1128" recon_no="54468">IGM_100_slash_1126</List>
		<List recon_name="Troodontidae_indet_IGM_100_slash_1323" recon_no="54468">IGM_100_slash_1323</List>
		<List recon_name="Anchiornis_huxleyi" recon_no="155059">Anchiornis_huxleyi</List>
		<List recon_name="Xiaotingia_zhengi" recon_no="193134">Xiaotingia</List>
		<List recon_name="Segnosaurus_galbinensis" recon_no="66664">Segnosaurus_galbinensis</List>
		<List recon_name="Erlikosaurus_andrewsi" recon_no="66667">Erlikosaurus_andrewsi</List>
		<List recon_name="Alxasaurus_elesitaiensis" recon_no="64126">Alxasaurus_elesitaiensis</List>
		<List recon_name="Tyrannosaurus_rex" recon_no="54833">Tyrannosaurus_rex</List>
		<List recon_name="Tarbosaurus_bataar" recon_no="57254">Tarbosaurus_baatar</List>
		<List recon_name="Albertosaurus_sarcophagus" recon_no="56319">Albertosaurus_sacrophagus</List>
		<List recon_name="Gorgosaurus_libratus" recon_no="53194">Gorgosaurus_libratus</List>
		<List recon_name="Daspletosaurus_torosus" recon_no="57258">Daspletosaurus</List>
		<List recon_name="Eotyrannus_lengi" recon_no="68317">Eotyrannus_lengi</List>
		<List recon_name="Dilong_paradoxus" recon_no="58836">Dilong_paradoxus</List>
		<List recon_name="Shenzhousaurus_orientalis" recon_no="68334">Shenzhousaurus_orientalis</List>
		<List recon_name="Ornithomimus_edmontonicus" recon_no="63438">Ornithomimus_edmonticus</List>
		<List recon_name="Archaeornithomimus_asiaticus" recon_no="57276">Archaeornithomimus_asiati</List>
		<List recon_name="Anserimimus_planinychus" recon_no="66672">Anserimimus_planinychus</List>
		<List recon_name="Huaxiagnathus_orientalis" recon_no="68221">Huaxiagnathus_orientalis</List>
		<List recon_name="Sinosauropteryx_prima" recon_no="54549">Sinosauropteryx_prima</List>
		<List recon_name="Compsognathus_longipes" recon_no="53007">Compsognathus_longipes</List>
		<List recon_name="Juravenator_starki" recon_no="72321">Juravenator_starki</List>
		<List recon_name="Jeholornis_prima" recon_no="119247">Jeholornis_prima</List>
		<List recon_name="Jixiangornis_orientalis" recon_no="197817">Jixiangornis_orientalis</List>
		<List recon_name="Yanornis_martini" recon_no="119337">Yanornis_martini</List>
		<List recon_name="Apsaravis_ukhaana" recon_no="58898">Apsaravis_ukhaana</List>
		<List recon_name="Yixianornis_grabaui" recon_no="119340">Yixianornis</List>
		<List recon_name="Sapeornis_chaoyangensis" recon_no="119249">Sapeornis</List>
		<List recon_name="Neuquenornis_volans" recon_no="100989">Neuquenornis_volans</List>
		<List recon_name="Patagopteryx_deferrariisi" recon_no="68529">Patagopteryx_deferrariisi</List>
		<List recon_name="Cathayornis_yandica" recon_no="137353">Cathayornis</List>
		<List recon_name="Concornis_lacustris" recon_no="100984">Concornis</List>
		<List recon_name="Gobipteryx_minuta" recon_no="57334">Gobipteryx</List>
		<List recon_name="Vorona_berivotrensis" recon_no="64129">Vorona</List>
		<List recon_name="Songlingornis_linghensis" recon_no="197838">Songlingornis</List>
		<List recon_name="Pengornis_houi" recon_no="166966">Pengornis_houi</List>
		<List recon_name="Hesperornis_regalis" recon_no="96488">Hesperornis</List>
		<List recon_name="Baptornis_advenus" recon_no="52957">Baptornis</List>
		<List recon_name="Ichthyornis_dispar" recon_no="54877">Ichthyornis</List>
		<List recon_name="Iaceornis_marshi" recon_no="207940">Iaceornis_marshii</List>
		<List recon_name="Limenavis_patagonica" recon_no="134885">Limenavis_patagonica</List>
		<List recon_name="Crypturellus_undulatus" recon_no="368319">Crypturellus_undulatus</List>
		<List recon_name="Lithornis_plebius,Lithornis_promiscuus" recon_no="246697;246696">Lithornis</List>
		<List recon_name="Gallus_gallus" recon_no="368033">Gallus_gallus</List>
		<List recon_name="Crax_pauxi" recon_no="367994">Crax_pauxi</List>
		<List recon_name="Anas_platyrhynchos" recon_no="83434">Anas_platyrhynchus</List>
		<List recon_name="Chauna_torquata" recon_no="321676">Chauna_torquata</List>
		<List recon_name="Hongshanornis_longicresta" recon_no="119299">Hongshanornis_longicrest</List>
		<List recon_name="Liaoningornis_longidigitris" recon_no="137402">Liaoningornis_longidigitu</List>
		<List recon_name="Pedopenna_daohugouensis" recon_no="68248">Pedopenna</List>
		<List recon_name="Epidendrosaurus_ningchengensis" recon_no="68185">Epidendrosaurus</List>
		<List recon_name="Epidexipteryx_hui" recon_no="137498">Epidexipteryx</List>
		<List recon_name="Haplocheirus_sollers" recon_no="162353">Haplocheirus</List>
		<List recon_name="Itemirus_medullaris" recon_no="66622">Itemirus_medullaris</List>
	</Taxa>
	<Characters>
		<Molecular/>
		<Morphological number="477">
			<Type>Osteology</Type>
		</Morphological>
		<Behavioural/>
		<Other/>
	</Characters>
	<Analysis>
		<Type>Maximum Parsimony</Type>
	</Analysis>
	<Notes>Based on reanalysis of the original matrix.</Notes>
	<Filename>Sues_et_Averianov_2014ab</Filename>
	<Parent>Turner_etal_2012a</Parent>
	<Sibling/>
</SourceTree>
