<?xml version="1.0" standalone="yes"?>
<SourceTree>
	<Source>
		<Author>
			<List>Sullivan, R. M.</List>
			<List>Jasinski, S. E.</List>
			<List>Guenther, M.</List>
			<List>Lucas, S. G.</List>
		</Author>
		<Year>2011</Year>
		<Title>The first lambeosaurin (Dinosauria, Hadrosauridae, Lambeosaurinae) from the Upper Cretaceous Ojo Alamo Formation (Naashoibito Member), San Juan Basin, New Mexico</Title>
		<Journal>Bulletin of the New Mexico Museum of Natural History &am; Science</Journal>
		<Volume>53</Volume>
		<Pages>405-417</Pages>
		<Booktitle/>
		<Publisher/>
		<City/>
		<Editor/>
	</Source>
	<Taxa number="20">
		<List recon_name="Probactrosaurus_gobiensis" recon_no="52878">Probactrosaurus_gobiensis</List>
		<List recon_name="Telmatosaurus_transsylvanicus" recon_no="68154">Telmatosaurus_transsylvanicus</List>
		<List recon_name="Gryposaurus_incurvimanus" recon_no="64298">Gryposaurus_incurvimanus</List>
		<List recon_name="Aralosaurus_tuberiferus" recon_no="67547">Aralosaurus_tuberiferus</List>
		<List recon_name="Tsintaosaurus_spinorhinus" recon_no="53387">Tsintaosaurus_spinorhinus</List>
		<List recon_name="Jaxartosaurus_aralensis" recon_no="65693">Jaxartosaurus_aralensis</List>
		<List recon_name="Amurosaurus_riabinini" recon_no="64251">Amurosaurus_riabinini</List>
		<List recon_name="Charonosaurus_jiayinensis" recon_no="64259">Charonosaurus_jiayinensi</List>
		<List recon_name="Parasaurolophus_cyrtocristatus" recon_no="66260">Parasaurolophus_cyrtocristatus</List>
		<List recon_name="Parasaurolophus_walkeri" recon_no="63256">Parasaurolophus_walkeri</List>
		<List recon_name="Parasaurolophus_tubicen" recon_no="64355">Parasaurolophus_tubicen</List>
		<List recon_name="Nipponosaurus_sachalinensis" recon_no="56972">Nipponosaurus_sachalinensis</List>
		<List recon_name="Olorotitan_arharensis" recon_no="72095">Olorotitan_arharensis</List>
		<List recon_name="Lambeosaurus_lambei" recon_no="56724">Lambeosaurus_lambei</List>
		<List recon_name="Lambeosaurus_magnicristatus" recon_no="65429">Lambeosaurus_magnicristatus</List>
		<List recon_name="Corythosaurus_casuarius" recon_no="56403">Corythosaurus_casuarius</List>
		<List recon_name="Hypacrosaurus_altispinus" recon_no="56406">Hypacrosaurus_altispinus</List>
		<List recon_name="Hypacrosaurus_stebingeri" recon_no="64339">Hypacrosaurus_stebingeri</List>
		<List recon_name="Velafrons_coahuilensis" recon_no="113862">Velafrons_coahuilensis</List>
		<List recon_name="Lambeosaurinae_indet_SMP_VP_slash_1534" recon_no="53394">SMP_VP_slash_1534</List>
	</Taxa>
	<Characters>
		<Molecular/>
		<Morphological number="98">
			<Type>Osteology</Type>
		</Morphological>
		<Behavioural/>
		<Other/>
	</Characters>
	<Analysis>
		<Type>Maximum Parsimony</Type>
	</Analysis>
	<Notes>Based on reanalysis of the original matrix.</Notes>
	<Filename>Sullivan_etal_2011a</Filename>
	<Parent>Evans_et_Reisz_2007a</Parent>
	<Sibling/>
</SourceTree>
