<?xml version="1.0" standalone="yes"?>
<SourceTree>
	<Source>
		<Author>
			<List>Sullivan, R. M.</List>
		</Author>
		<Year>2003</Year>
		<Title>Revision of the dinosaur <em>Stegoceras</em> Lambe (Ornithischia, Pachycephalosauridae)</Title>
		<Journal>Journal of Vertebrate Paleontology</Journal>
		<Volume>23</Volume>
		<Pages>181-207</Pages>
		<Booktitle/>
		<Publisher/>
		<City/>
		<Editor/>
	</Source>
	<Taxa number="16">
		<List recon_name="Abrictosaurus_consors,Lycorhinus_angustidens,Heterodontosaurus_tucki,Agilisaurus_louderbacki,Agilisaurus_multidens,Atlascopcosaurus_loadsi,Drinker_nisti,Fulgurotherium_australe,Gongbusaurus_shiyii,Gongbusaurus_wucaiwanensis,Hypsilophodon_foxii,Leaellynasaura_amicagraphica,Orodromeus_makelai,Othnielia_rex,Parksosaurus_warreni,Thescelosaurus_neglectus,Yandusaurus_hongheensis,Zephyrosaurus_schaffi,Muttaburrasaurus_langdoni,Tenontosaurus_tilletti,Dryosaurus_altus,Dryosaurus_lettowvorbecki,Valdosaurus_canaliculatus,Valdosaurus_nigeriensis,Camptosaurus_amplus,Camptosaurus_dispar,Camptosaurus_prestwichii,Probactrosaurus_gobiensis,Iguanodon_anglicus,Iguanodon_atherfieldensis,Iguanodon_bernissartensis,Iguanodon_dawsoni,Iguanodon_fittoni,Iguanodon_hoggi,Iguanodon_lakotaensis,Ouranosaurus_nigeriensis,Protohadros_byrdi,Anatotitan_copei,Aralosaurus_tuberiferus,Brachylophosaurus_canadensis,Brachylophosaurus_goodwini,Edmontosaurus_annectens,Edmontosaurus_regalis,Edmontosaurus_saskatchewanensis,Gryposaurus_notabilis,Hadrosaurus_foulkii,Hadrosaurus_notabilis,Kritosaurus_australis,Kritosaurus_incurvimanus,Lophorhothon_atopus,Maiasaura_peeblesorum,Prosaurolophus_maximus,Saurolophus_angustirostris,Saurolophus_osborni,Shantungosaurus_giganteus,Bactrosaurus_johnsoni,Barsboldia_sicinskii,Corythosaurus_casuarius,Hypacrosaurus_altispinus,Jaxartosaurus_aralensis,Lambeosaurus_lambei,Lambeosaurus_magnicristatus,Nipponosaurus_sachalinensis,Parasaurolophus_cyrtocristatus,Parasaurolophus_tubicen,Parasaurolophus_walkeri" recon_no="52903;52899;52902;57223;57225;57104;57650;57105;54860;54861;54190;57102;64338;64495;52894;52897;52892;52889;64271;52887;54253;56515;52886;64647;65781;52880;64519;52878;66729;64255;58905;66721;64508;110264;65389;52877;64527;64302;67547;65213;64297;64305;63254;64304;63251;52812;95941;66683;63253;67215;55574;53384;64295;53386;69513;57344;67253;56403;56406;65693;56724;65429;56972;66260;64355;63256">ORNITHOPODA</List>
		<List recon_name="Psittacosaurus_meileyingensis,Psittacosaurus_mongoliensis,Psittacosaurus_neimongoliensis,Psittacosaurus_ordosensis,Psittacosaurus_sinensis,Psittacosaurus_xinjiangensis,Chaoyangsaurus_youngi,Archaeoceratops_oshimai,Leptoceratops_gracilis,Graciliceratops_mongoliensis,Montanoceratops_cerorhynchus,Turanoceratops_tardabilis,Achelousaurus_horneri,Avaceratops_lammersi,Brachyceratops_montanensis,Centrosaurus_apertus,Einiosaurus_procurvicornis,Monoclonius_crassus,Pachyrhinosaurus_canadensis,Styracosaurus_albertensis,Styracosaurus_ovatus,Anchiceratops_ornatus,Arrhinoceratops_brachyops,Chasmosaurus_belli,Chasmosaurus_canadensis,Chasmosaurus_mariscalensis,Chasmosaurus_russelli,Pentaceratops_sternbergii,Torosaurus_latus,Triceratops_horridus" recon_no="65708;52831;64142;64143;65705;65707;55580;55576;52827;67674;52830;67678;53955;55539;63895;63911;53954;54486;66023;56144;56147;63447;63401;66019;63907;52772;66020;55033;63773;63759">CERATOPSIDAE</List>
		<List recon_name="Stenopelix_valdensis" recon_no="65431">Stenopelix</List>
		<List recon_name="Wannanosaurus_yansiensis" recon_no="52840">Wannanosaurus</List>
		<List recon_name="Goyocephale_lattimorei" recon_no="52838">Goyocephale</List>
		<List recon_name="Homalocephale_calathocercos" recon_no="52836">Homalocephale</List>
		<List recon_name="Stegoceras_validum" recon_no="56570">Stegoceras</List>
		<List recon_name="Tylocephale_gilmorei" recon_no="66451">Tylocephale</List>
		<List recon_name="Prenocephale_prenes" recon_no="52833">Prenocephale_prenes</List>
		<List recon_name="Prenocephale_goodwini" recon_no="67695">Prenocephale_goodwini</List>
		<List recon_name="Prenocephale_brevis" recon_no="67699">Prenocephale_brevis</List>
		<List recon_name="Prenocephale_edmontonensis" recon_no="67698">Prenocephale_edmontonensis</List>
		<List recon_name="Colepiocephale_lambei" recon_no="67691">Colepiocephale</List>
		<List recon_name="Hanssuesia_sternbergi" recon_no="67705">Hanssuesia</List>
		<List recon_name="Stygimoloch_spinifer" recon_no="56577">Stygimoloch</List>
		<List recon_name="Pachycephalosaurus_wyomingensis" recon_no="52835">Pachycephalosaurus</List>
	</Taxa>
	<Characters>
		<Molecular/>
		<Morphological number="49">
			<Type>Osteology</Type>
		</Morphological>
		<Behavioural/>
		<Other/>
	</Characters>
	<Analysis>
		<Type>Maximum Parsimony</Type>
	</Analysis>
	<Notes>Based on reanalysis of the original matrix.</Notes>
	<Filename>Sullivan_2003a</Filename>
	<Parent>Sereno_2000aa</Parent>
	<Sibling/>
</SourceTree>
