<?xml version="1.0" standalone="yes"?>
<SourceTree>
	<Source>
		<Author>
			<List>Suzuki, D.</List>
			<List>Weishampel, D. B.</List>
			<List>Minoura, N.</List>
		</Author>
		<Year>2004</Year>
		<Title><em>Nipponosaurus sachalinensis</em> (Dinosauria; Ornithopoda): Anatomy and systematic position within Hadrosauridae</Title>
		<Journal>Journal of Vertebrate Paleontology</Journal>
		<Volume>24</Volume>
		<Pages>145-164</Pages>
		<Booktitle/>
		<Publisher/>
		<City/>
		<Editor/>
	</Source>
	<Taxa number="13">
		<List recon_name="Camptosaurus_dispar" recon_no="52880">Camptosaurus_dispar</List>
		<List recon_name="Iguanodon_atherfieldensis" recon_no="64255">Iguanodon_atherfieldensis</List>
		<List recon_name="Iguanodon_bernissartensis" recon_no="58905">Iguanodon_bernissartensis</List>
		<List recon_name="Ouranosaurus_nigeriensis" recon_no="52877">Ouranosaurus_nigeriensis</List>
		<List recon_name="Altirhinus_kurzanovi" recon_no="58903">Altirhinus</List>
		<List recon_name="Bactrosaurus_johnsoni" recon_no="57344">Bactrosaurus_johnsoni</List>
		<List recon_name="Parasaurolophus_cyrtocristatus,Parasaurolophus_walkeri" recon_no="66260;63256">Parasaurolophus_walkeri_slash_cyrtocristatus</List>
		<List recon_name="Hypacrosaurus_stebingeri" recon_no="64339">Hypacrosaurus_stebingeri</List>
		<List recon_name="Corythosaurus_casuarius" recon_no="56403">Corythosaurus_casuarius</List>
		<List recon_name="Lambeosaurus_lambei" recon_no="56724">Lambeosaurus_lambei</List>
		<List recon_name="Lambeosaurus_magnicristatus" recon_no="65429">Lambeosaurus_magnicristatus</List>
		<List recon_name="Nipponosaurus_sachalinensis" recon_no="56972">Nipponosaurus_sachalinensis</List>
		<List recon_name="Hypacrosaurus_altispinus" recon_no="56406">Hypacrosaurus_altispinus</List>
	</Taxa>
	<Characters>
		<Molecular/>
		<Morphological number="78">
			<Type>Osteology</Type>
		</Morphological>
		<Behavioural/>
		<Other/>
	</Characters>
	<Analysis>
		<Type>Maximum Parsimony</Type>
	</Analysis>
	<Notes>Based on reanalysis of the original matrix.</Notes>
	<Filename>Suzuki_etal_2004a</Filename>
	<Parent/>
	<Sibling/>
</SourceTree>
