<?xml version="1.0" standalone="yes"?>
<SourceTree>
	<Source>
		<Author>
			<List>Tomida, Y.</List>
			<List>Tsumura, Y.</List>
		</Author>
		<Year>2006</Year>
		<Title>A partial skeleton of titanosaurian sauropod from the Early Cretaceous of Toba City, Central Japan</Title>
		<Journal>Journal of the Paleontological Society of Korea</Journal>
		<Volume>22</Volume>
		<Pages>217-238</Pages>
		<Booktitle/>
		<Publisher/>
		<City/>
		<Editor/>
	</Source>
	<Taxa number="28">
		<List recon_name="DELETE" recon_no="0">Ancestor</List>
		<List recon_name="Vulcanodon_karibaensis" recon_no="54979">Vulcanodon</List>
		<List recon_name="Barapasaurus_tagorei" recon_no="55547">Barapasaurus</List>
		<List recon_name="Patagosaurus_fariasi" recon_no="66448">Patagosaurus</List>
		<List recon_name="Cetiosaurus_oxoniensis" recon_no="66688">Cetiosaurus</List>
		<List recon_name="Haplocanthosaurus_delfsi,Haplocanthosaurus_priscus" recon_no="66582;64504">Haplocanthosaurus</List>
		<List recon_name="Camarasaurus_grandis" recon_no="67181">Camarasaurus</List>
		<List recon_name="Phuwiangosaurus_sirindhornae" recon_no="56410">Phuwiangosaurus</List>
		<List recon_name="Andesaurus_delgadoi" recon_no="58918">Andesaurus</List>
		<List recon_name="Malawisaurus_dixeyi" recon_no="57458">Malawisaurus</List>
		<List recon_name="Alamosaurus_sanjuanensis" recon_no="63399">Alamosaurus</List>
		<List recon_name="Saltasaurus_loricatus" recon_no="58838">Saltasaurus</List>
		<List recon_name="Opisthocoelicaudia_skarzynskii" recon_no="57335">Opisthocoelicaudia</List>
		<List recon_name="Titanosauria_indet_Fo_0014" recon_no="55585">Toba_titanosaur</List>
		<List recon_name="Brachiosaurus_altithorax" recon_no="54864">Brachiosaurus</List>
		<List recon_name="Lapparentosaurus_madagascariensis" recon_no="66496">Lapparentosaurus</List>
		<List recon_name="Rebbachisaurus_tessonei" recon_no="63873">Rebbachisaurus</List>
		<List recon_name="Amargasaurus_cazaui" recon_no="53962">Amargasaurus</List>
		<List recon_name="Dicraeosaurus_hansemanni,Dicraeosaurus_sattleri" recon_no="65941;65942">Dicraeosaurus</List>
		<List recon_name="Apatosaurus_ajax,Apatosaurus_louisae" recon_no="52958;57752">Apatosaurus</List>
		<List recon_name="Barosaurus_lentus" recon_no="54166">Barosaurus</List>
		<List recon_name="Diplodocus_longus" recon_no="52920">Diplodocus</List>
		<List recon_name="Nemegtosaurus_mongoliensis" recon_no="54841">Nemegtosaurus</List>
		<List recon_name="Quaesitosaurus_orientalis" recon_no="66618">Quaesitosaurus</List>
		<List recon_name="Shunosaurus_lii" recon_no="56457">Shunosaurus</List>
		<List recon_name="Euhelopus_zdanskyi" recon_no="54868">Euhelopus</List>
		<List recon_name="Mamenchisaurus_hochuanensis,Mamenchisaurus_sinocanadorum" recon_no="56463;56541">Mamenchisaurus</List>
		<List recon_name="Omeisaurus_tianfuensis" recon_no="56462">Omeisaurus</List>
	</Taxa>
	<Characters>
		<Molecular/>
		<Morphological number="205">
			<Type>Osteology</Type>
		</Morphological>
		<Behavioural/>
		<Other/>
	</Characters>
	<Analysis>
		<Type>Maximum Parsimony</Type>
	</Analysis>
	<Notes>Based on reanalysis of the original matrix.</Notes>
	<Filename>Tomida_et_Tsumura_2006a</Filename>
	<Parent>Upchurch_1998a</Parent>
	<Sibling/>
</SourceTree>
