<?xml version="1.0" standalone="yes"?>
<SourceTree>
	<Source>
		<Author>
			<List>Tsuihiji, T.</List>
			<List>Watabe, M.</List>
			<List>Tsogtbaatar, K.</List>
			<List>Barsbold, R.</List>
			<List>Suzuki, S.</List>
		</Author>
		<Year>2012</Year>
		<Title>A tyrannosauroid frontal from the Upper Cretaceous (Cenomanian-Santonian) of the Gobi Desert, Mongolia</Title>
		<Journal>Vertebrata Palasiatica</Journal>
		<Volume>50</Volume>
		<Pages>102-110</Pages>
		<Booktitle/>
		<Publisher/>
		<City/>
		<Editor/>
	</Source>
	<Taxa number="24">
		<List recon_name="Allosaurus_fragilis" recon_no="52962">Allosaurus</List>
		<List recon_name="Compsognathus_longipes,Huaxiagnathus_orientalis,Juravenator_starki,Sinosauropteryx_prima" recon_no="53007;68221;72321;54549">Compsogs</List>
		<List recon_name="Velociraptor_mongoliensis" recon_no="54554">Maniraptora</List>
		<List recon_name="Garudimimus_brevipes,Harpymimus_okladnikovi,Pelecanimimus_polyodon,Sinornithomimus_dongi" recon_no="57267;66670;64118;68342">Ornithomimos</List>
		<List recon_name="Kileskus_aristotocus" recon_no="185193">Kileskus</List>
		<List recon_name="Guanlong_wucaii" recon_no="71191">Guanlong</List>
		<List recon_name="Proceratosaurus_bradleyi" recon_no="66979">Proceratosaurus</List>
		<List recon_name="Sinotyrannus_kazuoensis" recon_no="198892">Sinotyrannus</List>
		<List recon_name="Dilong_paradoxus" recon_no="58836">Dilong</List>
		<List recon_name="Eotyrannus_lengi" recon_no="68317">Eotyrannus</List>
		<List recon_name="Stokesosaurus_clevelandi" recon_no="64493">Stokesosaurus</List>
		<List recon_name="Xiongguanlong_baimoensis" recon_no="146100">Xiongguanlong</List>
		<List recon_name="Raptorex_kriegsteini" recon_no="154175">Raptorex</List>
		<List recon_name="Dryptosaurus_aquilunguis" recon_no="53030">Dryptosaurus</List>
		<List recon_name="Appalachiosaurus_montgomeriensis" recon_no="65080">Appalachiosaurus</List>
		<List recon_name="Alioramus_remotus" recon_no="57259">Alioramus</List>
		<List recon_name="Bistahieversor_sealeyi" recon_no="163808">Bistahieversor</List>
		<List recon_name="Tyrannosauroidea_indet_MPC_D_102_4" recon_no="58837">MPC_D_102_4</List>
		<List recon_name="Albertosaurus_sarcophagus" recon_no="56319">Albertosaurus</List>
		<List recon_name="Gorgosaurus_libratus" recon_no="53194">Gorgosaurus</List>
		<List recon_name="Teratophoneus_curriei" recon_no="176781">Utah</List>
		<List recon_name="Daspletosaurus_torosus" recon_no="57258">Daspletosaurus</List>
		<List recon_name="Tarbosaurus_bataar" recon_no="57254">Tarbosaurus</List>
		<List recon_name="Tyrannosaurus_rex" recon_no="54833">Tyrannosaurus</List>
	</Taxa>
	<Characters>
		<Molecular/>
		<Morphological number="307">
			<Type>Osteology</Type>
		</Morphological>
		<Behavioural/>
		<Other/>
	</Characters>
	<Analysis>
		<Type>Maximum Parsimony</Type>
	</Analysis>
	<Notes>Based on reanalysis of the original matrix.</Notes>
	<Filename>Tsuihiji_etal_2012a</Filename>
	<Parent>Brusatte_etal_2010a</Parent>
	<Sibling/>
</SourceTree>
