<?xml version="1.0" standalone="yes"?>
<SourceTree>
	<Source>
		<Author>
			<List>Upchurch, P.</List>
			<List>Yukimitsu, T.</List>
			<List>Barrett, P. M.</List>
		</Author>
		<Year>2004</Year>
		<Title>A new specimen of <em>Apatosaurus ajax</em> (Sauropoda: Diplodocidae) from the Morrison Formation (Upper Jurassic) of Wyoming, USA</Title>
		<Journal>National Science Museum Monographs</Journal>
		<Volume>26</Volume>
		<Pages>1-108</Pages>
		<Booktitle/>
		<Publisher/>
		<City/>
		<Editor/>
	</Source>
	<Taxa number="16">
		<List recon_name="Omeisaurus_junghsiensis,Omeisaurus_tianfuensis" recon_no="56461;56462">Omeisaurus</List>
		<List recon_name="Camarasaurus_grandis" recon_no="67181">Camarasaurus</List>
		<List recon_name="Rayososaurus_agrioensis" recon_no="71351">Rayososaurus</List>
		<List recon_name="Diplodocus_longus" recon_no="52920">Diplodocus</List>
		<List recon_name="Dicraeosaurus_hansemanni,Dicraeosaurus_sattleri" recon_no="65941;65942">Dicraeosaurus</List>
		<List recon_name="Apatosaurus_louisae" recon_no="57752">CMNH_3018</List>
		<List recon_name="Apatosaurus_louisae" recon_no="57752">CMNH_3378</List>
		<List recon_name="Apatosaurus_sp_FMNH_P25112" recon_no="38665">FMNH_P25112</List>
		<List recon_name="Apatosaurus_excelsus" recon_no="56547">YPM_1980</List>
		<List recon_name="Apatosaurus_ajax" recon_no="52958">NSMT_dash_PV_20375</List>
		<List recon_name="Apatosaurus_ajax" recon_no="52958">YPM_1860</List>
		<List recon_name="Apatosaurus_ajax" recon_no="52958">YPM_1840</List>
		<List recon_name="Apatosaurus_ajax" recon_no="52958">AMNH_460</List>
		<List recon_name="Apatosaurus_ajax" recon_no="52958">YPM_1861</List>
		<List recon_name="Apatosaurus_excelsus" recon_no="56547">CMNH_566</List>
		<List recon_name="Apatosaurus_excelsus" recon_no="56547">UWGM_15556</List>
	</Taxa>
	<Characters>
		<Molecular/>
		<Morphological number="32">
			<Type>Osteology</Type>
		</Morphological>
		<Behavioural/>
		<Other/>
	</Characters>
	<Analysis>
		<Type>Maximum Parsimony</Type>
	</Analysis>
	<Notes>Based on reanalysis of the original matrix.</Notes>
	<Filename>Upchurch_etal_2004a</Filename>
	<Parent/>
	<Sibling/>
</SourceTree>
