<?xml version="1.0" standalone="yes"?>
<SourceTree>
	<Source>
		<Author>
			<List>Upchurch, P.</List>
			<List>Mannion, P. D.</List>
		</Author>
		<Year>2009</Year>
		<Title>The first diplodocid from Asia and its implications for the evolutionary history of sauropod dinosaurs</Title>
		<Journal>Palaeontology</Journal>
		<Volume>52</Volume>
		<Pages>1195-1207</Pages>
		<Booktitle/>
		<Publisher/>
		<City/>
		<Editor/>
	</Source>
	<Taxa number="30">
		<List recon_name="Eoraptor_lunensis,Herrerasaurus_ischigualastensis" recon_no="57454;55000">Theropoda</List>
		<List recon_name="Lufengosaurus_magnus,Massospondylus_carinatus,Plateosaurus_engelhardti,Riojasaurus_incertus" recon_no="64306;56595;56683;56585">Prosauropoda</List>
		<List recon_name="Vulcanodon_karibaensis" recon_no="54979">Vulcanodon</List>
		<List recon_name="Shunosaurus_lii" recon_no="56457">Shunosaurus</List>
		<List recon_name="Barapasaurus_tagorei" recon_no="55547">Barapasaurus</List>
		<List recon_name="Patagosaurus_fariasi" recon_no="66448">Patagosaurus</List>
		<List recon_name="Omeisaurus_junghsiensis,Omeisaurus_tianfuensis" recon_no="56461;56462">Omeisaurus</List>
		<List recon_name="Mamenchisaurus_constructus,Mamenchisaurus_hochuanensis,Mamenchisaurus_sinocanadorum" recon_no="56460;56463;56541">Mamenchisaurus</List>
		<List recon_name="Jobaria_tiguidensis" recon_no="57436">Jobaria</List>
		<List recon_name="Haplocanthosaurus_delfsi,Haplocanthosaurus_priscus" recon_no="66582;64504">Haplocanthosaurus</List>
		<List recon_name="Apatosaurus_ajax" recon_no="52958">Apatosaurus</List>
		<List recon_name="Diplodocidae_indet_PMU_R263" recon_no="38664">PMU_R263</List>
		<List recon_name="Barosaurus_lentus" recon_no="54166">Barosaurus</List>
		<List recon_name="Diplodocus_longus" recon_no="52920">Diplodocus</List>
		<List recon_name="Dicraeosaurus_hansemanni" recon_no="65941">Dicraeosaurus</List>
		<List recon_name="Amargasaurus_cazaui" recon_no="53962">Amargasaurus</List>
		<List recon_name="Nigersaurus_taqueti" recon_no="57367">Nigersaurus</List>
		<List recon_name="Rayososaurus_agrioensis" recon_no="71351">Rayososaurus</List>
		<List recon_name="Rebbachisaurus_garasbae" recon_no="65368">Rebbachisaurus</List>
		<List recon_name="Camarasaurus_grandis" recon_no="67181">Camarasaurus</List>
		<List recon_name="Brachiosaurus_altithorax" recon_no="54864">Brachiosaurus</List>
		<List recon_name="Euhelopus_zdanskyi" recon_no="54868">Euhelopus</List>
		<List recon_name="Malawisaurus_dixeyi" recon_no="57458">Malawisaurus</List>
		<List recon_name="Titanosaurus_colberti" recon_no="64311">T_colberti</List>
		<List recon_name="Alamosaurus_sanjuanensis" recon_no="63399">Alamosaurus</List>
		<List recon_name="Opisthocoelicaudia_skarzynskii" recon_no="57335">Opisthocoelicaudia</List>
		<List recon_name="Neuquensaurus_australis" recon_no="64315">Neuquensaurus</List>
		<List recon_name="Saltasaurus_loricatus" recon_no="58838">Saltasaurus</List>
		<List recon_name="Nemegtosaurus_mongoliensis" recon_no="54841">Nemegtosaurus</List>
		<List recon_name="Rapetosaurus_krausei" recon_no="57533">Rapetosaurus</List>
	</Taxa>
	<Characters>
		<Molecular/>
		<Morphological number="234">
			<Type>Osteology</Type>
		</Morphological>
		<Behavioural/>
		<Other/>
	</Characters>
	<Analysis>
		<Type>Maximum Parsimony</Type>
	</Analysis>
	<Notes>Based on reanalysis of the original matrix.</Notes>
	<Filename>Upchurch_et_Mannion_2009aa</Filename>
	<Parent>Wilson_2002a</Parent>
	<Sibling/>
</SourceTree>
