<?xml version="1.0" standalone="yes"?>
<SourceTree>
	<Source>
		<Author>
			<List>Varricchio, D. J.</List>
		</Author>
		<Year>2002</Year>
		<Title>A new bird from the Upper Cretaceous Two Medicine Formation of Montana</Title>
		<Journal>Canadian Journal of Earth Sciences</Journal>
		<Volume>39</Volume>
		<Pages>19-26</Pages>
		<Booktitle/>
		<Publisher/>
		<City/>
		<Editor/>
	</Source>
	<Taxa number="35">
		<List recon_name="Troodon_formosus" recon_no="54818">Troodon_formosus</List>
		<List recon_name="Deinonychus_antirrhopus" recon_no="54555">Deinonychus_antirrhopus</List>
		<List recon_name="Struthio_camelus" recon_no="223891">Struthio_camelus</List>
		<List recon_name="Neuquenornis_volans" recon_no="100989">Neuquenornis_volans</List>
		<List recon_name="Phoebastria_irrorata" recon_no="405287">Diomedea_irrorata</List>
		<List recon_name="Gavia_arctica" recon_no="368268">Gavia_arctica</List>
		<List recon_name="Sula_bassana" recon_no="369497">Sula_basana</List>
		<List recon_name="Scopus_umbretta" recon_no="373471">Scopus_umbretta</List>
		<List recon_name="Phoenicopterus_chilensis,Phoenicopterus_ruber" recon_no="399949;368490">Phoenicopterus_sp</List>
		<List recon_name="Buteo_jamaicensis" recon_no="129162">Buteo_jamaicensis</List>
		<List recon_name="Aythya_affinis" recon_no="368046">Aythya_affinis</List>
		<List recon_name="Turnix_varius" recon_no="368022">Turnix_varia</List>
		<List recon_name="Aramus_guarauna" recon_no="368444">Aramus_guarauna</List>
		<List recon_name="Himantopus_mexicanus" recon_no="369230">Himantopus_mexicanus</List>
		<List recon_name="Pterocles_quadricinctus" recon_no="399890">Pterocles_quadricinctus</List>
		<List recon_name="Columba_palumbus" recon_no="365966">Columba_palumba</List>
		<List recon_name="Nestor_notabilis" recon_no="143815">Nestor_notabilis</List>
		<List recon_name="Tauraco_hartlaubi" recon_no="399897">Tauraco_hartlaubi</List>
		<List recon_name="Coccyzus_erythropthalmus" recon_no="372086">Coccyzus_erythro</List>
		<List recon_name="Opisthocomus_hoazin" recon_no="399880">Opisthocomus_hoazin</List>
		<List recon_name="Tyto_alba" recon_no="368069">Tyto_alba</List>
		<List recon_name="Lithornis_celetius,Lithornis_plebius,Lithornis_promiscuus" recon_no="246695;246697;246696">Lithornis_sp</List>
		<List recon_name="Presbyornis_isoni,Presbyornis_pervetus" recon_no="134345;57582">Presbyornis_sp</List>
		<List recon_name="Telmabates_antiquus" recon_no="57764">Telmabates_antiquus</List>
		<List recon_name="Torotix_clemensi" recon_no="141072">Torotix_clemensi</List>
		<List recon_name="Ichthyornis_dispar" recon_no="54877">Icthyornis</List>
		<List recon_name="Sandcoleus_copiosus" recon_no="417360">Sandcoleus_copiosus</List>
		<List recon_name="Crypturellus_soui" recon_no="399841">Cryptureilus_soui</List>
		<List recon_name="Palaeortyx_gallica" recon_no="135603">Palaeortyx_gallica</List>
		<List recon_name="Goura_cristata" recon_no="401270">Goura_cristata</List>
		<List recon_name="Ortalis_motmot" recon_no="405288">Ortalis_motmot</List>
		<List recon_name="Dendragapus_obscurus" recon_no="368032">Dendragapus_obscurus</List>
		<List recon_name="Piksi_barbarulna" recon_no="80899">Piksi_barbaruna</List>
		<List recon_name="Podiceps_cristatus" recon_no="372487">Podiceps_cristatus</List>
		<List recon_name="Telmatornis_priscus" recon_no="119225">Telmatornis_priscus</List>
	</Taxa>
	<Characters>
		<Molecular/>
		<Morphological number="26">
			<Type>Osteology</Type>
		</Morphological>
		<Behavioural/>
		<Other/>
	</Characters>
	<Analysis>
		<Type>Maximum Parsimony</Type>
	</Analysis>
	<Notes>Based on reanalysis of the original matrix.</Notes>
	<Filename>Varricchio_2002a</Filename>
	<Parent/>
	<Sibling/>
</SourceTree>
