<?xml version="1.0" standalone="yes"?>
<SourceTree>
	<Source>
		<Author>
			<List>Varricchio, D. J.</List>
			<List>Jackson, F. D.</List>
		</Author>
		<Year>2004</Year>
		<Title>A phylogenetic assessment of prismatic dinosaur egss from the Cretaceous Two Medicine Formation of Montana</Title>
		<Journal>Journal of Vertebrate Paleontology</Journal>
		<Volume>24</Volume>
		<Pages>931-937</Pages>
		<Booktitle/>
		<Publisher/>
		<City/>
		<Editor/>
	</Source>
	<Taxa number="14">
		<List recon_name="Melanochelys_trijuga" recon_no="373915">Melanochelys_trijuga</List>
		<List recon_name="Malacochersus_tornieri" recon_no="373912">Malacochersus_tornieri</List>
		<List recon_name="Rhinoclemmys_areolata" recon_no="377694">Rhinoclemmys_areolata</List>
		<List recon_name="Maiasaura_peeblesorum" recon_no="55574">Maiasaura_peeblesorum</List>
		<List recon_name="Titanosauridae_indet_MCF_dash_PVPH_dash_111_to_131_et_147_et_272" recon_no="38680">Titanosaurian_sauropod</List>
		<List recon_name="Alligator_mississippiensis" recon_no="110824">Alligator_mississippiensis</List>
		<List recon_name="Crocodylus_niloticus" recon_no="158096">Crocodylus_niloticus</List>
		<List recon_name="Oviraptoridae_indet_IGM_100_slash_971_et_972" recon_no="38557">Oviraptorid</List>
		<List recon_name="Troodon_formosus" recon_no="54818">Troodon_formosus</List>
		<List recon_name="Troodon_formosus" recon_no="54818">New_Two_Medicine_egg</List>
		<List recon_name="Aves_indet_MUCPv_350to355" recon_no="36616">Cretaceous_bird</List>
		<List recon_name="Struthio_camelus" recon_no="223891">Struthio_sp</List>
		<List recon_name="Lourinhanosaurus_antunesi" recon_no="65334">Lourinhanosaurus</List>
		<List recon_name="Gallus_gallus" recon_no="368033">Gallus_gallus</List>
	</Taxa>
	<Characters>
		<Molecular/>
		<Morphological number="15">
			<Type>Egg and shell</Type>
		</Morphological>
		<Behavioural/>
		<Other/>
	</Characters>
	<Analysis>
		<Type>Maximum Parsimony</Type>
	</Analysis>
	<Notes>Based on reanalysis of the original matrix.</Notes>
	<Filename>Varricchio_et_Jackson_2004a</Filename>
	<Parent/>
	<Sibling/>
</SourceTree>
