<?xml version="1.0" standalone="yes"?>
<SourceTree>
	<Source>
		<Author>
			<List>Varricchio, D. J.</List>
			<List>Martin, A. J.</List>
			<List>Katsura, Y.</List>
		</Author>
		<Year>2007</Year>
		<Title>First trace and body fossil evidence of a burrowing, denning dinosaur</Title>
		<Journal>Proceedings of the Royal Society of London B</Journal>
		<Volume>274</Volume>
		<Pages>1361-1368</Pages>
		<Booktitle/>
		<Publisher/>
		<City/>
		<Editor/>
	</Source>
	<Taxa number="21">
		<List recon_name="Scutellosaurus_lawleri" recon_no="67088">Scutellosaurus</List>
		<List recon_name="Lesothosaurus_diagnosticus" recon_no="57574">Lesothosaurus</List>
		<List recon_name="Heterodontosaurus_tucki" recon_no="52902">Heterodontosaurus</List>
		<List recon_name="Agilisaurus_louderbacki" recon_no="57223">Agilisaurus</List>
		<List recon_name="Yandusaurus_hongheensis" recon_no="52892">Yandusaurus</List>
		<List recon_name="Othnielia_rex" recon_no="64495">Othnielia</List>
		<List recon_name="Oryctodromeus_cubicularis" recon_no="103710">Oryctodromeus</List>
		<List recon_name="Zephyrosaurus_schaffi" recon_no="52889">Zephyrosaurus</List>
		<List recon_name="Orodromeus_makelai" recon_no="64338">Orodromeus</List>
		<List recon_name="Thescelosaurus_neglectus" recon_no="52897">Thescelosaurus</List>
		<List recon_name="Parksosaurus_warreni" recon_no="52894">Parksosaurus</List>
		<List recon_name="Bugenasaura_infernalis" recon_no="65024">Bugenasaura</List>
		<List recon_name="Hypsilophodon_foxii" recon_no="54190">Hypsilophodon</List>
		<List recon_name="Gasparinisaura_cincosaltensis" recon_no="65254">Gasparinisaura</List>
		<List recon_name="Tenontosaurus_dossi,Tenontosaurus_tilletti" recon_no="67272;52887">Tenontosaurus</List>
		<List recon_name="Rhabdodon_priscus" recon_no="66745">Rhabdodon</List>
		<List recon_name="Dryosaurus_altus" recon_no="54253">Dryosaurus</List>
		<List recon_name="Dysalotosaurus_lettowvorbecki" recon_no="56514">Dysalotosaurus</List>
		<List recon_name="Camptosaurus_dispar" recon_no="52880">Camptosaurus</List>
		<List recon_name="Iguanodon_bernissartensis" recon_no="58905">Iguanodon</List>
		<List recon_name="Ouranosaurus_nigeriensis" recon_no="52877">Ouranosaurus</List>
	</Taxa>
	<Characters>
		<Molecular/>
		<Morphological number="125">
			<Type>Osteology</Type>
		</Morphological>
		<Behavioural/>
		<Other/>
	</Characters>
	<Analysis>
		<Type>Maximum Parsimony</Type>
	</Analysis>
	<Notes>Based on reanalysis of the original matrix.</Notes>
	<Filename>Varricchio_etal_2007a</Filename>
	<Parent/>
	<Sibling/>
</SourceTree>
