<?xml version="1.0" standalone="yes"?>
<SourceTree>
	<Source>
		<Author>
			<List>Wang, R.-F.</List>
			<List>You, H.-L.</List>
			<List>Xu, S.-C.</List>
			<List>Wang, S.-Z.</List>
			<List>Yi, J.</List>
			<List>Xie, L.-J.</List>
			<List>Jia, L.</List>
			<List>Li, Y.-X.</List>
		</Author>
		<Year>2013</Year>
		<Title>A new hadrosauroid dinosaur from the early Late Cretaceous of Shanxi Province, China</Title>
		<Journal>PLOS ONE</Journal>
		<Volume>8</Volume>
		<Pages>e77058</Pages>
		<Booktitle/>
		<Publisher/>
		<City/>
		<Editor/>
	</Source>
	<Taxa number="38">
		<List recon_name="Hypsilophodon_foxii" recon_no="54190">Hypsilophodon</List>
		<List recon_name="Iguanodon_bernissartensis" recon_no="58905">Iguanodon</List>
		<List recon_name="Ouranosaurus_nigeriensis" recon_no="52877">Ouranosaurus</List>
		<List recon_name="Fukuisaurus_tetoriensis" recon_no="68189">Fukuisaurus</List>
		<List recon_name="Altirhinus_kurzanovi" recon_no="58903">Altirhinus</List>
		<List recon_name="Eolambia_caroljonesa" recon_no="66500">Eolambia</List>
		<List recon_name="Probactrosaurus_gobiensis" recon_no="52878">Probactrosaurus</List>
		<List recon_name="Equijubus_normani" recon_no="58927">Equijubus</List>
		<List recon_name="Protohadros_byrdi" recon_no="64527">Protohadros</List>
		<List recon_name="Telmatosaurus_transsylvanicus" recon_no="68154">Telmatosaurus</List>
		<List recon_name="Bactrosaurus_johnsoni" recon_no="57344">Bactrosaurus</List>
		<List recon_name="Levnesovia_transoxiana" recon_no="148886">Levnesovia</List>
		<List recon_name="Tanius_sinensis" recon_no="53379">Tanius</List>
		<List recon_name="Aralosaurus_tuberiferus" recon_no="67547">Aralosaurus</List>
		<List recon_name="Tsintaosaurus_spinorhinus" recon_no="53387">Tsintaosaurus</List>
		<List recon_name="Jaxartosaurus_aralensis" recon_no="65693">Jaxartosaurus</List>
		<List recon_name="Nipponosaurus_sachalinensis" recon_no="56972">Nipponosaurus</List>
		<List recon_name="Amurosaurus_riabinini" recon_no="64251">Amurosaurus</List>
		<List recon_name="Lambeosaurus_lambei,Lambeosaurus_laticaudus,Lambeosaurus_magnicristatus" recon_no="56724;68200;65429">Lambeosaurus</List>
		<List recon_name="Corythosaurus_casuarius" recon_no="56403">Corythosaurus</List>
		<List recon_name="Hypacrosaurus_altispinus,Hypacrosaurus_stebingeri" recon_no="56406;64339">Hypacrosaurus</List>
		<List recon_name="Olorotitan_arharensis" recon_no="72095">Olorotitan</List>
		<List recon_name="Parasaurolophus_cyrtocristatus,Parasaurolophus_tubicen,Parasaurolophus_walkeri" recon_no="66260;64355;63256">Parasaurolophus</List>
		<List recon_name="Charonosaurus_jiayinensis" recon_no="64259">Charonosaurus</List>
		<List recon_name="Lophorhothon_atopus" recon_no="67215">Lophorhothon</List>
		<List recon_name="Kritosaurus_australis" recon_no="66683">Kritosaurus</List>
		<List recon_name="Maiasaura_peeblesorum" recon_no="55574">Maiasaura</List>
		<List recon_name="Brachylophosaurus_canadensis" recon_no="65213">Brachylophosaurus</List>
		<List recon_name="Gryposaurus_incurvimanus,Gryposaurus_notabilis" recon_no="64298;63251">Gryposaurus</List>
		<List recon_name="Kerberosaurus_manakini" recon_no="64257">Kerberosaurus</List>
		<List recon_name="Saurolophus_angustirostris,Saurolophus_osborni" recon_no="64295;53386">Saurolophus</List>
		<List recon_name="Prosaurolophus_blackfeetensis,Prosaurolophus_maximus" recon_no="57631;53384">Prosaurolophus</List>
		<List recon_name="Edmontosaurus_annectens,Edmontosaurus_regalis,Edmontosaurus_saskatchewanensis" recon_no="64305;63254;64304">Edmontosaurus</List>
		<List recon_name="Kritosaurus_australis" recon_no="66683">K_australis</List>
		<List recon_name="Jintasaurus_meniscus" recon_no="176312">Jintasaurus</List>
		<List recon_name="Yunganglong_datongensis" recon_no="280676">Yunganglong</List>
		<List recon_name="Nanyangosaurus_zhugeii" recon_no="68243">Nanyangosaurus</List>
		<List recon_name="Shuangmiaosaurus_gilmorei" recon_no="84662">Shuangmiaosaurus</List>
	</Taxa>
	<Characters>
		<Molecular/>
		<Morphological number="138">
			<Type>Osteology</Type>
		</Morphological>
		<Behavioural/>
		<Other/>
	</Characters>
	<Analysis>
		<Type>Maximum Parsimony</Type>
	</Analysis>
	<Notes>Based on reanalysis of the original matrix.</Notes>
	<Filename>Wang_etal_2013e</Filename>
	<Parent>Sues_et_Averianov_2009b</Parent>
	<Sibling/>
</SourceTree>
