<?xml version="1.0" standalone="yes"?>
<SourceTree>
	<Source>
		<Author>
			<List>Wang, S.</List>
			<List>Sun, C.-K.</List>
			<List>Sullivan, C.</List>
			<List>Xu, X.</List>
		</Author>
		<Year>2013</Year>
		<Title>A new oviraptorid (Dinosauria: Theropoda) from the Upper Cretaceous of southern China</Title>
		<Journal>Zootaxa</Journal>
		<Volume>3640</Volume>
		<Pages>242-257</Pages>
		<Booktitle/>
		<Publisher/>
		<City/>
		<Editor/>
	</Source>
	<Taxa number="19">
		<List recon_name="Herrerasaurus_ischigualastensis" recon_no="55000">Herrerasaurus_ischigualastensis</List>
		<List recon_name="Velociraptor_mongoliensis" recon_no="54554">Velociraptor_mongoliensis</List>
		<List recon_name="Archaeopteryx_lithographica" recon_no="55487">Archaeopteryx_lithographica</List>
		<List recon_name="Avimimus_portentosus" recon_no="55489">Avimimus_portentosus</List>
		<List recon_name="Caudipteryx_zoui" recon_no="66066">Caudipteryx_zoui</List>
		<List recon_name="Chirostenotes_pergracilis" recon_no="54561">Chirostenotes_pergracilis</List>
		<List recon_name="Gigantoraptor_erlianensis" recon_no="103708">Gigantoraptor_erlianensis</List>
		<List recon_name="Rinchenia_mongoliensis" recon_no="68397">Rinchenia_mongoliensis</List>
		<List recon_name="Citipati_sp_IGM_100_42" recon_no="57023">Zamyn_Khondt_oviraptorid</List>
		<List recon_name="Conchoraptor_gracilis" recon_no="67259">Conchoraptor_gracilis</List>
		<List recon_name="Ingenia_yanshani" recon_no="96513">Ingenia_yanshini</List>
		<List recon_name="Citipati_osmolskae" recon_no="57024">Citipati_osmolskae</List>
		<List recon_name="Khaan_mckennai" recon_no="57026">Khaan_mckennai</List>
		<List recon_name="Machairasaurus_leptonychus" recon_no="174101">Machairasaurus_leptonychus</List>
		<List recon_name="Heyuannia_huangi" recon_no="68048">Heyuannia_huangi</List>
		<List recon_name="Nemegtomaia_barsboldi" recon_no="95491">Nemegtomaia_barsboldi</List>
		<List recon_name="Oviraptor_philoceratops" recon_no="55488">Oviraptor_philoceratops</List>
		<List recon_name="Banji_long" recon_no="172315">Banji_long</List>
		<List recon_name="Ganzhousaurus_nankangensis" recon_no="265587">Ganzhousaurus_nankangensis</List>
	</Taxa>
	<Characters>
		<Molecular/>
		<Morphological number="185">
			<Type>Osteology</Type>
		</Morphological>
		<Behavioural/>
		<Other/>
	</Characters>
	<Analysis>
		<Type>Maximum Parsimony</Type>
	</Analysis>
	<Notes>Based on reanalysis of the original matrix.</Notes>
	<Filename>Wang_etal_2013b</Filename>
	<Parent>Longrich_etal_2010b</Parent>
	<Sibling/>
</SourceTree>
