<?xml version="1.0" standalone="yes"?>
<SourceTree>
	<Source>
		<Author>
			<List>Weishampel, D. B.</List>
			<List>Norman, D. B.</List>
			<List>Grigorescu, D.</List>
		</Author>
		<Year>1993</Year>
		<Title><em>Telmatosaurus transsylvanicus</em> from the Late Cretaceous of Romania; the most basal hadrosaurid dinosaur</Title>
		<Journal>Palaeontology</Journal>
		<Volume>36</Volume>
		<Pages>361-385</Pages>
		<Booktitle/>
		<Publisher/>
		<City/>
		<Editor/>
	</Source>
	<Taxa number="15">
		<List recon_name="DELETE" recon_no="0">OUTGROUP</List>
		<List recon_name="Iguanodon_bernissartensis" recon_no="58905">Iguanodon</List>
		<List recon_name="Ouranosaurus_nigeriensis" recon_no="52877">Ouranosaurus</List>
		<List recon_name="Telmatosaurus_transsylvanicus" recon_no="68154">Telmatosaurus</List>
		<List recon_name="Edmontosaurus_regalis" recon_no="63254">Edmontosaurus</List>
		<List recon_name="Anatosaurus_copei" recon_no="53383">Anatosaurus</List>
		<List recon_name="Gryposaurus_notabilis" recon_no="63251">Gryposaurus</List>
		<List recon_name="Maiasaura_peeblesorum" recon_no="55574">Maiasaura</List>
		<List recon_name="Brachylophosaurus_canadensis" recon_no="65213">Brachylophosaurus</List>
		<List recon_name="Prosaurolophus_maximus" recon_no="53384">Prosaurolophus</List>
		<List recon_name="Saurolophus_angustirostris,Saurolophus_osborni" recon_no="64295;53386">Saurolophus</List>
		<List recon_name="Parasaurolophus_cyrtocristatus,Parasaurolophus_tubicen,Parasaurolophus_walkeri" recon_no="66260;64355;63256">Parasaurolophus</List>
		<List recon_name="Lambeosaurus_lambei,Lambeosaurus_magnicristatus" recon_no="56724;65429">Lambeosaurus</List>
		<List recon_name="Corythosaurus_casuarius" recon_no="56403">Corythosaurus</List>
		<List recon_name="Hypacrosaurus_altispinus" recon_no="56406">Hypacrosaurus</List>
	</Taxa>
	<Characters>
		<Molecular/>
		<Morphological number="37">
			<Type>Osteology</Type>
		</Morphological>
		<Behavioural/>
		<Other/>
	</Characters>
	<Analysis>
		<Type>Maximum Parsimony</Type>
	</Analysis>
	<Notes>Based on reanalysis of the original matrix.</Notes>
	<Filename>Weishampel_etal_1993a</Filename>
	<Parent/>
	<Sibling/>
</SourceTree>
