<?xml version="1.0" standalone="yes"?>
<SourceTree>
	<Source>
		<Author>
			<List>Weishampel, D. B.</List>
			<List>Jianu, C.-M.</List>
			<List>Csiki, Z.</List>
			<List>Norman, D. B.</List>
		</Author>
		<Year>2003</Year>
		<Title>Osteology and phylogeny of <em>Zalmoxes</em> (n. g.), an unusual euornithopod dinosaur from the latest Cretaceous of Romania</Title>
		<Journal>Journal of Systematic Palaeontology</Journal>
		<Volume>1</Volume>
		<Pages>65-123</Pages>
		<Booktitle/>
		<Publisher/>
		<City/>
		<Editor/>
	</Source>
	<Taxa number="18">
		<List recon_name="DELETE" recon_no="0">Ancestor</List>
		<List recon_name="Achelousaurus_horneri,Anchiceratops_ornatus,Archaeoceratops_oshimai,Arrhinoceratops_brachyops,Avaceratops_lammersi,Bagaceratops_rozhdestvenskyi,Brachyceratops_montanensis,Centrosaurus_apertus,Chaoyangsaurus_youngi,Chasmosaurus_belli,Chasmosaurus_irvinensis,Chasmosaurus_mariscalensis,Chasmosaurus_russelli,Diceratops_hatcheri,Einiosaurus_procurvicornis,Graciliceratops_mongoliensis,Leptoceratops_gracilis,Liaoceratops_yanzigouensis,Monoclonius_crassus,Montanoceratops_cerorhynchus,Pachyrhinosaurus_canadensis,Pentaceratops_sternbergii,Protoceratops_andrewsi,Protoceratops_hellenikorhinus,Psittacosaurus_guyangensis,Psittacosaurus_mazongshanensis,Psittacosaurus_meileyingensis,Psittacosaurus_mongoliensis,Psittacosaurus_neimongoliensis,Psittacosaurus_ordosensis,Psittacosaurus_osborni,Psittacosaurus_sinensis,Psittacosaurus_xinjiangensis,Psittacosaurus_youngi,Styracosaurus_albertensis,Torosaurus_latus,Triceratops_horridus,Udanoceratops_tschizhovi,Zuniceratops_christopheri,Goyocephale_lattimorei,Gravitholus_albertae,Homalocephale_calathocercos,Micropachycephalosaurus_hongtuyanensis,Ornatotholus_browni,Pachycephalosaurus_wyomingensis,Prenocephale_prenes,Sphaerotholus_buchholtzae,Sphaerotholus_goodwini,Stegoceras_edmontonense,Stegoceras_validum,Stenopelix_valdensis,Stygimoloch_spinifer,Tylocephale_gilmorei,Wannanosaurus_yansiensis,Yaverlandia_bitholus" recon_no="53955;63447;55576;63401;55539;52826;63895;63911;55580;66019;64731;52772;66020;63890;53954;67674;52827;55582;54486;52830;66023;55033;52824;57342;65683;58884;65708;52831;64142;64143;65706;65705;65707;65946;56144;63773;63759;66585;66591;52838;56566;52836;54840;56568;52835;52833;67683;67682;56571;56570;65431;56577;66451;52840;56581">Marginocephalia</List>
		<List recon_name="Heterodontosaurus_tucki" recon_no="52902">Heterodontosauridae</List>
		<List recon_name="Agilisaurus_multidens" recon_no="57225">A_multidens</List>
		<List recon_name="Hypsilophodon_foxii" recon_no="54190">Hypsilophodon_foxii</List>
		<List recon_name="Gasparinisaura_cincosaltensis" recon_no="65254">Gasparinisaurus_cincosaltensis</List>
		<List recon_name="Thescelosaurus_neglectus" recon_no="52897">Thescelosaurus_neglectus</List>
		<List recon_name="Parksosaurus_warreni" recon_no="52894">Parksosaurus_warreni</List>
		<List recon_name="Tenontosaurus_tilletti" recon_no="52887">Tenontosaurus_tilletti</List>
		<List recon_name="Tenontosaurus_dossi" recon_no="67272">Tenontosaurus_dossi</List>
		<List recon_name="Dryosaurus_altus" recon_no="54253">Dryosaurus_altus</List>
		<List recon_name="Dryosaurus_lettowvorbecki" recon_no="56515">Dryosaurus_lettowvorbeckii</List>
		<List recon_name="Camptosaurus_dispar" recon_no="52880">Camptosaurus_dispar</List>
		<List recon_name="Iguanodon_atherfieldensis" recon_no="64255">Iguanodon_atherfieldensis</List>
		<List recon_name="Iguanodon_bernissartensis" recon_no="58905">Iguanodon_bernissartensis</List>
		<List recon_name="Rhabdodon_priscus" recon_no="66745">Rhabdodon_priscus</List>
		<List recon_name="Zalmoxes_robustus" recon_no="66743">Zalmoxes_robustus</List>
		<List recon_name="Zalmoxes_shqiperorum" recon_no="66744">Zalmoxes_shqiperorum</List>
	</Taxa>
	<Characters>
		<Molecular/>
		<Morphological number="75">
			<Type>Osteology</Type>
		</Morphological>
		<Behavioural/>
		<Other/>
	</Characters>
	<Analysis>
		<Type>Maximum Parsimony</Type>
	</Analysis>
	<Notes>Based on reanalysis of the original matrix.</Notes>
	<Filename>Weishampel_etal_2003a</Filename>
	<Parent/>
	<Sibling/>
</SourceTree>
