<?xml version="1.0" standalone="yes"?>
<SourceTree>
	<Source>
		<Author>
			<List>Weishampel, D. B.</List>
			<List>Heinrich, R. E.</List>
		</Author>
		<Year>1992</Year>
		<Title>Systematics of Hypsilophodontidae and basal Iguanodontia (Dinosauria: Ornithopoda)</Title>
		<Journal>Historical Biology</Journal>
		<Volume>6</Volume>
		<Pages>159-184</Pages>
		<Booktitle/>
		<Publisher/>
		<City/>
		<Editor/>
	</Source>
	<Taxa number="12">
		<List recon_name="DELETE" recon_no="0">Hypothetical_Ancestor</List>
		<List recon_name="Heterodontosaurus_tucki" recon_no="52902">Heterodontosaurus</List>
		<List recon_name="Tenontosaurus_tilletti" recon_no="52887">Tenontosaurus</List>
		<List recon_name="Camptosaurus_dispar" recon_no="52880">Camptosaurus</List>
		<List recon_name="Dryosaurus_altus" recon_no="54253">Dryosaurus</List>
		<List recon_name="Thescelosaurus_neglectus" recon_no="52897">Thescelosaurus</List>
		<List recon_name="Yandusaurus_hongheensis" recon_no="52892">Yandusaurus</List>
		<List recon_name="Othnielia_rex" recon_no="64495">Othnielia</List>
		<List recon_name="Parksosaurus_warreni" recon_no="52894">Parksosaurus</List>
		<List recon_name="Hypsilophodon_foxii" recon_no="54190">Hypsilophodon</List>
		<List recon_name="Zephyrosaurus_schaffi" recon_no="52889">Zephyrosaurus</List>
		<List recon_name="Orodromeus_makelai" recon_no="64338">Orodromeus</List>
	</Taxa>
	<Characters>
		<Molecular/>
		<Morphological number="37">
			<Type>Osteology</Type>
		</Morphological>
		<Behavioural/>
		<Other/>
	</Characters>
	<Analysis>
		<Type>Maximum Parsimony</Type>
	</Analysis>
	<Notes>Based on reanalysis of the original matrix.</Notes>
	<Filename>Weishampel_et_Heinrich_1992a</Filename>
	<Parent/>
	<Sibling/>
</SourceTree>
