<?xml version="1.0" standalone="yes"?>
<SourceTree>
	<Source>
		<Author>
			<List>Wilson, J. A.</List>
			<List>Sereno, P. C.</List>
			<List>Srivastava, S.</List>
			<List>Bhatt, D. K.</List>
			<List>Khosla, A.</List>
			<List>Shani, A.</List>
		</Author>
		<Year>2003</Year>
		<Title>A new abelisaurid (Dinosauria, Theropoda) from the Lameta Formation (Cretaceous, Maastrichtian) of India</Title>
		<Journal>Contributions of the Museum of Paleontology: University of Michigan</Journal>
		<Volume>31</Volume>
		<Pages>1-42</Pages>
		<Booktitle/>
		<Publisher/>
		<City/>
		<Editor/>
	</Source>
	<Taxa number="23">
		<List recon_name="Eoraptor_lunensis" recon_no="57454">Eoraptor</List>
		<List recon_name="Herrerasaurus_ischigualastensis" recon_no="55000">Herrerasaurus</List>
		<List recon_name="Dilophosaurus_wetherilli" recon_no="57251">Dilophosaurus</List>
		<List recon_name="Liliensternus_liliensterni" recon_no="56379">Liliensternus</List>
		<List recon_name="Procompsognathus_triassicus" recon_no="56382">Procompsognathus</List>
		<List recon_name="Segisaurus_halli" recon_no="55543">Segisaurus</List>
		<List recon_name="Syntarsus_kayentakatae" recon_no="55540">Syntarsus</List>
		<List recon_name="Coelophysis_bauri" recon_no="55477">Coelophysis</List>
		<List recon_name="Elaphrosaurus_bambergi" recon_no="55481">Elaphrosaurus</List>
		<List recon_name="Ceratosaurus_nasicornis" recon_no="54165">Ceratosaurus</List>
		<List recon_name="Spinostropheus_gautieri" recon_no="71393">Niger_taxon_1</List>
		<List recon_name="Genusaurus_sisteronis" recon_no="56392">Genusaurus</List>
		<List recon_name="Deltadromeus_agilis" recon_no="65367">Deltadromeus</List>
		<List recon_name="Masiakasaurus_knopfleri" recon_no="56389">Masiakasaurus</List>
		<List recon_name="Noasaurus_leali" recon_no="54534">Noasaurus</List>
		<List recon_name="Ilokelesia_aguadagrandensis" recon_no="54532">Ilokelesia</List>
		<List recon_name="Rugops_primus" recon_no="71395">Niger_taxon_2</List>
		<List recon_name="Abelisaurus_comahuensis" recon_no="53945">Abelisaurus</List>
		<List recon_name="Rajasaurus_narmadensis" recon_no="54433">Rajasaurus</List>
		<List recon_name="Majungatholus_athopus" recon_no="190519">Majungatholus</List>
		<List recon_name="Carnotaurus_sastrei" recon_no="54526">Carnotaurus</List>
		<List recon_name="Baryonyx_walkeri,Suchomimus_tenerensis,Torvosaurus_tanneri" recon_no="53370;53368;53375">SPINOSAUROIDEA</List>
		<List recon_name="Allosaurus_fragilis,Sinraptor_dongi,Sinraptor_hepingensis" recon_no="52962;54821;54824">NEOTETANURAE</List>
	</Taxa>
	<Characters>
		<Molecular/>
		<Morphological number="149">
			<Type>Osteology</Type>
		</Morphological>
		<Behavioural/>
		<Other/>
	</Characters>
	<Analysis>
		<Type>Maximum Parsimony</Type>
	</Analysis>
	<Notes>Based on reanalysis of the original matrix.</Notes>
	<Filename>Wilson_etal_2003a</Filename>
	<Parent>Sereno_etal_2004a</Parent>
	<Sibling/>
</SourceTree>
