<?xml version="1.0" standalone="yes"?>
<SourceTree>
	<Source>
		<Author>
			<List>Wilson, J. A.</List>
			<List>Sereno, P. C.</List>
		</Author>
		<Year>1998</Year>
		<Title>Early evolution and higher-level phylogeny of sauropod dinosaurs</Title>
		<Journal>Society of Vertebrate Paleontology Memoir</Journal>
		<Volume>5</Volume>
		<Pages>1-68</Pages>
		<Booktitle/>
		<Publisher/>
		<City/>
		<Editor/>
	</Source>
	<Taxa number="12">
		<List recon_name="Eoraptor_lunensis,Herrerasaurus_ischigualastensis" recon_no="57454;55000">Theropoda</List>
		<List recon_name="Lufengosaurus_magnus,Massospondylus_carinatus,Plateosaurus_engelhardti,Riojasaurus_incertus" recon_no="64306;56595;56683;56585">Prosauropoda</List>
		<List recon_name="Vulcanodon_karibaensis" recon_no="54979">Vulcanodon</List>
		<List recon_name="Shunosaurus_lii" recon_no="56457">Shunosaurus</List>
		<List recon_name="Barapasaurus_tagorei" recon_no="55547">Barapasaurus</List>
		<List recon_name="Omeisaurus_junghsiensis,Omeisaurus_tianfuensis" recon_no="56461;56462">Omeisaurus</List>
		<List recon_name="Rayososaurus_agrioensis,Rayososaurus_tessonei,Amphicoelias_altus,Amargasaurus_cazaui,Dicraeosaurus_hansemanni,Apatosaurus_ajax,Barosaurus_lentus,Diplodocus_longus" recon_no="71351;70642;53181;53962;65941;52958;54166;52920">Diplodocoidea</List>
		<List recon_name="Haplocanthosaurus_delfsi,Haplocanthosaurus_priscus" recon_no="66582;64504">Haplocanthosaurus</List>
		<List recon_name="Camarasaurus_grandis,Camarasaurus_lentus,Camarasaurus_lewisi,Camarasaurus_supremus" recon_no="67181;71837;67988;54168">Camarasaurus</List>
		<List recon_name="Brachiosaurus_altithorax,Brachiosaurus_brancai,Eucamerotus_foxi,Pleurocoelus_montanus" recon_no="54864;64501;54172;67182">Brachiosauridae</List>
		<List recon_name="Euhelopus_zdanskyi" recon_no="54868">Euhelopus</List>
		<List recon_name="Aeolosaurus_rionegrinus,Alamosaurus_sanjuanensis,Ampelosaurus_atacis,Andesaurus_delgadoi,Argentinosaurus_huinculensis,Epachthosaurus_sciuttoi,Magyarosaurus_dacus,Malawisaurus_dixeyi,Nemegtosaurus_mongoliensis,Neuquensaurus_australis,Opisthocoelicaudia_skarzynskii,Saltasaurus_loricatus" recon_no="58847;63399;65140;58918;66646;57467;64332;57458;54841;64315;57335;58838">Titanosauria</List>
	</Taxa>
	<Characters>
		<Molecular/>
		<Morphological number="109">
			<Type>Osteology</Type>
		</Morphological>
		<Behavioural/>
		<Other/>
	</Characters>
	<Analysis>
		<Type>Maximum Parsimony</Type>
	</Analysis>
	<Notes>Based on reanalysis of the original matrix.</Notes>
	<Filename>Wilson_et_Sereno_1998a</Filename>
	<Parent/>
	<Sibling/>
</SourceTree>
