<?xml version="1.0" standalone="yes"?>
<SourceTree>
	<Source>
		<Author>
			<List>Xu, X.</List>
			<List>Zhou, Z.-H.</List>
			<List>Wang, X.-L.</List>
		</Author>
		<Year>2000</Year>
		<Title>The smallest known non-avian theropod dinosaur</Title>
		<Journal>Nature</Journal>
		<Volume>408</Volume>
		<Pages>705-708</Pages>
		<Booktitle/>
		<Publisher/>
		<City/>
		<Editor/>
	</Source>
	<Taxa number="13">
		<List recon_name="Allosaurus_fragilis" recon_no="52962">Allosaurus</List>
		<List recon_name="Compsognathus_longipes" recon_no="53007">Compsognathus</List>
		<List recon_name="Anserimimus_planinychus,Archaeornithomimus_asiaticus,Dromiceiomimus_brevitertius,Dromiceiomimus_samueli,Gallimimus_bullatus,Ornithomimus_edmontonensis,Ornithomimus_velox,Struthiomimus_altus" recon_no="66672;57276;66907;57272;57265;57270;57269;57266">Ornithomimidae</List>
		<List recon_name="Conchoraptor_gracilis,Ingenia_yanshini,Oviraptor_philoceratops,Rinchenia_mongoliensis" recon_no="67259;57022;55488;68397">Oviraptoridae</List>
		<List recon_name="Caudipteryx_zoui" recon_no="66066">Caudipteryx</List>
		<List recon_name="Protarchaeopteryx_robusta" recon_no="66068">Protarchaeopteryx</List>
		<List recon_name="Borogovia_gracilicrus,Pectinodon_bakkeri,Saurornithoides_junior,Saurornithoides_mongoliensis,Stenonychosaurus_inequalis,Tochisaurus_nemegtensis,Troodon_formosus" recon_no="64791;54819;57262;54470;54467;66620;54818">Troodontidae</List>
		<List recon_name="Archaeopteryx_lithographica" recon_no="55487">Archaeopteryx</List>
		<List recon_name="Rahonavis_ostromi" recon_no="64133">Rahonavis</List>
		<List recon_name="Microraptor_zhaoianus" recon_no="68239">Microraptor</List>
		<List recon_name="Deinonychus_antirrhopus,Saurornitholestes_langstoni,Utahraptor_ostrommaysi,Velociraptor_mongoliensis" recon_no="54555;54556;66450;54554">Velociraptorinae</List>
		<List recon_name="Dromaeosaurus_albertensis" recon_no="54550">Dromaeosaurus</List>
		<List recon_name="Sinornithosaurus_millenii" recon_no="68205">Sinornithosaurus</List>
	</Taxa>
	<Characters>
		<Molecular/>
		<Morphological number="89">
			<Type>Osteology</Type>
		</Morphological>
		<Behavioural/>
		<Other/>
	</Characters>
	<Analysis>
		<Type>Maximum Parsimony</Type>
	</Analysis>
	<Notes>Based on reanalysis of the original matrix.</Notes>
	<Filename>Xu_etal_2000a</Filename>
	<Parent>Xu_etal_1999a</Parent>
	<Sibling/>
</SourceTree>
