<?xml version="1.0" standalone="yes"?>
<SourceTree>
	<Source>
		<Author>
			<List>Xu, X.</List>
			<List>Norell, M. A.</List>
			<List>Kuang, X.-W.</List>
			<List>Wang, X.-L.</List>
			<List>Zhao, Q.</List>
			<List>Jia, C.-K.</List>
		</Author>
		<Year>2004</Year>
		<Title>Basal tyrannosauroids from China and evidence for protofeathers in tyrannosauroids</Title>
		<Journal>Nature</Journal>
		<Volume>431</Volume>
		<Pages>680-684</Pages>
		<Booktitle/>
		<Publisher/>
		<City/>
		<Editor/>
	</Source>
	<Taxa number="15">
		<List recon_name="Allosaurus_fragilis" recon_no="52962">Allosaurus</List>
		<List recon_name="Sinosauropteryx_prima" recon_no="54549">Sinosauropteryx</List>
		<List recon_name="Gallimimus_bullatus" recon_no="57265">Gallimimus</List>
		<List recon_name="Sinovenator_changii" recon_no="64889">Sinovenator</List>
		<List recon_name="Citipati_osmolskae" recon_no="57024">Citipati</List>
		<List recon_name="Dilong_paradoxus" recon_no="58836">Dilong</List>
		<List recon_name="Albertosaurus_sarcophagus" recon_no="56319">Albertosaurus</List>
		<List recon_name="Gorgosaurus_libratus" recon_no="53194">Gorgosaurus</List>
		<List recon_name="Alioramus_remotus" recon_no="57259">Alioramus</List>
		<List recon_name="Daspletosaurus_torosus" recon_no="57258">Daspletosaurus</List>
		<List recon_name="Tarbosaurus_bataar" recon_no="57254">Tarbosaurus</List>
		<List recon_name="Nanotyrannus_lancensis" recon_no="53213">Nanotyrannus</List>
		<List recon_name="Tyrannosaurus_rex" recon_no="54833">Tyrannosaurus</List>
		<List recon_name="Velociraptor_mongoliensis" recon_no="54554">Velociraptor</List>
		<List recon_name="Dromaeosaurus_albertensis" recon_no="54550">Dromaeosaurus</List>
	</Taxa>
	<Characters>
		<Molecular/>
		<Morphological number="77">
			<Type>Osteology</Type>
		</Morphological>
		<Behavioural/>
		<Other/>
	</Characters>
	<Analysis>
		<Type>Maximum Parsimony</Type>
	</Analysis>
	<Notes>Based on reanalysis of the original matrix.</Notes>
	<Filename>Xu_etal_2004a</Filename>
	<Parent>Currie_etal_2003a</Parent>
	<Sibling/>
</SourceTree>
