<?xml version="1.0" standalone="yes"?>
<SourceTree>
	<Source>
		<Author>
			<List>Xu, X.</List>
			<List>Tan, Q.-W.</List>
			<List>Wang, J.-M.</List>
			<List>Zhao, X.-J.</List>
			<List>Tan, L.</List>
		</Author>
		<Year>2007</Year>
		<Title>A gigantic bird-like dinosaur from the Late Cretaceous of China</Title>
		<Journal>Nature</Journal>
		<Volume>447</Volume>
		<Pages>844-847</Pages>
		<Booktitle/>
		<Publisher/>
		<City/>
		<Editor/>
	</Source>
	<Taxa number="14">
		<List recon_name="Herrerasaurus_ischigualastensis" recon_no="55000">Herrerasaurus_ischigualastensis</List>
		<List recon_name="Velociraptor_mongoliensis" recon_no="54554">Velociraptor_mongoliensis</List>
		<List recon_name="Archaeopteryx_lithographica" recon_no="55487">Archaeopteryx_lithographica</List>
		<List recon_name="Incisivosaurus_gauthieri" recon_no="64891">Incisivosaurus</List>
		<List recon_name="Avimimus_portentosus" recon_no="55489">Avimimus_portentosus</List>
		<List recon_name="Caudipteryx_zoui" recon_no="66066">Caudipteryx_zoui</List>
		<List recon_name="Chirostenotes_pergracilis" recon_no="54561">Chirostenotes_pergracilis</List>
		<List recon_name="Rinchenia_mongoliensis" recon_no="68397">Rinchenia_mongoliensis</List>
		<List recon_name="Conchoraptor_gracilis" recon_no="67259">Conchoraptor_gracilis</List>
		<List recon_name="Ingenia_yanshani" recon_no="96513">Ingenia_yanshini</List>
		<List recon_name="Khaan_mckennai" recon_no="57026">Khaan_mckennai</List>
		<List recon_name="Gigantoraptor_erlianensis" recon_no="103708">Gigantoraptor</List>
		<List recon_name="Citipati_sp_IGM_100_42" recon_no="57023">Unnamed_Zamin_Khondt_oviraptorid</List>
		<List recon_name="Citipati_osmolskae" recon_no="57024">Citipati_osmolskae</List>
	</Taxa>
	<Characters>
		<Molecular/>
		<Morphological number="161">
			<Type>Osteology</Type>
		</Morphological>
		<Behavioural/>
		<Other/>
	</Characters>
	<Analysis>
		<Type>Maximum Parsimony</Type>
	</Analysis>
	<Notes>Based on reanalysis of the original matrix.</Notes>
	<Filename>Xu_etal_2007ab</Filename>
	<Parent>Osmolska_etal_2004a</Parent>
	<Sibling/>
</SourceTree>
