<?xml version="1.0" standalone="yes"?>
<SourceTree>
	<Source>
		<Author>
			<List>Xu, X.</List>
			<List>Wang, K.-B.</List>
			<List>Zhao, X.-J.</List>
			<List>Sullivan, C.</List>
			<List>Chen, S.-Q.</List>
		</Author>
		<Year>2010</Year>
		<Title>A new leptoceratopsid (Ornithischia: Ceratopsia) from the Upper Cretaceous of Shandong, China and its implications for neoceratopsian evolution</Title>
		<Journal>PLoS One</Journal>
		<Volume>5</Volume>
		<Pages>1-14</Pages>
		<Booktitle/>
		<Publisher/>
		<City/>
		<Editor/>
	</Source>
	<Taxa number="18">
		<List recon_name="Goyocephale_lattimorei,Gravitholus_albertae,Homalocephale_calathocercos,Micropachycephalosaurus_hongtuyanensis,Ornatotholus_browni,Pachycephalosaurus_wyomingensis,Prenocephale_prenes,Sphaerotholus_buchholtzae,Sphaerotholus_goodwini,Stegoceras_edmontonense,Stegoceras_validum,Stenopelix_valdensis,Stygimoloch_spinifer,Tylocephale_gilmorei,Wannanosaurus_yansiensis,Yaverlandia_bitholus" recon_no="52838;56566;52836;54840;56568;52835;52833;67683;67682;56571;56570;65431;56577;66451;52840;56581">Pachycephalosauria</List>
		<List recon_name="Chaoyangsaurus_youngi" recon_no="55580">Chaoyangsaurus</List>
		<List recon_name="Psittacosaurus_guyangensis,Psittacosaurus_mazongshanensis,Psittacosaurus_meileyingensis,Psittacosaurus_mongoliensis,Psittacosaurus_neimongoliensis,Psittacosaurus_ordosensis,Psittacosaurus_osborni,Psittacosaurus_sinensis,Psittacosaurus_xinjiangensis,Psittacosaurus_youngi" recon_no="65683;58884;65708;52831;64142;64143;65706;65705;65707;65946">Psittacosauridae</List>
		<List recon_name="Liaoceratops_yanzigouensis" recon_no="55582">Liaoceratops</List>
		<List recon_name="Archaeoceratops_oshimai" recon_no="55576">Archaeoceratops</List>
		<List recon_name="Yamaceratops_dorngobiensis" recon_no="85968">IGM_100_slash_1315</List>
		<List recon_name="Graciliceratops_mongoliensis" recon_no="67674">Graciliceratops</List>
		<List recon_name="Bagaceratops_rozhdestvenskyi" recon_no="52826">Bagaceratops</List>
		<List recon_name="Protoceratops_andrewsi" recon_no="52824">Protoceratops</List>
		<List recon_name="Zuniceratops_christopheri" recon_no="66591">Zuniceratops</List>
		<List recon_name="Centrosaurus_apertus" recon_no="63911">Centrosaurus</List>
		<List recon_name="Triceratops_horridus" recon_no="63759">Triceratops</List>
		<List recon_name="Cerasinops_hodgskissi" recon_no="110947">Cerasinops</List>
		<List recon_name="Udanoceratops_tschizhovi" recon_no="66585">Udanoceratops</List>
		<List recon_name="Leptoceratops_gracilis" recon_no="52827">Leptoceratops</List>
		<List recon_name="Zhuchengceratops_inexpectus" recon_no="172380">Zhuchengceratops_inexpectus</List>
		<List recon_name="Montanoceratops_cerorhynchus" recon_no="52830">Montanoceratops</List>
		<List recon_name="Prenoceratops_pieganensis" recon_no="96089">Prenoceratops</List>
	</Taxa>
	<Characters>
		<Molecular/>
		<Morphological number="122">
			<Type>Osteology</Type>
		</Morphological>
		<Behavioural/>
		<Other/>
	</Characters>
	<Analysis>
		<Type>Maximum Parsimony</Type>
	</Analysis>
	<Notes>Based on reanalysis of the original matrix.</Notes>
	<Filename>Xu_etal_2010bb</Filename>
	<Parent>Chinnery_et_Horner_2007a</Parent>
	<Sibling/>
</SourceTree>
