<?xml version="1.0" standalone="yes"?>
<SourceTree>
	<Source>
		<Author>
			<List>Xu, X.</List>
			<List>Forster, C. A.</List>
			<List>Clark, J. M.</List>
			<List>Mo, J.-Y.</List>
		</Author>
		<Year>2006</Year>
		<Title>A basal ceratopsian with transitional features from the Late Jurassic of northwestern China</Title>
		<Journal>Proceedings of the Royal Society of London B</Journal>
		<Volume>273</Volume>
		<Pages>2135-2140</Pages>
		<Booktitle/>
		<Publisher/>
		<City/>
		<Editor/>
	</Source>
	<Taxa number="14">
		<List recon_name="Lesothosaurus_diagnosticus" recon_no="57574">Lesothosaurus_diagnosticus</List>
		<List recon_name="Emausaurus_ernsti,Scelidosaurus_harrisonii,Scutellosaurus_lawleri" recon_no="64406;53042;67088">Thyreophora</List>
		<List recon_name="Hypsilophodon_foxii" recon_no="54190">Hypsilophodon_foxii</List>
		<List recon_name="Jeholosaurus_shangyuanensis" recon_no="68237">Jeholosaurus_lujiatunensis</List>
		<List recon_name="Heterodontosaurus_tucki" recon_no="52902">Heterodontosauridae</List>
		<List recon_name="Altirhinus_kurzanovi,Camptosaurus_amplus,Camptosaurus_dispar,Camptosaurus_hoggi,Camptosaurus_prestwichii,Craspedodon_lonzeensis,Draconyx_loureiroi,Dryosaurus_altus,Dryosaurus_lettowvorbecki,Eolambia_caroljonesa,Equijubus_normani,Fukuisaurus_tetoriensis,Iguanodon_anglicus,Iguanodon_atherfieldensis,Iguanodon_bernissartensis,Iguanodon_dawsoni,Iguanodon_fittoni,Iguanodon_lakotaensis,Jinzhousaurus_yangi,Lurdusaurus_arenatus,Muttaburrasaurus_langdoni,Nanyangosaurus_zhugeii,Ouranosaurus_nigeriensis,Planicoxa_venenica,Probactrosaurus_alashanicus,Probactrosaurus_gobiensis,Protohadros_byrdi,Rhabdodon_priscus,Rhabdodon_septimanicus,Shuangmiaosaurus_gilmorei,Tenontosaurus_dossi,Tenontosaurus_tilletti,Valdosaurus_canaliculatus,Valdosaurus_nigeriensis,Zalmoxes_robustus,Zalmoxes_shqiperorum" recon_no="58903;65781;52880;92686;64519;66257;65336;54253;56515;66500;58927;68189;66729;64255;58905;66721;64508;65389;90097;64411;64271;68243;52877;66518;58906;52878;64527;66745;67672;84662;67272;52887;52886;64647;66743;66744">Iguanodontia</List>
		<List recon_name="Goyocephale_lattimorei,Gravitholus_albertae,Homalocephale_calathocercos,Micropachycephalosaurus_hongtuyanensis,Ornatotholus_browni,Pachycephalosaurus_wyomingensis,Prenocephale_prenes,Sphaerotholus_buchholtzae,Sphaerotholus_goodwini,Stegoceras_edmontonense,Stegoceras_validum,Stenopelix_valdensis,Stygimoloch_spinifer,Tylocephale_gilmorei,Wannanosaurus_yansiensis,Yaverlandia_bitholus" recon_no="52838;56566;52836;54840;56568;52835;52833;67683;67682;56571;56570;65431;56577;66451;52840;56581">Pachycephalosauria</List>
		<List recon_name="Chaoyangsaurus_youngi" recon_no="55580">Chaoyangsaurus_youngi</List>
		<List recon_name="Yinlong_downsi" recon_no="90118">Yinlong_downsi</List>
		<List recon_name="Psittacosaurus_mongoliensis" recon_no="52831">Psittacosaurus_mongoliensis</List>
		<List recon_name="Liaoceratops_yanzigouensis" recon_no="55582">Liaoceratops_yanzigouensis</List>
		<List recon_name="Archaeoceratops_oshimai" recon_no="55576">Archaeoceratops_oshimai</List>
		<List recon_name="Achelousaurus_horneri,Anchiceratops_ornatus,Arrhinoceratops_brachyops,Avaceratops_lammersi,Brachyceratops_montanensis,Centrosaurus_apertus,Chasmosaurus_belli,Chasmosaurus_irvinensis,Chasmosaurus_mariscalensis,Chasmosaurus_russelli,Diceratops_hatcheri,Einiosaurus_procurvicornis,Monoclonius_crassus,Pachyrhinosaurus_canadensis,Pentaceratops_sternbergii,Styracosaurus_albertensis,Torosaurus_latus,Triceratops_horridus" recon_no="53955;63447;63401;55539;63895;63911;66019;64731;52772;66020;63890;53954;54486;66023;55033;56144;63773;63759">Ceratopsidae</List>
		<List recon_name="Agilisaurus_louderbacki" recon_no="57223">Agilisaurus</List>
	</Taxa>
	<Characters>
		<Molecular/>
		<Morphological number="106">
			<Type>Osteology</Type>
		</Morphological>
		<Behavioural/>
		<Other/>
	</Characters>
	<Analysis>
		<Type>Maximum Parsimony</Type>
	</Analysis>
	<Notes>Based on reanalysis of the original matrix.</Notes>
	<Filename>Xu_etal_2006b</Filename>
	<Parent/>
	<Sibling/>
</SourceTree>
