<?xml version="1.0" standalone="yes"?>
<SourceTree>
	<Source>
		<Author>
			<List>Xu, X.</List>
			<List>Zhao, X.-J.</List>
			<List>Lu, J.-C.</List>
			<List>Huang, W.-B.</List>
			<List>Li, Z.-Y.</List>
			<List>Dong, Z.-M.</List>
		</Author>
		<Year>2000</Year>
		<Title>A new iguanodontian from Sangping Formation of Neixiang, Henan and its stratigraphical implication</Title>
		<Journal>Vertebrata Palasiatica</Journal>
		<Volume>38</Volume>
		<Pages>176-191</Pages>
		<Booktitle/>
		<Publisher/>
		<City/>
		<Editor/>
	</Source>
	<Taxa number="7">
		<List recon_name="Hypsilophodon_foxii" recon_no="54190">Hypsilophodon</List>
		<List recon_name="Camptosaurus_dispar" recon_no="52880">Camptosaurus</List>
		<List recon_name="Iguanodon_bernissartensis" recon_no="58905">Iguanodon</List>
		<List recon_name="Ouranosaurus_nigeriensis" recon_no="52877">Ouranosaurus</List>
		<List recon_name="Probactrosaurus_gobiensis" recon_no="52878">Probactrosaurus</List>
		<List recon_name="Nanyangosaurus_zhugeii" recon_no="68243">Nanyangosaurus</List>
		<List recon_name="Hadrosauroidea" recon_no="52811">Hadrosauroidea</List>
	</Taxa>
	<Characters>
		<Molecular/>
		<Morphological number="45">
			<Type>Osteology</Type>
		</Morphological>
		<Behavioural/>
		<Other/>
	</Characters>
	<Analysis>
		<Type>Maximum Parsimony</Type>
	</Analysis>
	<Notes>Based on reanalysis of the original matrix.</Notes>
	<Filename>Xu_etal_2000b</Filename>
	<Parent/>
	<Sibling/>
</SourceTree>
