<?xml version="1.0" standalone="yes"?>
<SourceTree>
	<Source>
		<Author>
			<List>Xu, X.</List>
			<List>Wang, X.-L.</List>
			<List>You, H.-L.</List>
		</Author>
		<Year>2001</Year>
		<Title>A juvenile ankylosaur from China</Title>
		<Journal>Naturwissenschaften</Journal>
		<Volume>88</Volume>
		<Pages>297-300</Pages>
		<Booktitle/>
		<Publisher/>
		<City/>
		<Editor/>
	</Source>
	<Taxa number="14">
		<List recon_name="Scutellosaurus_lawleri" recon_no="67088">Scutellosaurus</List>
		<List recon_name="Emausaurus_ernsti" recon_no="64406">Emausaurus</List>
		<List recon_name="Scelidosaurus_harrisonii" recon_no="53042">Scelidosaurus</List>
		<List recon_name="Chialingosaurus_kuani,Chungkingosaurus_jiangbeiensis,Dacentrurus_armatus,Huayangosaurus_taibaii,Kentrosaurus_aethiopicus,Lexovisaurus_durobrivensis,Stegosaurus_armatus,Stegosaurus_stenops,Stegosaurus_longispinus,Tuojiangosaurus_multispinus,Wuerhosaurus_homheni" recon_no="56486;56487;56505;54858;56490;56501;52941;56491;56492;54854;56493">Stegosauria</List>
		<List recon_name="Hylaeosaurus_armatus" recon_no="52782">Hylaeosaurus</List>
		<List recon_name="Pawpawsaurus_campbelli" recon_no="55999">Pawpawsaurus</List>
		<List recon_name="Acanthopholis_horridus,Denversaurus_schlessmani,Dracopelta_zbyszewskii,Edmontonia_longiceps,Edmontonia_rugosidens,Hoplitosaurus_marshi,Minmi_paravertebrata,Mymoorapelta_maysi,Nodosaurus_textilis,Panoplosaurus_mirus,Sarcolestes_leedsi,Sauropelta_edwardsi,Silvisaurus_condrayi,Struthiosaurus_transylvanicus,Texasetes_pleurohalio" recon_no="53045;68191;64525;63920;66027;57577;64270;57683;52780;52788;64524;52789;52791;64748;66852">Otherodosaurines</List>
		<List recon_name="Gargoyleosaurus_parkpinorum" recon_no="82609">Gargoyleosaurus</List>
		<List recon_name="Shamosaurus_scutatus" recon_no="52795">Shamosaurus</List>
		<List recon_name="Minmi_paravertebrata" recon_no="64270">Minmi</List>
		<List recon_name="Gastonia_burgei" recon_no="63701">Gastonia</List>
		<List recon_name="Pinacosaurus_grangeri" recon_no="52911">Pinacosaurus</List>
		<List recon_name="Amtosaurus_magnus,Ankylosaurus_magniventris,Euoplocephalus_tutus,Maleevus_disparoserratus,Saichania_chulsanensis,Talarurus_plicatospineus,Tarchia_gigantea,Tianzhenosaurus_youngi,Tsagantegia_longicranialis" recon_no="57226;52793;63917;82619;52910;52797;52905;66504;68199">OtherANKY</List>
		<List recon_name="Liaoningosaurus_paradoxus" recon_no="68245">Liaoningosaurus</List>
	</Taxa>
	<Characters>
		<Molecular/>
		<Morphological number="95">
			<Type>Osteology</Type>
		</Morphological>
		<Behavioural/>
		<Other/>
	</Characters>
	<Analysis>
		<Type>Maximum Parsimony</Type>
	</Analysis>
	<Notes>Based on reanalysis of the original matrix.</Notes>
	<Filename>Xu_etal_2001a</Filename>
	<Parent>Sereno_1999ab</Parent>
	<Sibling/>
</SourceTree>
