<?xml version="1.0" standalone="yes"?>
<SourceTree>
	<Source>
		<Author>
			<List>Yates, A. M.</List>
		</Author>
		<Year>2005</Year>
		<Title>A new theropod dinosaur from the Early Jurassic of South Africa and its implications for the early evolution of theropods</Title>
		<Journal>Palaeontologia Africana</Journal>
		<Volume>41</Volume>
		<Pages>105-122</Pages>
		<Booktitle/>
		<Publisher/>
		<City/>
		<Editor/>
	</Source>
	<Taxa number="39">
		<List recon_name="Euparkeria_capensis" recon_no="99170">Euparkeria</List>
		<List recon_name="Marasuchus_lilloensis" recon_no="66342">Marasuchus</List>
		<List recon_name="Heterodontosaurus_tucki,Hypsilophodon_foxii,Lesothosaurus_diagnosticus,Scelidosaurus_harrisonii,Scutellosaurus_lawleri" recon_no="52902;54190;57574;53042;67088">Ornithischia</List>
		<List recon_name="Eoraptor_lunensis" recon_no="57454">Eoraptor</List>
		<List recon_name="Saturnalia_tupiniquim,Plateosaurus_engelhardti,Thecodontosaurus_antiquus,Sellosaurus_gracilis,Massospondylus_carinatus" recon_no="68124;56683;56627;54996;56595">Sauropodomorpha</List>
		<List recon_name="Dilophosaurus_wetherilli" recon_no="57251">Dilophosaurus</List>
		<List recon_name="Zupaysaurus_rougieri" recon_no="54097">Zupaysaurus</List>
		<List recon_name="Dracovenator_regenti" recon_no="108769">Dracovenator</List>
		<List recon_name="Coelophysis_bauri" recon_no="55477">Coelophysis_bauri</List>
		<List recon_name="Gojirasaurus_quayi" recon_no="65490">Gojirasaurus</List>
		<List recon_name="Segisaurus_halli" recon_no="55543">Segisaurus</List>
		<List recon_name="Coelophysis_rhodesiensis" recon_no="67921">Coelophysis_rhodesiensis</List>
		<List recon_name="Syntarsus_kayentakatae" recon_no="55540">S_kayentakatae</List>
		<List recon_name="Lophostropheus_airelensis" recon_no="96666">L_airelensis</List>
		<List recon_name="Liliensternus_liliensterni" recon_no="56379">L_liliensterni</List>
		<List recon_name="Magnosaurus_nethercombensis" recon_no="68134">Magnosaurus</List>
		<List recon_name="Monolophosaurus_jiangi" recon_no="64122">Monolophosaurus</List>
		<List recon_name="Piatnitzkysaurus_floresi" recon_no="54827">Piatnitzkysaurus</List>
		<List recon_name="Proceratosaurus_bradleyi" recon_no="66979">Proceratosaurus</List>
		<List recon_name="Szechuanosaurus_zigongensis" recon_no="143665">S_zigongensis</List>
		<List recon_name="Allosaurus_fragilis" recon_no="52962">Allosaurus</List>
		<List recon_name="Ceratosaurus_nasicornis" recon_no="54165">Ceratosaurus</List>
		<List recon_name="Elaphrosaurus_bambergi" recon_no="55481">Elaphrosaurus</List>
		<List recon_name="Sinraptor_dongi,Sinraptor_hepingensis,Yangchuanosaurus_magnus,Yangchuanosaurus_shangyouensis" recon_no="54821;54824;54825;54826">Sinraptoridae</List>
		<List recon_name="Afrovenator_abakensis" recon_no="56399">Afrovenator</List>
		<List recon_name="Neovenator_salerii" recon_no="64120">Neovenator</List>
		<List recon_name="Deltadromeus_agilis" recon_no="65367">Deltadromeus</List>
		<List recon_name="Abelisaurus_comahuensis,Carnotaurus_sastrei,Genusaurus_sisteronis,Ilokelesia_aguadagrandensis,Indosuchus_raptorius,Majungatholus_atopus,Masiakasaurus_knopfleri,Noasaurus_leali,Xenotarsosaurus_bonapartei" recon_no="53945;54526;56392;54532;53958;56395;56389;54534;56394">Abelisauridae</List>
		<List recon_name="Acrocanthosaurus_atokensis" recon_no="55482">Acrocanthosaurus</List>
		<List recon_name="Acrocanthosaurus_atokensis,Carcharodontosaurus_saharicus,Giganotosaurus_carolinii" recon_no="55482;65365;54541">Carcharodontosauridae</List>
		<List recon_name="Alxasaurus_elesitaiensis,Beipiaosaurus_inexpectus,Enigmosaurus_mongoliensis,Erlikosaurus_andrewsi,Nanshiungosaurus_bohlini,Nanshiungosaurus_brevispinus,Nothronychus_mckinleyi,Segnosaurus_galbinensis,Therizinosaurus_cheloniformis,Caudipteryx_zoui,Microvenator_celer,Avimimus_portentosus,Caenagnathasia_martinsoni,Chirostenotes_elegans,Chirostenotes_pergracilis,Elmisaurus_rarus,Citipati_osmolskae,Conchoraptor_gracilis,Ingenia_yanshini,Khaan_mckennai,Nomingia_gobiensis,Oviraptor_mongoliensis,Oviraptor_philoceratops,Unenlagia_comahuensis,Archaeopteryx_lithographica,Confuciusornis_sanctus,Hesperornis_regalis,Ichthyornis_dispar,Rahonavis_ostromi,Adasaurus_mongoliensis,Bambiraptor_feinbergi,Deinonychus_antirrhopus,Dromaeosaurus_albertensis,Hulsanpes_perlei,Megaraptor_namunhaiquii,Microraptor_zhaoianus,Saurornitholestes_langstoni,Sinornithosaurus_millenii,Utahraptor_ostrommaysi,Velociraptor_mongoliensis,Borogovia_gracilicrus,Byronosaurus_jaffei,Saurornithoides_junior,Saurornithoides_mongoliensis,Sinornithoides_youngi,Tochisaurus_nemegtensis,Troodon_formosus,Deinocheirus_mirificus,Garudimimus_brevipes,Harpymimus_okladnikovi,Pelecanimimus_polyodon,Anserimimus_planinychus,Archaeornithomimus_asiaticus,Dromiceiomimus_brevitertius,Dromiceiomimus_samueli,Gallimimus_bullatus,Ornithomimus_edmontonicus,Ornithomimus_velox,Struthiomimus_altus" recon_no="64126;68241;68385;66667;58885;54832;66508;66664;66673;66066;65860;55489;54543;68395;54561;54560;57024;67259;57022;57026;67257;57021;55488;65422;55487;67261;96488;54877;64133;57261;82048;54555;54550;67680;99173;68239;54556;68205;66450;54554;64791;57020;57262;54470;64145;66620;54818;57246;57267;66670;64118;66672;57276;66907;57272;57265;63438;57269;57266">other_coelurosaurs</List>
		<List recon_name="Poekilopleuron_valesdunensis" recon_no="68129">P_valesdunensis</List>
		<List recon_name="Masiakasaurus_knopfleri" recon_no="56389">Masiakosaurus</List>
		<List recon_name="Tugulusaurus_faciles" recon_no="65209">Tugulusaurus</List>
		<List recon_name="Torvosaurus_tanneri" recon_no="53375">Torvosaurus</List>
		<List recon_name="Chilantaisaurus_tashuikouensis" recon_no="54836">Chilantaisaurus</List>
		<List recon_name="Angaturama_limai,Baryonyx_walkeri,Irritator_challengeri,Spinosaurus_aegyptiacus,Suchomimus_tenerensis" recon_no="64276;53370;64273;53372;53368">Spinosauridae</List>
		<List recon_name="Herrerasaurus_ischigualastensis" recon_no="55000">Herrerasaurus</List>
		<List recon_name="Staurikosaurus_pricei" recon_no="55001">Staurikosaurus</List>
	</Taxa>
	<Characters>
		<Molecular/>
		<Morphological number="252">
			<Type>Osteology</Type>
		</Morphological>
		<Behavioural/>
		<Other/>
	</Characters>
	<Analysis>
		<Type>Maximum Parsimony</Type>
	</Analysis>
	<Notes>Based on reanalysis of the original matrix.</Notes>
	<Filename>Yates_2005a</Filename>
	<Parent>Rauhut_2003a</Parent>
	<Sibling/>
</SourceTree>
