<?xml version="1.0" standalone="yes"?>
<SourceTree>
	<Source>
		<Author>
			<List>You, H.-L.</List>
			<List>Lamanna, M. C.</List>
			<List>Harris, J. D.</List>
			<List>Chiappe, L. M.</List>
			<List>O'Connor, J.-M.</List>
			<List>Ji, S.-A.</List>
			<List>Lu, J.-C.</List>
			<List>Yuan, C.-X.</List>
			<List>Li, D.-Q.</List>
			<List>Zhang, X.</List>
			<List>Lacovara, K. J.</List>
			<List>Dodson, P.</List>
			<List>Ji, Q.</List>
		</Author>
		<Year>2006</Year>
		<Title>A nearly modern amphibious bird from the Early Cretaceous of northwestern China</Title>
		<Journal>Science</Journal>
		<Volume>312</Volume>
		<Pages>1640-1643</Pages>
		<Booktitle/>
		<Publisher/>
		<City/>
		<Editor/>
	</Source>
	<Taxa number="28">
		<List recon_name="Deinonychus_antirrhopus" recon_no="54555">Dromeosauridae</List>
		<List recon_name="Archaeopteryx_lithographica" recon_no="55487">Archaeopteryx_lithographica</List>
		<List recon_name="Jeholornis_prima" recon_no="119247">Jeholornis_prima</List>
		<List recon_name="Sapeornis_chaoyangensis" recon_no="119249">Sapeornis_chaoyangensis</List>
		<List recon_name="Liaoningornis_longidigitris" recon_no="137402">Liaoningornis_longidigitus</List>
		<List recon_name="Archaeorhynchus_spathula" recon_no="137384">Archaeorhychus_spathula</List>
		<List recon_name="Yanornis_martini" recon_no="119337">Yanornis_chaoyangensis</List>
		<List recon_name="Yixianornis_grabaui" recon_no="119340">Yixianornis_grabaui</List>
		<List recon_name="Gansus_yumenensis" recon_no="82617">Gansus</List>
		<List recon_name="Ichthyornis_dispar" recon_no="54877">Ichthyornis</List>
		<List recon_name="Apsaravis_ukhaana" recon_no="58898">Apsaravis_ukhaana</List>
		<List recon_name="Anas_platyrhynchos" recon_no="83434">Anas_platyrhynchos</List>
		<List recon_name="Chauna_torquata" recon_no="321676">Chauna_torquata</List>
		<List recon_name="Gallus_gallus" recon_no="368033">Gallus_gallus</List>
		<List recon_name="Crax_pauxi" recon_no="367994">Crax_pauxi</List>
		<List recon_name="Crypturellus_undulatus" recon_no="368319">Crypturellus_undulatus</List>
		<List recon_name="Lithornis_celetius,Lithornis_plebius,Lithornis_promiscuus" recon_no="246695;246697;246696">Lithornis</List>
		<List recon_name="Hesperornis_regalis" recon_no="96488">Hesperornis_regalis</List>
		<List recon_name="Baptornis_advenus" recon_no="52957">Baptornis_adventus</List>
		<List recon_name="Patagopteryx_deferrariisi" recon_no="68529">Patagopteryx_deferrariisi</List>
		<List recon_name="Ambiortus_dementjevi" recon_no="137395">Ambiortus</List>
		<List recon_name="Hongshanornis_longicresta" recon_no="119299">Hongshanornis_longicresta</List>
		<List recon_name="Confuciusornis_sanctus" recon_no="67261">Confuciusornis_sanctus</List>
		<List recon_name="Cathayornis_yandica" recon_no="137353">Cathayornis_yandica</List>
		<List recon_name="Concornis_lacustris" recon_no="100984">Concornis_lacustris</List>
		<List recon_name="Neuquenornis_volans" recon_no="100989">Neuquenornis_volans</List>
		<List recon_name="Gobipteryx_minuta" recon_no="57334">Gobipteryx_minuta</List>
		<List recon_name="Vorona_berivotrensis" recon_no="64129">Vorona_berivotrensis</List>
	</Taxa>
	<Characters>
		<Molecular/>
		<Morphological number="202">
			<Type>Osteology</Type>
		</Morphological>
		<Behavioural/>
		<Other/>
	</Characters>
	<Analysis>
		<Type>Maximum Parsimony</Type>
	</Analysis>
	<Notes>Based on reanalysis of the original matrix.</Notes>
	<Filename>You_etal_2006b</Filename>
	<Parent>Zhou_et_Zhang_2005a</Parent>
	<Sibling/>
</SourceTree>
