<?xml version="1.0" standalone="yes"?>
<SourceTree>
	<Source>
		<Author>
			<List>You, H.-L.</List>
			<List>Luo, Z.-X.</List>
			<List>Shubin, N. H.</List>
			<List>Witmer, L. M.</List>
			<List>Tang, Z.-L.</List>
			<List>Tang, F.</List>
		</Author>
		<Year>2003</Year>
		<Title>The earliest-known duck-billed dinosaur from deposits of late Early Cretaceous age in northwest China and hadrosaur evolution</Title>
		<Journal>Cretaceous Research</Journal>
		<Volume>24</Volume>
		<Pages>347-355</Pages>
		<Booktitle/>
		<Publisher/>
		<City/>
		<Editor/>
	</Source>
	<Taxa number="15">
		<List recon_name="Hypsilophodon_foxii" recon_no="54190">Hypsilophodon</List>
		<List recon_name="Dryosaurus_altus" recon_no="54253">Dryosaurus</List>
		<List recon_name="Camptosaurus_dispar" recon_no="52880">Camptosaurus</List>
		<List recon_name="Nanyangosaurus_zhugeii" recon_no="68243">Nanyangosaurus</List>
		<List recon_name="Jinzhousaurus_yangi" recon_no="90097">Jinzhousaurus</List>
		<List recon_name="Iguanodon_bernissartensis" recon_no="58905">Iguanoden</List>
		<List recon_name="Altirhinus_kurzanovi" recon_no="58903">Altirhinus</List>
		<List recon_name="Ouranosaurus_nigeriensis" recon_no="52877">Ouranosaurus</List>
		<List recon_name="Equijubus_normani" recon_no="58927">Equijubus</List>
		<List recon_name="Probactrosaurus_gobiensis" recon_no="52878">Probactrosaurus</List>
		<List recon_name="Bactrosaurus_johnsoni" recon_no="57344">Bactrosaurus</List>
		<List recon_name="Protohadros_byrdi" recon_no="64527">Protohadros</List>
		<List recon_name="Telmatosaurus_transsylvanicus" recon_no="68154">Telmatosaurus</List>
		<List recon_name="Saurolophus_angustirostris,Saurolophus_osborni,Edmontosaurus_annectens,Edmontosaurus_regalis,Edmontosaurus_saskatchewanensis,Brachylophosaurus_canadensis" recon_no="64295;53386;64305;63254;64304;65213">Hadrosaurinae</List>
		<List recon_name="Parasaurolophus_cyrtocristatus,Parasaurolophus_tubicen,Parasaurolophus_walkeri,Corythosaurus_casuarius" recon_no="66260;64355;63256;56403">Lambeosaurinae</List>
	</Taxa>
	<Characters>
		<Molecular/>
		<Morphological number="66">
			<Type>Osteology</Type>
		</Morphological>
		<Behavioural/>
		<Other/>
	</Characters>
	<Analysis>
		<Type>Maximum Parsimony</Type>
	</Analysis>
	<Notes>Based on reanalysis of the original matrix.</Notes>
	<Filename>You_etal_2003a</Filename>
	<Parent/>
	<Sibling/>
</SourceTree>
