<?xml version="1.0" standalone="yes"?>
<SourceTree>
	<Source>
		<Author>
			<List>You, H.-L.</List>
			<List>Dodson, P.</List>
		</Author>
		<Year>2003</Year>
		<Title>Redescription of neoceratopsian dinosaur <em>Archaeoceratops</em> and early evolution of Neoceratopsia</Title>
		<Journal>Acta Palaeontologica Polonica</Journal>
		<Volume>48</Volume>
		<Pages>261-272</Pages>
		<Booktitle/>
		<Publisher/>
		<City/>
		<Editor/>
	</Source>
	<Taxa number="12">
		<List recon_name="Hypsilophodon_foxii" recon_no="54190">Hypsilophodon</List>
		<List recon_name="Stegoceras_validum" recon_no="56570">Stegoceras</List>
		<List recon_name="Psittacosaurus_meileyingensis,Psittacosaurus_mongoliensis,Psittacosaurus_neimongoliensis,Psittacosaurus_ordosensis,Psittacosaurus_sinensis,Psittacosaurus_xinjiangensis" recon_no="65708;52831;64142;64143;65705;65707">Psittacosaurus</List>
		<List recon_name="Chaoyangsaurus_youngi" recon_no="55580">Chaoyangsaurus</List>
		<List recon_name="Liaoceratops_yanzigouensis" recon_no="55582">Liaoceratops</List>
		<List recon_name="Archaeoceratops_oshimai" recon_no="55576">Archaeoceratops</List>
		<List recon_name="Bagaceratops_rozhdestvenskyi" recon_no="52826">Bagaceratops</List>
		<List recon_name="Protoceratops_andrewsi" recon_no="52824">Protoceratops</List>
		<List recon_name="Leptoceratops_gracilis" recon_no="52827">Leptoceratops</List>
		<List recon_name="Montanoceratops_cerorhynchus" recon_no="52830">Montanoceratops</List>
		<List recon_name="Centrosaurus_apertus" recon_no="63911">Centrosaurus</List>
		<List recon_name="Triceratops_horridus" recon_no="63759">Triceratops</List>
	</Taxa>
	<Characters>
		<Molecular/>
		<Morphological number="148">
			<Type>Osteology</Type>
		</Morphological>
		<Behavioural/>
		<Other/>
	</Characters>
	<Analysis>
		<Type>Maximum Parsimony</Type>
	</Analysis>
	<Notes>Based on reanalysis of the original matrix.</Notes>
	<Filename>You_et_Dodson_2003a</Filename>
	<Parent/>
	<Sibling/>
</SourceTree>
