<?xml version="1.0" standalone="yes"?>
<SourceTree>
	<Source>
		<Author>
			<List>Zanno, L. E.</List>
		</Author>
		<Year>2006</Year>
		<Title>The pectoral girdle and forelimb of the primitive therizinosauroid <em>Falcarius utahensis</em> (Theropoda, Maniraptora): analyzing evolutionary trends within Therizinosauroidea</Title>
		<Journal>Journal of Vertebrate Paleontology</Journal>
		<Volume>26</Volume>
		<Pages>636-650</Pages>
		<Booktitle/>
		<Publisher/>
		<City/>
		<Editor/>
	</Source>
	<Taxa number="13">
		<List recon_name="Ornitholestes_hermanni" recon_no="55484">Ornitholestes</List>
		<List recon_name="Deinonychus_antirrhopus" recon_no="54555">Deinonychus</List>
		<List recon_name="Oviraptor_philoceratops" recon_no="55488">Oviraptor</List>
		<List recon_name="Falcarius_utahensis" recon_no="65780">Falcarius</List>
		<List recon_name="Beipiaosaurus_inexpectus" recon_no="68241">Beipiaosaurus</List>
		<List recon_name="Alxasaurus_elesitaiensis" recon_no="64126">Alxasaurus</List>
		<List recon_name="Erliansaurus_bellamanus" recon_no="68374">Erlianosaurus</List>
		<List recon_name="Neimongosaurus_yangi" recon_no="68372">Neimongosaurus</List>
		<List recon_name="Nothronychus_mckinleyi" recon_no="66508">Nothronychus</List>
		<List recon_name="Erlikosaurus_andrewsi" recon_no="66667">Erlicosaurus</List>
		<List recon_name="Therizinosaurus_cheloniformis" recon_no="66673">Therizinosaurus</List>
		<List recon_name="Segnosaurus_galbinensis" recon_no="66664">Segnosaurus</List>
		<List recon_name="Alectrosaurus_olseni" recon_no="57253">Alectrosaurus</List>
	</Taxa>
	<Characters>
		<Molecular/>
		<Morphological number="32">
			<Type>Osteology</Type>
		</Morphological>
		<Behavioural/>
		<Other/>
	</Characters>
	<Analysis>
		<Type>Maximum Parsimony</Type>
	</Analysis>
	<Notes>Based on reanalysis of the original matrix.</Notes>
	<Filename>Zanno_2006a</Filename>
	<Parent/>
	<Sibling/>
</SourceTree>
