<?xml version="1.0" standalone="yes"?>
<SourceTree>
	<Source>
		<Author>
			<List>Zanno, L. E.</List>
			<List>Varricchio, D. J.</List>
			<List>O'Connor, P. M.</List>
			<List>Titus, A. L.</List>
			<List>Knell, M. J.</List>
		</Author>
		<Year>2011</Year>
		<Title>A new troodontid theropod, <em>Talos sampsoni</em> gen. et sp. nov., from the Upper Cretaceous Western Interior Basin of North America</Title>
		<Journal>PLoS One</Journal>
		<Volume>6</Volume>
		<Pages>1-20</Pages>
		<Booktitle/>
		<Publisher/>
		<City/>
		<Editor/>
	</Source>
	<Taxa number="11">
		<List recon_name="Velociraptor_mongoliensis" recon_no="54554">Dromaeosauridae</List>
		<List recon_name="Archaeopteryx_lithographica" recon_no="55487">Avialae</List>
		<List recon_name="Mei_long" recon_no="68250">Mei_long</List>
		<List recon_name="Sinovenator_changii" recon_no="64889">Sinovenator_changi</List>
		<List recon_name="Troodontidae_indet_IGM_100_44" recon_no="54468">IGM_100_44</List>
		<List recon_name="Sinornithoides_youngi" recon_no="64145">Sinornithoides_youngi</List>
		<List recon_name="Byronosaurus_jaffei" recon_no="57020">Byronosaurus_jaffei</List>
		<List recon_name="Zanabazar_junior" recon_no="168438">Zanabazar_junior</List>
		<List recon_name="Saurornithoides_mongoliensis" recon_no="54470">Saurornithoides_mongoliensis</List>
		<List recon_name="Troodon_formosus" recon_no="54818">Troodon_formosus</List>
		<List recon_name="Talos_sampsoni" recon_no="243379">Talos_sampsoni</List>
	</Taxa>
	<Characters>
		<Molecular/>
		<Morphological number="44">
			<Type>Osteology</Type>
		</Morphological>
		<Behavioural/>
		<Other/>
	</Characters>
	<Analysis>
		<Type>Maximum Parsimony</Type>
	</Analysis>
	<Notes>Based on reanalysis of the original matrix.</Notes>
	<Filename>Zanno_etal_2011a</Filename>
	<Parent>Norell_etal_2000a</Parent>
	<Sibling/>
</SourceTree>
