<?xml version="1.0" standalone="yes"?>
<SourceTree>
	<Source>
		<Author>
			<List>Zelenitsky, D. K.</List>
			<List>Therrien, F.</List>
		</Author>
		<Year>2008</Year>
		<Title>Phylogenetic analysis of reproductive traits of maniraptoran theropods and its implications for egg parataxonomy</Title>
		<Journal>Palaeontology</Journal>
		<Volume>51</Volume>
		<Pages>807-816</Pages>
		<Booktitle/>
		<Publisher/>
		<City/>
		<Editor/>
	</Source>
	<Taxa number="7">
		<List recon_name="Maiasaura_peeblesorum" recon_no="55574">Maiasaura</List>
		<List recon_name="Titanosauridae_indet_MCF_dash_PVPH_dash_111_to_131_et_147_et_272" recon_no="38680">Titanosauridae</List>
		<List recon_name="Citipati_osmolskae" recon_no="57024">Citipati</List>
		<List recon_name="Troodon_formosus" recon_no="54818">Troodon</List>
		<List recon_name="Protoceratopsidovum_sincerum" recon_no="84313">Protoceratops_idovum</List>
		<List recon_name="Parvoolithus_tortuosus" recon_no="388115">Parvoolithus</List>
		<List recon_name="Numida_meleagris" recon_no="372652">Numida</List>
	</Taxa>
	<Characters>
		<Molecular/>
		<Morphological number="12">
			<Type>Eggs and nesting</Type>
		</Morphological>
		<Behavioural/>
		<Other/>
	</Characters>
	<Analysis>
		<Type>Maximum Parsimony</Type>
	</Analysis>
	<Notes>Based on reanalysis of the original matrix.</Notes>
	<Filename>Zelenitsky_et_Therrien_2008a</Filename>
	<Parent/>
	<Sibling/>
</SourceTree>
