<?xml version="1.0" standalone="yes"?>
<SourceTree>
	<Source>
		<Author>
			<List>Zhao, X.-J.</List>
			<List>Cheng, Z.-W.</List>
			<List>Xu, X.</List>
		</Author>
		<Year>1999</Year>
		<Title>The earliest ceratopsian from the Tuchengzi Formation of Liaoning, China</Title>
		<Journal>Journal of Vertebrate Paleontology</Journal>
		<Volume>19</Volume>
		<Pages>681-691</Pages>
		<Booktitle/>
		<Publisher/>
		<City/>
		<Editor/>
	</Source>
	<Taxa number="7">
		<List recon_name="Abrictosaurus_consors,Lycorhinus_angustidens,Heterodontosaurus_tucki,Agilisaurus_louderbacki,Agilisaurus_multidens,Atlascopcosaurus_loadsi,Drinker_nisti,Fulgurotherium_australe,Gongbusaurus_shiyii,Gongbusaurus_wucaiwanensis,Hypsilophodon_foxii,Leaellynasaura_amicagraphica,Orodromeus_makelai,Othnielia_rex,Parksosaurus_warreni,Thescelosaurus_neglectus,Yandusaurus_hongheensis,Zephyrosaurus_schaffi,Muttaburrasaurus_langdoni,Tenontosaurus_tilletti,Dryosaurus_altus,Dryosaurus_lettowvorbecki,Valdosaurus_canaliculatus,Valdosaurus_nigeriensis,Camptosaurus_amplus,Camptosaurus_dispar,Camptosaurus_prestwichii,Probactrosaurus_gobiensis,Iguanodon_anglicus,Iguanodon_atherfieldensis,Iguanodon_bernissartensis,Iguanodon_dawsoni,Iguanodon_fittoni,Iguanodon_hoggi,Iguanodon_lakotaensis,Ouranosaurus_nigeriensis,Protohadros_byrdi,Anatotitan_copei,Aralosaurus_tuberiferus,Brachylophosaurus_canadensis,Brachylophosaurus_goodwini,Edmontosaurus_annectens,Edmontosaurus_regalis,Edmontosaurus_saskatchewanensis,Gryposaurus_notabilis,Hadrosaurus_foulkii,Hadrosaurus_notabilis,Kritosaurus_australis,Kritosaurus_incurvimanus,Lophorhothon_atopus,Maiasaura_peeblesorum,Prosaurolophus_maximus,Saurolophus_angustirostris,Saurolophus_osborni,Shantungosaurus_giganteus,Bactrosaurus_johnsoni,Barsboldia_sicinskii,Corythosaurus_casuarius,Hypacrosaurus_altispinus,Jaxartosaurus_aralensis,Lambeosaurus_lambei,Lambeosaurus_magnicristatus,Nipponosaurus_sachalinensis,Parasaurolophus_cyrtocristatus,Parasaurolophus_tubicen,Parasaurolophus_walkeri" recon_no="52903;52899;52902;57223;57225;57104;57650;57105;54860;54861;54190;57102;64338;64495;52894;52897;52892;52889;64271;52887;54253;56515;52886;64647;65781;52880;64519;52878;66729;64255;58905;66721;64508;110264;65389;52877;64527;64302;67547;65213;64297;64305;63254;64304;63251;52812;95941;66683;63253;67215;55574;53384;64295;53386;69513;57344;67253;56403;56406;65693;56724;65429;56972;66260;64355;63256">Ornithopod</List>
		<List recon_name="Stenopelix_valdensis,Goyocephale_lattimorei,Homalocephale_calathocercos,Stegoceras_validum,Tylocephale_gilmorei,Prenocephale_prenes,Stygimoloch_spinifer,Pachycephalosaurus_wyomingensis" recon_no="65431;52838;52836;56570;66451;52833;56577;52835">Pachycephalosauria</List>
		<List recon_name="Psittacosaurus_mazongshanensis,Psittacosaurus_meileyingensis,Psittacosaurus_sinensis,Psittacosaurus_youngi" recon_no="58884;65708;65705;65946">Psittacosaurus</List>
		<List recon_name="Chaoyangsaurus_youngi" recon_no="55580">Chaoyangsaurus</List>
		<List recon_name="Archaeoceratops_oshimai" recon_no="55576">Archaeoceratops</List>
		<List recon_name="Leptoceratops_gracilis" recon_no="52827">Leptoceratops</List>
		<List recon_name="Centrosaurus_apertus" recon_no="63911">Ceratopsidae</List>
	</Taxa>
	<Characters>
		<Molecular/>
		<Morphological number="25">
			<Type>Osteology</Type>
		</Morphological>
		<Behavioural/>
		<Other/>
	</Characters>
	<Analysis>
		<Type>Maximum Parsimony</Type>
	</Analysis>
	<Notes>Based on reanalysis of the original matrix.</Notes>
	<Filename>Zhao_etal_1999a</Filename>
	<Parent/>
	<Sibling/>
</SourceTree>
